학교ID,학교명,학교급구분,운영상태,위도,경도
B000001838,서울휘경초등학교,초등학교,운영,37.58573583,127.0582142
B000001839,서울동답초등학교,초등학교,운영,37.57150142,127.0640341
B000001840,서울답십리초등학교,초등학교,운영,37.56880432,127.055427
B000001841,서울신답초등학교,초등학교,운영,37.57270461,127.0429617
B000001842,서울용두초등학교,초등학교,운영,37.57641309,127.0283872
B000001843,서울이문초등학교,초등학교,운영,37.60189649,127.064885
B000001844,서울군자초등학교,초등학교,운영,37.56412232,127.0605233
B000001845,서울장평초등학교,초등학교,운영,37.57399502,127.073891
B000001846,서울안평초등학교,초등학교,운영,37.56596821,127.0720334
B000001847,서울배봉초등학교,초등학교,운영,37.58008416,127.0668719
B000001848,서울전동초등학교,초등학교,운영,37.57908329,127.0608053
B000001849,서울전곡초등학교,초등학교,운영,37.58070429,127.0560124
B000001850,서울전농초등학교,초등학교,운영,37.57473031,127.0543331
B000001851,서울홍파초등학교,초등학교,운영,37.58622252,127.0395199
B000001852,서울종암초등학교,초등학교,운영,37.58230741,127.0318564
B000001853,서울홍릉초등학교,초등학교,운영,37.59068752,127.0477051
B000001854,서울청량초등학교,초등학교,운영,37.5923094,127.0559085
B000001855,서울휘봉초등학교,초등학교,운영,37.58567641,127.0700416
B000001856,경희초등학교,초등학교,운영,37.59394914,127.054891
B000001857,서울삼육초등학교,초등학교,운영,37.5887715,127.0471713
B000001858,은석초등학교,초등학교,운영,37.57855999,127.0757616
B000001859,서울면목초등학교,초등학교,운영,37.5906966,127.0872878
B000001860,서울면남초등학교,초등학교,운영,37.57725972,127.0876664
B000001861,서울동원초등학교,초등학교,운영,37.60457824,127.1044913
B000001862,서울면북초등학교,초등학교,운영,37.59441816,127.1035478
B000001863,서울망우초등학교,초등학교,운영,37.59873698,127.1038418
B000001864,서울면일초등학교,초등학교,운영,37.5920416,127.0997947
B000001866,서울중곡초등학교,초등학교,운영,37.57489173,127.083439
B000001867,서울면동초등학교,초등학교,운영,37.58535152,127.0865922
B000001868,서울중목초등학교,초등학교,운영,37.59008735,127.0793361
B000001869,서울중랑초등학교,초등학교,운영,37.58966282,127.0755035
B000001870,서울원묵초등학교,초등학교,운영,37.61774881,127.0868142
B000001871,서울묵현초등학교,초등학교,운영,37.60908041,127.0736243
B000001872,서울신묵초등학교,초등학교,운영,37.60652285,127.0758358
B000001873,서울상봉초등학교,초등학교,운영,37.59797895,127.0831714
B000001874,서울신현초등학교,초등학교,운영,37.60581459,127.0935852
B000001875,서울신내초등학교,초등학교,운영,37.60493422,127.1001285
B000001876,서울중화초등학교,초등학교,운영,37.60292163,127.094065
B000001877,서울봉화초등학교,초등학교,운영,37.61357623,127.0924085
B000001878,서울묵동초등학교,초등학교,운영,37.60335949,127.0808272
B000001879,서울중흥초등학교,초등학교,운영,37.60167188,127.0841422
B000001880,금성초등학교,초등학교,운영,37.61531513,127.0898585
B000001881,서울은빛초등학교,초등학교,운영,37.64153447,126.921856
B000001882,서울신도초등학교,초등학교,운영,37.63296389,126.9291989
B000001883,서울은진초등학교,초등학교,운영,37.63303012,126.920996
B000001884,서울진관초등학교,초등학교,운영,37.64543483,126.9292124
B000001885,서울북한산초등학교,초등학교,운영,37.65363208,126.9504624
B000001886,서울갈현초등학교,초등학교,운영,37.61977964,126.9166834
B000001887,서울구현초등학교,초등학교,운영,37.60984462,126.9057958
B000001888,서울구산초등학교,초등학교,운영,37.61275096,126.9093765
B000001889,서울은평초등학교,초등학교,운영,37.60230404,126.9340336
B000001890,서울녹번초등학교,초등학교,운영,37.60458339,126.9257463
B000001891,서울수리초등학교,초등학교,운영,37.62030737,126.9341783
B000001892,서울대조초등학교,초등학교,운영,37.61357914,126.9193022
B000001893,서울연신초등학교,초등학교,운영,37.62605996,126.9277513
B000001894,서울불광초등학교,초등학교,운영,37.61342945,126.9307187
B000001895,서울연천초등학교,초등학교,운영,37.62134929,126.9299179
B000001896,서울연광초등학교,초등학교,운영,37.62364876,126.923909
B000001897,서울수색초등학교,초등학교,운영,37.58517215,126.8960121
B000001898,서울신사초등학교,초등학교,운영,37.5928019,126.9119832
B000001899,서울서신초등학교,초등학교,운영,37.59229405,126.9073823
B000001900,서울상신초등학교,초등학교,운영,37.59755372,126.9046049
B000001901,서울역촌초등학교,초등학교,운영,37.60158417,126.913928
B000001902,서울은명초등학교,초등학교,운영,37.59769681,126.9182757
B000001903,서울연은초등학교,초등학교,운영,37.59051222,126.9251778
B000001904,서울응암초등학교,초등학교,운영,37.58875319,126.9216161
B000001905,서울증산초등학교,초등학교,운영,37.58256527,126.9042764
B000001906,서울대은초등학교,초등학교,운영,37.61236712,126.9258698
B000001907,충암초등학교,초등학교,운영,37.58464029,126.9218095
B000001908,선일초등학교,초등학교,운영,37.62030421,126.9119931
B000001909,예일초등학교,초등학교,운영,37.6109459,126.9147928
B000001912,서울미동초등학교,초등학교,운영,37.56335057,126.9658506
B000001913,서울금화초등학교,초등학교,운영,37.56882755,126.9629414
B000001914,서울홍은초등학교,초등학교,운영,37.59754027,126.949458
B000001915,서울홍제초등학교,초등학교,운영,37.59350546,126.9454205
B000001916,서울북성초등학교,초등학교,운영,37.55963212,126.9518349
B000001917,서울연가초등학교,초등학교,운영,37.5795632,126.9173292
B000001918,서울대신초등학교,초등학교,운영,37.55795026,126.9480572
B000001919,서울북가좌초등학교,초등학교,운영,37.57722021,126.9077782
B000001920,서울연희초등학교,초등학교,운영,37.56904593,126.9341423
B000001921,서울창서초등학교,초등학교,운영,37.55814305,126.9334809
B000001922,서울홍연초등학교,초등학교,운영,37.58211871,126.9306604
B000001923,서울안산초등학교,초등학교,운영,37.57916901,126.9522097
B000001924,서울인왕초등학교,초등학교,운영,37.59023007,126.9448045
B000001925,서울고은초등학교,초등학교,운영,37.58500184,126.9439749
B000001926,경기초등학교,초등학교,운영,37.56511029,126.9628606
B000001927,이화여자대학교사범대학부속초등학교,초등학교,운영,37.56115022,126.9427504
B000001928,추계초등학교,초등학교,운영,37.56317672,126.9540593
B000001929,명지초등학교,초등학교,운영,37.58362994,126.9282315
B000001930,서울공덕초등학교,초등학교,운영,37.54580335,126.9548231
B000001931,서울창천초등학교,초등학교,운영,37.55491782,126.9392951
B000001932,서울용강초등학교,초등학교,운영,37.54910215,126.9440443
B000001933,서울마포초등학교,초등학교,운영,37.53860225,126.949816
B000001934,서울동교초등학교,초등학교,운영,37.55862448,126.9024006
B000001935,서울망원초등학교,초등학교,운영,37.56088948,126.9007631
B000001936,서울서강초등학교,초등학교,운영,37.54869715,126.9268512
B000001937,서울하늘초등학교,초등학교,운영,37.5858088,126.8808619
B000001938,서울서교초등학교,초등학교,운영,37.55488903,126.9243787
B000001939,서울성원초등학교,초등학교,운영,37.56698252,126.9050853
B000001940,서울성서초등학교,초등학교,운영,37.56059575,126.9109242
B000001941,서울중동초등학교,초등학교,운영,37.56641061,126.9117752
B000001942,서울신석초등학교,초등학교,운영,37.54453582,126.9377793
B000001943,서울아현초등학교,초등학교,운영,37.5558319,126.9562422
B000001944,서울소의초등학교,초등학교,운영,37.55278186,126.9606556
B000001945,서울한서초등학교,초등학교,운영,37.55364783,126.9497788
B000001946,서울염리초등학교,초등학교,운영,37.54271029,126.945999
B000001947,서울신북초등학교,초등학교,운영,37.57110496,126.9053603
B000001948,서울성산초등학교,초등학교,운영,37.55342789,126.9109504
B000001949,서울상지초등학교,초등학교,운영,37.57975102,126.8820736
B000001950,서울상암초등학교,초등학교,운영,37.57633795,126.8923219
B000001951,홍익대학교사범대학부속초등학교,초등학교,운영,37.55964474,126.9132084
B000001952,서울천왕초등학교,초등학교,운영,37.48145598,126.8370629
B000001953,서울영일초등학교,초등학교,운영,37.48564539,126.8838134
B000001954,서울미래초등학교,초등학교,운영,37.50510665,126.8880137
B000001955,서울고원초등학교,초등학교,운영,37.49761122,126.8657993
B000001956,서울고산초등학교,초등학교,운영,37.49897255,126.8647727
B000001957,서울개웅초등학교,초등학교,운영,37.48857132,126.8499823
B000001958,서울개명초등학교,초등학교,운영,37.48303904,126.8509791
B000001959,서울온수초등학교,초등학교,운영,37.49400506,126.8259667
B000001960,서울매봉초등학교,초등학교,운영,37.50491523,126.8443653
B000001961,서울개봉초등학교,초등학교,운영,37.48952491,126.857976
B000001962,서울고척초등학교,초등학교,운영,37.50094829,126.8569791
B000001963,서울덕의초등학교,초등학교,운영,37.50605683,126.857346
B000001964,서울세곡초등학교,초등학교,운영,37.5050561,126.8491198
B000001965,서울동구로초등학교,초등학교,운영,37.49407053,126.8927802
B000001966,서울신구로초등학교,초등학교,운영,37.49966003,126.8897631
B000001967,서울영서초등학교,초등학교,운영,37.48896082,126.8955833
B000001968,서울구로남초등학교,초등학교,운영,37.48420602,126.8902182
B000001969,서울구로초등학교,초등학교,운영,37.49746187,126.8865543
B000001970,서울구일초등학교,초등학교,운영,37.49319187,126.8734727
B000001971,서울신미림초등학교,초등학교,운영,37.50714192,126.8795527
B000001972,서울신도림초등학교,초등학교,운영,37.51198439,126.8832546
B000001973,서울오류초등학교,초등학교,운영,37.49752741,126.842030
B000001974,서울오정초등학교,초등학교,운영,37.49016566,126.8264392
B000001975,서울오류남초등학교,초등학교,운영,37.48968652,126.8391127
B000001976,서울두산초등학교,초등학교,운영,37.46754839,126.8909461
B000001977,서울문교초등학교,초등학교,운영,37.46672027,126.9088159
B000001978,서울영남초등학교,초등학교,운영,37.47612262,126.9092099
B000001979,서울금동초등학교,초등학교,운영,37.44773848,126.9163989
B000001980,서울문백초등학교,초등학교,운영,37.44709025,126.8986974
B000001981,서울신흥초등학교,초등학교,운영,37.45934816,126.9093508
B000001982,서울가산초등학교,초등학교,운영,37.47816515,126.8963297
B000001983,서울정심초등학교,초등학교,운영,37.47199405,126.9082144
B000001984,서울문성초등학교,초등학교,운영,37.47491196,126.8994492
B000001985,서울독산초등학교,초등학교,운영,37.46565691,126.8997128
B000001986,서울안천초등학교,초등학교,운영,37.45874564,126.888390
B000001987,서울금천초등학교,초등학교,운영,37.45481034,126.9128749
B000001988,서울탑동초등학교,초등학교,운영,37.45251655,126.9153675
B000001989,서울백산초등학교,초등학교,운영,37.44673975,126.905146
B000001990,서울금산초등학교,초등학교,운영,37.44144269,126.9080871
B000001992,서울시흥초등학교,초등학교,운영,37.45534062,126.9046393
B000001993,동광초등학교,초등학교,운영,37.45199688,126.9158199
B000001994,서울여의도초등학교,초등학교,운영,37.52320482,126.9367944
B000001995,서울영원초등학교,초등학교,운영,37.51071936,126.9021825
B000001996,서울영중초등학교,초등학교,운영,37.5241433,126.9036955
B000001997,서울영동초등학교,초등학교,운영,37.52700691,126.9077034
B000001998,서울당서초등학교,초등학교,운영,37.53202744,126.8998142
B000001999,서울도림초등학교,초등학교,운영,37.50750302,126.9072907
B000002000,서울대동초등학교,초등학교,운영,37.49370503,126.9001194
B000002001,서울영등포초등학교,초등학교,운영,37.51287942,126.899634
B000002002,서울영문초등학교,초등학교,운영,37.51980741,126.8875891
B000002003,서울선유초등학교,초등학교,운영,37.53287919,126.8927768
B000002004,서울당중초등학교,초등학교,운영,37.52628923,126.8894135
B000002005,서울도신초등학교,초등학교,운영,37.49926789,126.9007141
B000002006,서울신영초등학교,초등학교,운영,37.50100602,126.8960948
B000002007,서울신대림초등학교,초등학교,운영,37.49215682,126.9058543
B000002008,서울영림초등학교,초등학교,운영,37.48734601,126.9025393
B000002009,서울문래초등학교,초등학교,운영,37.51914038,126.8936057
B000002010,서울영신초등학교,초등학교,운영,37.51017196,126.9181917
B000002011,서울대영초등학교,초등학교,운영,37.50267937,126.9063367
B000002012,서울우신초등학교,초등학교,운영,37.50986472,126.9118637
B000002013,서울대방초등학교,초등학교,운영,37.50290012,126.9190202
B000002014,서울대길초등학교,초등학교,운영,37.49811236,126.9131739
B000002015,서울당산초등학교,초등학교,운영,37.54011912,126.8962411
B000002016,서울윤중초등학교,초등학교,운영,37.51964164,126.9225908
B000002017,서울초당초등학교,초등학교,운영,37.65862783,127.0219562
B000002018,서울신학초등학교,초등학교,운영,37.66122045,127.0257213
B000002019,서울창경초등학교,초등학교,운영,37.65660218,127.0346025
B000002020,서울창림초등학교,초등학교,운영,37.64323708,127.0416041
B000002021,서울누원초등학교,초등학교,운영,37.68723271,127.0492672
B000002022,서울오봉초등학교,초등학교,운영,37.67175795,127.040259
B000002023,서울도봉초등학교,초등학교,운영,37.67996175,127.0382887
B000002024,서울방학초등학교,초등학교,운영,37.66393373,127.032748
B000002025,서울신방학초등학교,초등학교,운영,37.66668425,127.0289181
B000002026,서울창도초등학교,초등학교,운영,37.66413487,127.048784
B000002027,서울숭미초등학교,초등학교,운영,37.65102344,127.0279443
B000002028,서울쌍문초등학교,초등학교,운영,37.64836383,127.0242911
B000002029,서울백운초등학교,초등학교,운영,37.65264151,127.0136725
B000002030,서울월천초등학교,초등학교,운영,37.64804738,127.0517539
B000002031,서울자운초등학교,초등학교,운영,37.65801094,127.0466811
B000002032,서울가인초등학교,초등학교,운영,37.6594678,127.0429509
B000002033,서울창동초등학교,초등학교,운영,37.65536304,127.0448329
B000002034,서울창원초등학교,초등학교,운영,37.65264409,127.0399799
B000002035,서울창일초등학교,초등학교,운영,37.64765764,127.0476085
B000002036,서울신창초등학교,초등학교,운영,37.63659186,127.0420843
B000002037,서울신화초등학교,초등학교,운영,37.63319504,127.0408842
B000002038,동북초등학교,초등학교,운영,37.65634868,127.0268766
B000002039,한신초등학교,초등학교,운영,37.65335584,127.0324273
B000002040,서울신계초등학교,초등학교,운영,37.62979163,127.052769
B000002041,서울녹천초등학교,초등학교,운영,37.6285066,127.0631172
B000002042,서울덕암초등학교,초등학교,운영,37.6666212,127.0814598
B000002043,서울온곡초등학교,초등학교,운영,37.66754054,127.0659829
B000002044,서울상원초등학교,초등학교,운영,37.66763033,127.0597173
B000002045,서울불암초등학교,초등학교,운영,37.65078442,127.0806018
B000002046,서울수암초등학교,초등학교,운영,37.64769283,127.0814646
B000002047,서울중계초등학교,초등학교,운영,37.65784243,127.0733117
B000002048,서울연촌초등학교,초등학교,운영,37.63441465,127.0725113
B000002049,서울태랑초등학교,초등학교,운영,37.62625056,127.0906031
B000002050,서울태릉초등학교,초등학교,운영,37.62310241,127.0850589
B000002051,서울공연초등학교,초등학교,운영,37.62754753,127.0745089
B000002052,서울용원초등학교,초등학교,운영,37.62992285,127.0689401
B000002053,서울공릉초등학교,초등학교,운영,37.61861443,127.0746314
B000002054,서울신상계초등학교,초등학교,운영,37.66751782,127.0758263
B000002055,서울상계초등학교,초등학교,운영,37.65962546,127.066495
B000002056,서울계상초등학교,초등학교,운영,37.66219777,127.0686777
B000002057,서울상곡초등학교,초등학교,운영,37.66290401,127.0620747
B000002058,서울상월초등학교,초등학교,운영,37.65865224,127.056980
B000002059,서울당현초등학교,초등학교,운영,37.64826016,127.0582136
B000002060,서울상천초등학교,초등학교,운영,37.64628513,127.0578888
B000002061,서울동일초등학교,초등학교,운영,37.66481537,127.054170
B000002062,서울노원초등학교,초등학교,운영,37.67359347,127.0584544
B000002063,서울노일초등학교,초등학교,운영,37.67375444,127.0549667
B000002064,서울수락초등학교,초등학교,운영,37.68450319,127.0551852
B000002065,서울한천초등학교,초등학교,운영,37.62070936,127.0692435
B000002066,서울연지초등학교,초등학교,운영,37.63319251,127.0595343
B000002067,서울선곡초등학교,초등학교,운영,37.61869443,127.0578029
B000002068,서울월계초등학교,초등학교,운영,37.62762424,127.0501876
B000002069,서울원광초등학교,초등학교,운영,37.65431092,127.0749142
B000002070,서울을지초등학교,초등학교,운영,37.65058885,127.0730918
B000002071,서울중원초등학교,초등학교,운영,37.64398229,127.0627832
B000002072,서울청계초등학교,초등학교,운영,37.64503406,127.0661389
B000002073,서울용동초등학교,초등학교,운영,37.64108381,127.0690818
B000002074,서울중현초등학교,초등학교,운영,37.63251462,127.0659521
B000002075,서울중평초등학교,초등학교,운영,37.63753357,127.0639651
B000002076,서울상경초등학교,초등학교,운영,37.67050507,127.0516742
B000002077,서울상수초등학교,초등학교,운영,37.65110502,127.0647586
B000002078,청원초등학교,초등학교,운영,37.66525155,127.0625329
B000002079,태강삼육초등학교,초등학교,운영,37.64335737,127.1088503
B000002080,화랑초등학교,초등학교,운영,37.62878266,127.0889915
B000002081,상명초등학교,초등학교,운영,37.64872348,127.0669678
B000002082,서울대학교사범대학부설초등학교,초등학교,운영,37.5775997,127.0042955
B000002083,서울청운초등학교,초등학교,운영,37.58592131,126.9692423
B000002084,서울매동초등학교,초등학교,운영,37.57749965,126.9669415
B000002085,서울재동초등학교,초등학교,운영,37.58002991,126.9851778
B000002086,서울교동초등학교,초등학교,운영,37.57500567,126.9881513
B000002087,서울혜화초등학교,초등학교,운영,37.58863443,127.0002536
B000002088,서울명신초등학교,초등학교,운영,37.58146865,127.0146229
B000002089,서울독립문초등학교,초등학교,운영,37.57421553,126.9599722
B000002091,서울세검정초등학교,초등학교,운영,37.60346883,126.9609387
B000002092,서울창신초등학교,초등학교,운영,37.57621147,127.0142837
B000002093,서울효제초등학교,초등학교,운영,37.57268283,127.003491
B000002094,운현초등학교,초등학교,운영,37.57663053,126.9881575
B000002095,상명대학교사범대학부속초등학교,초등학교,운영,37.60044056,126.9567149
B000002096,서울남산초등학교,초등학교,운영,37.55978374,126.9867556
B000002097,서울덕수초등학교,초등학교,운영,37.56908888,126.9746579
B000002098,서울봉래초등학교,초등학교,운영,37.55641234,126.9652506
B000002099,서울광희초등학교,초등학교,운영,37.56729928,127.0156879
B000002100,서울장충초등학교,초등학교,운영,37.55991095,127.0117048
B000002101,서울신당초등학교,초등학교,운영,37.56362621,127.0236731
B000002102,서울흥인초등학교,초등학교,운영,37.56087001,127.0145555
B000002103,서울청구초등학교,초등학교,운영,37.55911668,127.0137244
B000002104,서울충무초등학교,초등학교,운영,37.56194948,127.0012351
B000002105,리라초등학교,초등학교,운영,37.5578197,126.9879121
B000002106,숭의초등학교,초등학교,운영,37.55785307,126.9874816
B000002107,동산초등학교,초등학교,운영,37.55620463,127.0167254
B000002108,서울용산초등학교,초등학교,운영,37.53561344,126.9725506
B000002109,서울원효초등학교,초등학교,운영,37.53616126,126.9515453
B000002110,서울청파초등학교,초등학교,운영,37.5473049,126.9635439
B000002111,서울후암초등학교,초등학교,운영,37.55136541,126.9817243
B000002112,서울이태원초등학교,초등학교,운영,37.53647771,126.9876727
B000002113,서울서빙고초등학교,초등학교,운영,37.52206892,126.9923004
B000002114,서울용암초등학교,초등학교,운영,37.54455872,126.9889455
B000002116,서울한강초등학교,초등학교,운영,37.52522655,126.965079
B000002117,서울한남초등학교,초등학교,운영,37.53920365,127.0055998
B000002118,서울금양초등학교,초등학교,운영,37.54094231,126.9618319
B000002119,서울삼광초등학교,초등학교,운영,37.54775231,126.9765943
B000002120,서울남정초등학교,초등학교,운영,37.53567383,126.9648037
B000002121,서울신용산초등학교,초등학교,운영,37.52062959,126.9753663
B000002122,신광초등학교,초등학교,운영,37.54289988,126.9694475
B000002123,서울방이초등학교,초등학교,운영,37.51343915,127.1204994
B000002124,서울가락초등학교,초등학교,운영,37.50002115,127.1076425
B000002125,서울평화초등학교,초등학교,운영,37.49156712,127.1228237
B000002126,서울중대초등학교,초등학교,운영,37.4998119,127.1136055
B000002127,서울문덕초등학교,초등학교,운영,37.48518009,127.127729
B000002128,서울문정초등학교,초등학교,운영,37.48907284,127.1290135
B000002129,서울가원초등학교,초등학교,운영,37.48944215,127.1110274
B000002130,서울문현초등학교,초등학교,운영,37.48279092,127.1302223
B000002131,서울잠일초등학교,초등학교,운영,37.51474166,127.0816362
B000002132,서울잠신초등학교,초등학교,운영,37.51411407,127.0879435
B000002133,서울송전초등학교,초등학교,운영,37.50881326,127.0951265
B000002134,서울잠동초등학교,초등학교,운영,37.51833846,127.099931
B000002135,서울잠실초등학교,초등학교,운영,37.52010753,127.1113114
B000002136,서울잠현초등학교,초등학교,운영,37.52258587,127.1047786
B000002137,서울신가초등학교,초등학교,운영,37.5003628,127.1198778
B000002138,서울가주초등학교,초등학교,운영,37.49656722,127.1292617
B000002139,서울가동초등학교,초등학교,운영,37.49741227,127.1300159
B000002140,서울영풍초등학교,초등학교,운영,37.496220,127.1430148
B000002141,서울거원초등학교,초등학교,운영,37.48762503,127.144909
B000002142,서울남천초등학교,초등학교,운영,37.50144683,127.1507951
B000002143,서울마천초등학교,초등학교,운영,37.49550545,127.1526295
B000002144,서울오륜초등학교,초등학교,운영,37.51242411,127.1345763
B000002145,서울세륜초등학교,초등학교,운영,37.51855781,127.1341633
B000002146,서울방산초등학교,초등학교,운영,37.50955532,127.1210892
B000002147,서울삼전초등학교,초등학교,운영,37.50169984,127.0932689
B000002148,서울석촌초등학교,초등학교,운영,37.50263063,127.1052122
B000002149,서울송파초등학교,초등학교,운영,37.50713737,127.111119
B000002150,서울오금초등학교,초등학교,운영,37.50886634,127.1323312
B000002151,서울거여초등학교,초등학교,운영,37.50516942,127.1409011
B000002152,서울개롱초등학교,초등학교,운영,37.49736261,127.1398881
B000002153,서울잠전초등학교,초등학교,운영,37.50733791,127.0838499
B000002154,서울풍납초등학교,초등학교,운영,37.53440483,127.1172037
B000002155,서울토성초등학교,초등학교,운영,37.53188286,127.1156331
B000002156,서울풍성초등학교,초등학교,운영,37.52629486,127.1134884
B000002157,서울아주초등학교,초등학교,운영,37.50582689,127.075764
B000002158,서울버들초등학교,초등학교,운영,37.51028143,127.0889992
B000002159,서울신천초등학교,초등학교,운영,37.5140111,127.0950476
B000002160,서울둔촌초등학교,초등학교,운영,37.52624852,127.1374348
B000002161,서울선린초등학교,초등학교,운영,37.52976012,127.145594
B000002162,서울고명초등학교,초등학교,운영,37.55297253,127.1474362
B000002163,서울묘곡초등학교,초등학교,운영,37.55871279,127.1530934
B000002164,서울강일초등학교,초등학교,운영,37.56525568,127.1772858
B000002165,서울고덕초등학교,초등학교,운영,37.56129361,127.1660799
B000002166,서울강덕초등학교,초등학교,운영,37.55954748,127.1604836
B000002167,서울명덕초등학교,초등학교,운영,37.55676233,127.1450815
B000002168,서울신명초등학교,초등학교,운영,37.54092685,127.1499791
B000002169,서울길동초등학교,초등학교,운영,37.5385062,127.1449729
B000002170,서울천동초등학교,초등학교,운영,37.5410159,127.1378287
B000002171,서울한산초등학교,초등학교,운영,37.52869458,127.141077
B000002172,서울위례초등학교,초등학교,운영,37.52231852,127.1394366
B000002173,서울명원초등학교,초등학교,운영,37.55128785,127.1505002
B000002174,서울대명초등학교,초등학교,운영,37.54766615,127.1532897
B000002175,서울고일초등학교,초등학교,운영,37.55154262,127.1694101
B000002176,서울상일초등학교,초등학교,운영,37.54757217,127.1726635
B000002177,서울강명초등학교,초등학교,운영,37.55470604,127.1733624
B000002178,서울성일초등학교,초등학교,운영,37.52970924,127.1284083
B000002179,서울성내초등학교,초등학교,운영,37.53135786,127.1225001
B000002180,서울명일초등학교,초등학교,운영,37.5545536,127.1425911
B000002181,서울천일초등학교,초등학교,운영,37.54436122,127.1334367
B000002182,서울천호초등학교,초등학교,운영,37.54771897,127.1365923
B000002183,서울강동초등학교,초등학교,운영,37.5463638,127.1301872
B000002184,서울선사초등학교,초등학교,운영,37.55584691,127.128196
B000002185,서울신암초등학교,초등학교,운영,37.55002367,127.1244044
B000002186,서울신은초등학교,초등학교,운영,37.51391281,126.8321696
B000002187,서울목원초등학교,초등학교,운영,37.54291947,126.8824459
B000002188,서울경인초등학교,초등학교,운영,37.53287102,126.8856957
B000002189,서울서정초등학교,초등학교,운영,37.52345012,126.8672362
B000002190,서울목운초등학교,초등학교,운영,37.52700952,126.8730442
B000002191,서울계남초등학교,초등학교,운영,37.51016776,126.8600159
B000002192,서울은정초등학교,초등학교,운영,37.51112797,126.8670434
B000002193,서울신서초등학교,초등학교,운영,37.52055887,126.8623309
B000002194,서울양명초등학교,초등학교,운영,37.51637495,126.8566349
B000002195,서울신기초등학교,초등학교,운영,37.5113683,126.854213
B000002196,서울남명초등학교,초등학교,운영,37.515684,126.8540837
B000002197,서울양목초등학교,초등학교,운영,37.52391851,126.8614719
B000002198,서울갈산초등학교,초등학교,운영,37.51237156,126.8702299
B000002199,서울강신초등학교,초등학교,운영,37.54209971,126.8295837
B000002200,서울양화초등학교,초등학교,운영,37.5436693,126.873986
B000002201,서울정목초등학교,초등학교,운영,37.53652885,126.8700491
B000002202,서울양원초등학교,초등학교,운영,37.53821733,126.8231052
B000002203,서울신원초등학교,초등학교,운영,37.52950283,126.829855
B000002204,서울강서초등학교,초등학교,운영,37.52241272,126.8409879
B000002205,서울신강초등학교,초등학교,운영,37.52584419,126.8422639
B000002206,서울양강초등학교,초등학교,운영,37.52423449,126.8478515
B000002207,서울신남초등학교,초등학교,운영,37.51652866,126.8447962
B000002208,서울강월초등학교,초등학교,운영,37.51634172,126.8334319
B000002209,서울목동초등학교,초등학교,운영,37.52280877,126.8721195
B000002210,서울신목초등학교,초등학교,운영,37.51661098,126.8726408
B000002211,서울지향초등학교,초등학교,운영,37.51283768,126.8370238
B000002212,서울장수초등학교,초등학교,운영,37.5129972,126.8451597
B000002213,서울양동초등학교,초등학교,운영,37.52584826,126.8512402
B000002214,서울월촌초등학교,초등학교,운영,37.54069543,126.876258
B000002215,서울영도초등학교,초등학교,운영,37.53596257,126.871927
B000002216,서울화일초등학교,초등학교,운영,37.54072601,126.8474076
B000002217,서울우장초등학교,초등학교,운영,37.54963819,126.8459842
B000002218,서울신정초등학교,초등학교,운영,37.53207171,126.8523579
B000002219,서울신곡초등학교,초등학교,운영,37.53909546,126.8560096
B000002220,서울등마초등학교,초등학교,운영,37.54204371,126.8616672
B000002221,서울등양초등학교,초등학교,운영,37.56494704,126.8447602
B000002222,서울염경초등학교,초등학교,운영,37.55500067,126.8712046
B000002223,서울염창초등학교,초등학교,운영,37.55322614,126.8676002
B000002225,서울치현초등학교,초등학교,운영,37.57591915,126.8146456
B000002226,서울삼정초등학교,초등학교,운영,37.58050843,126.8104937
B000002227,서울정곡초등학교,초등학교,운영,37.57695491,126.8189328
B000002228,서울가곡초등학교,초등학교,운영,37.55570761,126.8361031
B000002229,서울발산초등학교,초등학교,운영,37.55026244,126.8309944
B000002230,서울양천초등학교,초등학교,운영,37.57018817,126.8395397
B000002232,서울탑산초등학교,초등학교,운영,37.56701719,126.8523683
B000002233,서울가양초등학교,초등학교,운영,37.56221719,126.8585216
B000002235,서울송정초등학교,초등학교,운영,37.56223089,126.8102813
B000002236,서울내발산초등학교,초등학교,운영,37.55088255,126.8381642
B000002237,서울등촌초등학교,초등학교,운영,37.54761422,126.8579422
B000002238,서울백석초등학교,초등학교,운영,37.55364765,126.8624258
B000002239,서울송화초등학교,초등학교,운영,37.56769447,126.8168745
B000002240,서울개화초등학교,초등학교,운영,37.57394373,126.8046464
B000002241,서울방화초등학교,초등학교,운영,37.56870373,126.8074982
B000002242,서울염동초등학교,초등학교,운영,37.55209548,126.8723509
B000002243,서울화곡초등학교,초등학교,운영,37.54366962,126.8464717
B000002244,서울월정초등학교,초등학교,운영,37.53499419,126.8362936
B000002245,서울신월초등학교,초등학교,운영,37.54036551,126.8394555
B000002246,서울등서초등학교,초등학교,운영,37.55188439,126.8550381
B000002247,서울등명초등학교,초등학교,운영,37.56089445,126.8423822
B000002248,서울등현초등학교,초등학교,운영,37.56145118,126.8475984
B000002249,서울등원초등학교,초등학교,운영,37.55981354,126.850069
B000002250,서울수명초등학교,초등학교,운영,37.55277267,126.8238445
B000002251,유석초등학교,초등학교,운영,37.56080588,126.8537249
B000002252,서울우면초등학교,초등학교,운영,37.46471047,127.0237894
B000002253,서울교육대학교부설초등학교,초등학교,운영,37.49074049,127.0154245
B000002254,서울신중초등학교,초등학교,운영,37.48015788,127.0093433
B000002255,서울서원초등학교,초등학교,운영,37.5024389,127.0146195
B000002256,서울원촌초등학교,초등학교,운영,37.50618948,127.0125656
B000002257,서울잠원초등학교,초등학교,운영,37.501859,126.9980966
B000002258,서울반원초등학교,초등학교,운영,37.510312,127.0040536
B000002259,서울매헌초등학교,초등학교,운영,37.47126248,127.0420698
B000002262,서울방일초등학교,초등학교,운영,37.4852056,126.998849
B000002263,서울이수초등학교,초등학교,운영,37.47837133,126.9844171
B000002264,서울서래초등학교,초등학교,운영,37.496404,126.9901565
B000002265,서울방배초등학교,초등학교,운영,37.4867641,126.9871924
B000002266,서울방현초등학교,초등학교,운영,37.47650298,126.9900734
B000002267,서울서초초등학교,초등학교,운영,37.49904877,127.0248915
B000002268,서울서이초등학교,초등학교,운영,37.49156467,127.025618
B000002269,서울서일초등학교,초등학교,운영,37.48529778,127.0221598
B000002270,서울원명초등학교,초등학교,운영,37.50079587,127.0167076
B000002271,서울양재초등학교,초등학교,운영,37.47416538,127.0318861
B000002272,서울우암초등학교,초등학교,운영,37.47229555,127.0237234
B000002273,서울신동초등학교,초등학교,운영,37.51713004,127.0113904
B000002274,계성초등학교,초등학교,운영,37.5049159,126.9968257
B000002275,서울봉은초등학교,초등학교,운영,37.52008269,127.0609329
B000002276,서울대왕초등학교,초등학교,운영,37.46462117,127.1055912
B000002277,서울수서초등학교,초등학교,운영,37.49115148,127.1015496
B000002278,서울대모초등학교,초등학교,운영,37.48059845,127.0859938
B000002279,서울대진초등학교,초등학교,운영,37.49701211,127.0780425
B000002280,서울양전초등학교,초등학교,운영,37.49028284,127.0694253
B000002281,서울구룡초등학교,초등학교,운영,37.48119739,127.0517714
B000002282,서울언주초등학교,초등학교,운영,37.486322,127.036793
B000002283,서울대치초등학교,초등학교,운영,37.49127807,127.0621964
B000002284,서울도곡초등학교,초등학교,운영,37.49951141,127.0544655
B000002285,서울대도초등학교,초등학교,운영,37.49260076,127.0533774
B000002286,서울개일초등학교,초등학교,운영,37.48621414,127.0577406
B000002288,서울개원초등학교,초등학교,운영,37.48161842,127.0587363
B000002289,서울논현초등학교,초등학교,운영,37.5084232,127.0262229
B000002290,서울학동초등학교,초등학교,운영,37.51226106,127.0395978
B000002291,서울대곡초등학교,초등학교,운영,37.49471064,127.0650265
B000002292,서울대현초등학교,초등학교,운영,37.50372159,127.0635654
B000002293,서울삼릉초등학교,초등학교,운영,37.51325992,127.0469495
B000002294,서울왕북초등학교,초등학교,운영,37.48632828,127.0860547
B000002295,서울신구초등학교,초등학교,운영,37.52336057,127.0239924
B000002296,서울압구정초등학교,초등학교,운영,37.53173911,127.0308441
B000002297,서울도성초등학교,초등학교,운영,37.50146201,127.0488722
B000002298,서울역삼초등학교,초등학교,운영,37.49316528,127.0326527
B000002299,서울대청초등학교,초등학교,운영,37.4931481,127.0877673
B000002300,서울영희초등학교,초등학교,운영,37.4923004,127.0811328
B000002301,서울일원초등학교,초등학교,운영,37.48978808,127.0763669
B000002302,서울언북초등학교,초등학교,운영,37.52012517,127.0447158
B000002303,서울청담초등학교,초등학교,운영,37.52828187,127.045153
B000002304,서울포이초등학교,초등학교,운영,37.47591562,127.0525106
B000002305,서울신상도초등학교,초등학교,운영,37.50034802,126.9446159
B000002306,서울강남초등학교,초등학교,운영,37.50619275,126.9533591
B000002307,서울노량진초등학교,초등학교,운영,37.51175038,126.9408242
B000002308,서울본동초등학교,초등학교,운영,37.50992508,126.9538508
B000002309,서울은로초등학교,초등학교,운영,37.50314888,126.9599535
B000002310,서울동작초등학교,초등학교,운영,37.49410161,126.9765088
B000002311,서울삼일초등학교,초등학교,운영,37.48823549,126.9751016
B000002312,서울행림초등학교,초등학교,운영,37.48280761,126.9649643
B000002313,서울신남성초등학교,초등학교,운영,37.48815254,126.964870
B000002314,서울영화초등학교,초등학교,운영,37.50890811,126.9329735
B000002315,서울신길초등학교,초등학교,운영,37.51087166,126.9267292
B000002316,서울대림초등학교,초등학교,운영,37.5006148,126.9248833
B000002317,서울영본초등학교,초등학교,운영,37.51129869,126.9486724
B000002318,서울남성초등학교,초등학교,운영,37.48459498,126.9754874
B000002319,서울남사초등학교,초등학교,운영,37.48194349,126.9782341
B000002320,서울상도초등학교,초등학교,운영,37.50034777,126.9372288
B000002321,서울보라매초등학교,초등학교,운영,37.49585189,126.9161445
B000002322,서울문창초등학교,초등학교,운영,37.48898483,126.9148407
B000002323,서울흑석초등학교,초등학교,운영,37.50829272,126.9651701
B000002324,중앙대학교사범대학부속초등학교,초등학교,운영,37.50545264,126.9596777
B000002325,서울원신초등학교,초등학교,운영,37.46719824,126.9272409
B000002326,서울남부초등학교,초등학교,운영,37.48511944,126.9221838
B000002327,서울신우초등학교,초등학교,운영,37.46326397,126.9325353
B000002328,서울신림초등학교,초등학교,운영,37.47711985,126.9268767
B000002329,서울조원초등학교,초등학교,운영,37.48417783,126.909581
B000002330,서울난곡초등학교,초등학교,운영,37.4691282,126.9163416
B000002331,서울삼성초등학교,초등학교,운영,37.46852204,126.9404929
B000002332,서울미성초등학교,초등학교,운영,37.47833997,126.9123923
B000002333,서울봉현초등학교,초등학교,운영,37.49124068,126.9555874
B000002334,서울청룡초등학교,초등학교,운영,37.47672527,126.9512057
B000002335,서울봉천초등학교,초등학교,운영,37.4832696,126.9581884
B000002336,서울원당초등학교,초등학교,운영,37.48128046,126.9562493
B000002337,서울사당초등학교,초등학교,운영,37.47383628,126.9733501
B000002338,서울인헌초등학교,초등학교,운영,37.47675499,126.9598639
B000002339,서울당곡초등학교,초등학교,운영,37.49016812,126.9303698
B000002340,서울신봉초등학교,초등학교,운영,37.48557635,126.9493909
B000002341,서울구암초등학교,초등학교,운영,37.48921747,126.9462717
B000002342,서울은천초등학교,초등학교,운영,37.4865852,126.9426791
B000002343,서울관악초등학교,초등학교,운영,37.48102565,126.9425545
B000002344,서울난우초등학교,초등학교,운영,37.47711829,126.9176525
B000002345,서울난향초등학교,초등학교,운영,37.46282189,126.9183368
B000002346,서울신성초등학교,초등학교,운영,37.47200331,126.9367542
B000002347,서울행당초등학교,초등학교,운영,37.55701913,127.0348734
B000002348,서울동호초등학교,초등학교,운영,37.54646244,127.0100328
B000002349,서울경동초등학교,초등학교,운영,37.5438253,127.050074
B000002350,서울경수초등학교,초등학교,운영,37.53950904,127.0592712
B000002351,서울금북초등학교,초등학교,운영,37.55749549,127.0235067
B000002352,서울금호초등학교,초등학교,운영,37.55196497,127.0197434
B000002353,서울옥수초등학교,초등학교,운영,37.54552939,127.0218696
B000002354,서울금옥초등학교,초등학교,운영,37.54584824,127.0176012
B000002355,서울동명초등학교,초등학교,운영,37.56812285,127.0351082
B000002356,서울마장초등학교,초등학교,운영,37.56830949,127.042128
B000002357,서울사근초등학교,초등학교,운영,37.562685,127.047545
B000002358,서울경일초등학교,초등학교,운영,37.5409419,127.0466051
B000002359,서울성수초등학교,초등학교,운영,37.54433609,127.0631674
B000002360,서울송원초등학교,초등학교,운영,37.55415927,127.0695262
B000002361,서울옥정초등학교,초등학교,운영,37.54230974,127.0157855
B000002362,서울용답초등학교,초등학교,운영,37.56073011,127.0537608
B000002363,서울응봉초등학교,초등학교,운영,37.55025339,127.0338297
B000002364,서울무학초등학교,초등학교,운영,37.56327474,127.0296135
B000002365,서울행현초등학교,초등학교,운영,37.55770899,127.029368
B000002366,한양초등학교,초등학교,운영,37.55762103,127.0502634
B000002367,서울양진초등학교,초등학교,운영,37.54457517,127.0983249
B000002368,서울광남초등학교,초등학교,운영,37.54078809,127.1006653
B000002369,서울광장초등학교,초등학교,운영,37.54854922,127.1017999
B000002370,서울동의초등학교,초등학교,운영,37.55342244,127.0990473
B000002371,서울광진초등학교,초등학교,운영,37.54761146,127.0913325
B000002372,서울구남초등학교,초등학교,운영,37.53709659,127.0922888
B000002373,서울장안초등학교,초등학교,운영,37.54987645,127.0724025
B000002374,서울자양초등학교,초등학교,운영,37.53698824,127.0797396
B000002375,서울동자초등학교,초등학교,운영,37.53505821,127.0721792
B000002376,서울신양초등학교,초등학교,운영,37.53462395,127.0699953
B000002377,서울신자초등학교,초등학교,운영,37.53027881,127.0755876
B000002378,서울성자초등학교,초등학교,운영,37.53149357,127.0834083
B000002379,서울양남초등학교,초등학교,운영,37.53112324,127.0892343
B000002380,서울용마초등학교,초등학교,운영,37.55782735,127.0835274
B000002381,서울중광초등학교,초등학교,운영,37.56524214,127.082693
B000002382,서울중마초등학교,초등학교,운영,37.56579084,127.0790239
B000002383,서울용곡초등학교,초등학교,운영,37.56710862,127.088453
B000002385,서울구의초등학교,초등학교,운영,37.54300899,127.0803118
B000002386,세종초등학교,초등학교,운영,37.5530111,127.0728646
B000002387,경복초등학교,초등학교,운영,37.54982961,127.0867934
B000002388,성동초등학교,초등학교,운영,37.53328137,127.089281
B000002389,서울돈암초등학교,초등학교,운영,37.59371444,127.0131036
B000002390,서울정덕초등학교,초등학교,운영,37.59823995,127.0134213
B000002391,서울삼선초등학교,초등학교,운영,37.58714152,127.0126718
B000002392,서울안암초등학교,초등학교,운영,37.5871587,127.0220989
B000002393,서울동신초등학교,초등학교,운영,37.58328787,127.017058
B000002394,서울숭덕초등학교,초등학교,운영,37.6038198,127.013291
B000002395,서울길원초등학교,초등학교,운영,37.60906464,127.0167996
B000002396,서울숭곡초등학교,초등학교,운영,37.60840947,127.0328151
B000002397,서울장월초등학교,초등학교,운영,37.62194109,127.0471628
B000002398,서울월곡초등학교,초등학교,운영,37.61002442,127.046081
B000002399,서울길음초등학교,초등학교,운영,37.61363115,127.016660
B000002400,서울미아초등학교,초등학교,운영,37.61058761,127.0216444
B000002401,서울개운초등학교,초등학교,운영,37.60183902,127.0275962
B000002402,서울석계초등학교,초등학교,운영,37.60881368,127.0697321
B000002403,서울석관초등학교,초등학교,운영,37.61102206,127.0583553
B000002404,서울성북초등학교,초등학교,운영,37.59405389,126.9987754
B000002405,서울장위초등학교,초등학교,운영,37.61144251,127.0500064
B000002406,서울장곡초등학교,초등학교,운영,37.61683137,127.0481552
B000002407,서울정수초등학교,초등학교,운영,37.60377489,127.0077189
B000002408,서울정릉초등학교,초등학교,운영,37.61979605,127.0052561
B000002409,서울청덕초등학교,초등학교,운영,37.61203173,127.0003334
B000002410,서울일신초등학교,초등학교,운영,37.59881357,127.0401072
B000002411,서울숭례초등학교,초등학교,운영,37.59452119,127.0352972
B000002412,서울숭인초등학교,초등학교,운영,37.6091602,127.0382341
B000002413,성신초등학교,초등학교,운영,37.59462313,127.0231285
B000002414,우촌초등학교,초등학교,운영,37.59560791,127.0114325
B000002415,대광초등학교,초등학교,운영,37.57915104,127.0234459
B000002416,광운초등학교,초등학교,운영,37.61865113,127.0551517
B000002417,매원초등학교,초등학교,운영,37.59767468,127.0191869
B000002418,서울번동초등학교,초등학교,운영,37.62900012,127.0400394
B000002419,서울오현초등학교,초등학교,운영,37.62341912,127.0465761
B000002420,서울삼양초등학교,초등학교,운영,37.62329558,127.0161491
B000002421,서울삼각산초등학교,초등학교,운영,37.61614897,127.0145684
B000002422,서울송천초등학교,초등학교,운영,37.6149052,127.0237354
B000002423,서울송중초등학교,초등학교,운영,37.61700008,127.0314657
B000002424,서울화계초등학교,초등학교,운영,37.62388498,127.0297162
B000002425,서울미양초등학교,초등학교,운영,37.62153242,127.0141334
B000002426,서울수송초등학교,초등학교,운영,37.63732397,127.0332067
B000002427,서울수유초등학교,초등학교,운영,37.63124966,127.0202924
B000002428,서울인수초등학교,초등학교,운영,37.64305053,127.0091358
B000002429,서울우이초등학교,초등학교,운영,37.63865468,127.0148822
B000002430,서울유현초등학교,초등학교,운영,37.63234717,127.011421
B000002431,영훈초등학교,초등학교,운영,37.61468187,127.0280933
B000002432,광일초등학교,초등학교,운영,35.1040039,129.029845
B000002433,보수초등학교,초등학교,운영,35.10607215,129.024219
B000002434,봉래초등학교,초등학교,운영,35.11139514,129.0355665
B000002435,남성초등학교,초등학교,운영,35.10573605,129.0345523
B000002437,토성초등학교,초등학교,운영,35.099243,129.0212815
B000002438,부민초등학교,초등학교,운영,35.10597008,129.0199211
B000002439,화랑초등학교,초등학교,운영,35.10824213,129.0205044
B000002440,남부민초등학교,초등학교,운영,35.08941857,129.0233325
B000002441,동신초등학교,초등학교,운영,35.11386049,129.0175904
B000002442,구덕초등학교,초등학교,운영,35.1204163,129.0125412
B000002443,대신초등학교,초등학교,운영,35.1161811,129.0117811
B000002444,아미초등학교,초등학교,운영,35.09877555,129.0155836
B000002445,송도초등학교,초등학교,운영,35.07835449,129.0160433
B000002446,천마초등학교,초등학교,운영,35.08166097,129.0182257
B000002447,부산알로이시오초등학교,초등학교,운영,35.08331635,129.016349
B000002448,영도초등학교,초등학교,운영,35.09012596,129.0462132
B000002450,절영초등학교,초등학교,운영,35.07288845,129.063044
B000002451,중리초등학교,초등학교,운영,35.07420189,129.0701926
B000002452,봉삼초등학교,초등학교,운영,35.07478658,129.0636181
B000002453,상리초등학교,초등학교,운영,35.08399667,129.0670777
B000002454,대평초등학교,초등학교,운영,35.08753561,129.0388823
B000002455,태종대초등학교,초등학교,운영,35.06490578,129.0805999
B000002456,동삼초등학교,초등학교,운영,35.0798243,129.0734665
B000002457,대교초등학교,초등학교,운영,35.09469424,129.0457513
B000002458,남항초등학교,초등학교,운영,35.08366964,129.043117
B000002459,청동초등학교,초등학교,운영,35.08811888,129.0673548
B000002460,청학초등학교,초등학교,운영,35.09320176,129.0595039
B000002461,봉학초등학교,초등학교,운영,35.09553513,129.0550147
B000002462,보림초등학교,초등학교,운영,35.08401645,128.9674304
B000002463,장림초등학교,초등학교,운영,35.08217075,128.9765367
B000002464,몰운대초등학교,초등학교,운영,35.0550486,128.9631301
B000002465,다대초등학교,초등학교,운영,35.05968077,128.9757951
B000002466,다선초등학교,초등학교,운영,35.06300204,128.9856796
B000002467,괴정초등학교,초등학교,운영,35.10376396,128.9997579
B000002469,서천초등학교,초등학교,운영,35.08874156,129.0038498
B000002470,감천초등학교,초등학교,운영,35.08257424,129.0071932
B000002471,옥천초등학교,초등학교,운영,35.09388695,128.9936902
B000002472,승학초등학교,초등학교,운영,35.10214455,129.0032881
B000002473,사하초등학교,초등학교,운영,35.09997355,128.9868982
B000002474,사남초등학교,초등학교,운영,35.09606507,128.9830521
B000002475,구평초등학교,초등학교,운영,35.08661941,128.9890241
B000002476,중현초등학교,초등학교,운영,35.0511217,128.9664641
B000002477,응봉초등학교,초등학교,운영,35.05285702,128.9650909
B000002478,다송초등학교,초등학교,운영,35.06932631,128.9798381
B000002479,낙동초등학교,초등학교,운영,35.10540745,128.972348
B000002480,당리초등학교,초등학교,운영,35.09991131,128.9756932
B000002481,사동초등학교,초등학교,운영,35.10450247,128.9806236
B000002482,신촌초등학교,초등학교,운영,35.09137471,128.9806632
B000002483,신남초등학교,초등학교,운영,35.09835479,128.9615995
B000002484,신평초등학교,초등학교,운영,35.09433999,128.9715254
B000002485,효림초등학교,초등학교,운영,35.07537995,128.9741021
B000002486,을숙도초등학교,초등학교,운영,35.11554515,128.9612467
B000002487,하단초등학교,초등학교,운영,35.10545886,128.9648646
B000002488,하남초등학교,초등학교,운영,35.09953035,128.9600692
B000002489,범일초등학교,초등학교,운영,35.13957208,129.0496524
B000002491,성남초등학교,초등학교,운영,35.13519264,129.0584713
B000002492,동일중앙초등학교,초등학교,운영,35.12451406,129.036772
B000002493,수정초등학교,초등학교,운영,35.13126429,129.0467273
B000002494,수성초등학교,초등학교,운영,35.134524,129.0427196
B000002496,초량초등학교,초등학교,운영,35.11571241,129.0363325
B000002497,가남초등학교,초등학교,운영,35.15451624,129.0440621
B000002498,부산진초등학교,초등학교,운영,35.149993,129.056265
B000002499,부전초등학교,초등학교,운영,35.15495179,129.0531113
B000002500,동양초등학교,초등학교,운영,35.1766921,129.030768
B000002501,부암초등학교,초등학교,운영,35.16499117,129.048779
B000002502,개림초등학교,초등학교,운영,35.15633731,129.0161716
B000002503,가평초등학교,초등학교,운영,35.14885285,129.0257667
B000002505,가야초등학교,초등학교,운영,35.1537258,129.0362693
B000002506,개원초등학교,초등학교,운영,35.16456635,129.0284098
B000002507,개포초등학교,초등학교,운영,35.15883224,129.0265888
B000002508,개금초등학교,초등학교,운영,35.15452351,129.0195961
B000002509,개화초등학교,초등학교,운영,35.15857553,129.020604
B000002511,주례초등학교,초등학교,운영,35.14579457,129.0194516
B000002512,당감초등학교,초등학교,운영,35.16428339,129.0412435
B000002513,당평초등학교,초등학교,운영,35.16147667,129.0351718
B000002514,동평초등학교,초등학교,운영,35.16771037,129.0352077
B000002515,동원초등학교,초등학교,운영,35.17320012,129.0311777
B000002516,성지초등학교,초등학교,운영,35.16425951,129.0568706
B000002517,성서초등학교,초등학교,운영,35.14505161,129.0623365
B000002518,선암초등학교,초등학교,운영,35.14936809,129.0488761
B000002519,양동초등학교,초등학교,운영,35.17152018,129.0810439
B000002520,양정초등학교,초등학교,운영,35.17493498,129.0704392
B000002521,양성초등학교,초등학교,운영,35.17035507,129.0660942
B000002522,연지초등학교,초등학교,운영,35.1727095,129.0521377
B000002523,성전초등학교,초등학교,운영,35.16398833,129.0663612
B000002524,성북초등학교,초등학교,운영,35.15129234,129.0681859
B000002525,전포초등학교,초등학교,운영,35.15945713,129.0633316
B000002526,연학초등학교,초등학교,운영,35.17640628,129.046620
B000002527,초읍초등학교,초등학교,운영,35.18074608,129.0539727
B000002528,동성초등학교,초등학교,운영,35.15268615,129.0695011
B000002529,오륙도초등학교,초등학교,운영,35.10423905,129.1161864
B000002530,용문초등학교,초등학교,운영,35.13067534,129.1081405
B000002531,운산초등학교,초등학교,운영,35.11020374,129.1152252
B000002532,동천초등학교,초등학교,운영,35.12161542,129.0831725
B000002533,동항초등학교,초등학교,운영,35.11401535,129.0829062
B000002534,대남초등학교,초등학교,운영,35.14885579,129.0972346
B000002535,대연초등학교,초등학교,운영,35.1372365,129.0922864
B000002536,대천초등학교,초등학교,운영,35.12920185,129.1010297
B000002537,석포초등학교,초등학교,운영,35.12656566,129.0918348
B000002539,문현초등학교,초등학교,운영,35.14532445,129.0729385
B000002540,성동초등학교,초등학교,운영,35.14383316,129.0691045
B000002541,용당초등학교,초등학교,운영,35.11669795,129.0939473
B000002542,분포초등학교,초등학교,운영,35.12891273,129.1139761
B000002543,용호초등학교,초등학교,운영,35.1224793,129.108986
B000002544,용산초등학교,초등학교,운영,35.11653695,129.1160682
B000002545,백운초등학교,초등학교,운영,35.11830866,129.1055296
B000002547,우암초등학교,초등학교,운영,35.12534348,129.0763824
B000002548,성천초등학교,초등학교,운영,35.13082801,129.0722321
B000002549,교동초등학교,초등학교,운영,35.21545808,129.0921765
B000002550,내성초등학교,초등학교,운영,35.20461583,129.0897914
B000002551,낙민초등학교,초등학교,운영,35.19942578,129.088343
B000002552,온천초등학교,초등학교,운영,35.21255477,129.0736773
B000002553,안진초등학교,초등학교,운영,35.19474685,129.0991925
B000002554,예원초등학교,초등학교,운영,35.19588224,129.0573916
B000002555,안민초등학교,초등학교,운영,35.19402913,129.0937899
B000002556,명륜초등학교,초등학교,운영,35.20803449,129.083270
B000002557,명장초등학교,초등학교,운영,35.20819025,129.0965594
B000002558,안락초등학교,초등학교,운영,35.20208677,129.1030796
B000002559,명동초등학교,초등학교,운영,35.20759141,129.1062241
B000002560,명서초등학교,초등학교,운영,35.21207663,129.1008778
B000002561,여고초등학교,초등학교,운영,35.19790151,129.0689614
B000002562,사직초등학교,초등학교,운영,35.20080372,129.0541694
B000002563,수안초등학교,초등학교,운영,35.20047925,129.0804245
B000002564,안남초등학교,초등학교,운영,35.19170351,129.1077338
B000002565,충렬초등학교,초등학교,운영,35.20041739,129.1117016
B000002566,내산초등학교,초등학교,운영,35.20735793,129.0766352
B000002567,미남초등학교,초등학교,운영,35.20368445,129.0728408
B000002568,달북초등학교,초등학교,운영,35.20357435,129.0599975
B000002569,금강초등학교,초등학교,운영,35.2031347,129.0641112
B000002570,혜화초등학교,초등학교,운영,35.20226047,129.1132938
B000002571,금빛초등학교,초등학교,운영,35.22797751,129.080361
B000002572,두실초등학교,초등학교,운영,35.25315685,129.0894002
B000002573,부곡초등학교,초등학교,운영,35.23411218,129.0932501
B000002574,현곡초등학교,초등학교,운영,35.22691628,129.0967464
B000002575,금양초등학교,초등학교,운영,35.24123522,129.0920128
B000002576,금샘초등학교,초등학교,운영,35.26905892,129.0838921
B000002577,공덕초등학교,초등학교,운영,35.29585964,129.1113124
B000002578,금성초등학교,초등학교,운영,35.25063811,129.0573705
B000002579,구서초등학교,초등학교,운영,35.25420144,129.0871404
B000002580,남산초등학교,초등학교,운영,35.26214065,129.0891842
B000002581,장서초등학교,초등학교,운영,35.24805073,129.0854915
B000002582,동현초등학교,초등학교,운영,35.2220225,129.0927597
B000002585,동상초등학교,초등학교,운영,35.21130087,129.1069511
B000002586,서동초등학교,초등학교,운영,35.21911398,129.0968813
B000002587,서명초등학교,초등학교,운영,35.2151646,129.094634
B000002588,장전초등학교,초등학교,운영,35.24137313,129.082757
B000002589,금정초등학교,초등학교,운영,35.22802827,129.0848988
B000002590,청룡초등학교,초등학교,운영,35.27279359,129.0917544
B000002592,동래초등학교,초등학교,운영,35.2471077,129.0984813
B000002593,부산교육대학교부설초등학교,초등학교,운영,35.19569321,129.0770825
B000002594,거제초등학교,초등학교,운영,35.17807396,129.0675717
B000002595,연동초등학교,초등학교,운영,35.18393246,129.0884679
B000002596,연미초등학교,초등학교,운영,35.17070549,129.0921122
B000002597,연일초등학교,초등학교,운영,35.18431973,129.0954537
B000002598,거학초등학교,초등학교,운영,35.19747831,129.0768469
B000002599,남문초등학교,초등학교,운영,35.19421004,129.0695559
B000002600,창신초등학교,초등학교,운영,35.19281291,129.0658519
B000002601,연신초등학교,초등학교,운영,35.19248231,129.0931595
B000002602,과정초등학교,초등학교,운영,35.1867318,129.110350
B000002603,연천초등학교,초등학교,운영,35.18621999,129.1004919
B000002604,토현초등학교,초등학교,운영,35.18129174,129.1117661
B000002605,연서초등학교,초등학교,운영,35.19095316,129.0866023
B000002606,동명초등학교,초등학교,운영,35.17817027,129.0908609
B000002607,연산초등학교,초등학교,운영,35.17826118,129.0841184
B000002608,연제초등학교,초등학교,운영,35.18405401,129.0778742
B000002609,상학초등학교,초등학교,운영,35.21867855,129.0400208
B000002610,학사초등학교,초등학교,운영,35.2314328,129.0080672
B000002611,명진초등학교,초등학교,운영,35.23855895,129.0104449
B000002612,덕천초등학교,초등학교,운영,35.20843594,129.0067754
B000002613,구포초등학교,초등학교,운영,35.20272144,129.0006961
B000002614,신천초등학교,초등학교,운영,35.2003819,129.0086033
B000002615,구남초등학교,초등학교,운영,35.20029222,128.993570
B000002616,포천초등학교,초등학교,운영,35.19664206,129.0091031
B000002617,금창초등학교,초등학교,운영,35.26569046,129.0197456
B000002618,금곡초등학교,초등학교,운영,35.26181709,129.0170467
B000002619,신금초등학교,초등학교,운영,35.25086987,129.014795
B000002620,양천초등학교,초등학교,운영,35.20952422,129.0193212
B000002621,덕성초등학교,초등학교,운영,35.21321919,129.0079893
B000002622,양덕초등학교,초등학교,운영,35.205895,129.0118896
B000002623,백양초등학교,초등학교,운영,35.20773508,129.0344087
B000002624,만덕초등학교,초등학교,운영,35.21504262,129.028845
B000002625,백산초등학교,초등학교,운영,35.21200432,129.032752
B000002626,덕양초등학교,초등학교,운영,35.2092991,129.0230937
B000002627,화명초등학교,초등학교,운영,35.24224054,129.018073
B000002628,대천리초등학교,초등학교,운영,35.2424129,129.0226389
B000002629,화잠초등학교,초등학교,운영,35.2359298,129.0173597
B000002630,금명초등학교,초등학교,운영,35.24171504,129.0109953
B000002631,신덕초등학교,초등학교,운영,35.20294033,129.0325761
B000002632,와석초등학교,초등학교,운영,35.23079664,129.0174223
B000002633,명덕초등학교,초등학교,운영,35.22545957,129.0118111
B000002634,용수초등학교,초등학교,운영,35.22913767,129.0090771
B000002635,명호초등학교,초등학교,운영,35.08526967,128.9004096
B000002636,녹명초등학교,초등학교,운영,35.11484347,128.8863922
B000002639,가락초등학교,초등학교,운영,35.19634003,128.8952655
B000002640,대사초등학교,초등학교,운영,35.22041811,128.9385487
B000002643,대상초등학교,초등학교,운영,35.21411967,128.9802525
B000002645,대저초등학교,초등학교,운영,35.21610222,128.9553077
B000002646,덕두초등학교,초등학교,운영,35.17564815,128.9558698
B000002647,배영초등학교,초등학교,운영,35.15020326,128.9453246
B000002649,신호초등학교,초등학교,운영,35.08196953,128.8785862
B000002650,천가초등학교,초등학교,운영,35.05234602,128.8312677
B000002652,감전초등학교,초등학교,운영,35.15574588,128.9886679
B000002653,서감초등학교,초등학교,운영,35.15782029,128.9820602
B000002654,덕포초등학교,초등학교,운영,35.17393184,128.9860278
B000002656,창진초등학교,초등학교,운영,35.16617253,128.9778323
B000002657,덕상초등학교,초등학교,운영,35.17472977,128.9906464
B000002658,사상초등학교,초등학교,운영,35.16761073,128.9828439
B000002659,모동초등학교,초등학교,운영,35.18522962,129.0018958
B000002660,모덕초등학교,초등학교,운영,35.18270148,128.9919381
B000002661,모라초등학교,초등학교,운영,35.19004594,128.9864313
B000002662,모산초등학교,초등학교,운영,35.18571631,128.9952076
B000002663,삼덕초등학교,초등학교,운영,35.17416851,128.9785507
B000002664,학진초등학교,초등학교,운영,35.13302673,128.9751445
B000002665,엄궁초등학교,초등학교,운영,35.12918626,128.9743987
B000002666,동궁초등학교,초등학교,운영,35.1234597,128.9748133
B000002667,주학초등학교,초등학교,운영,35.14606624,129.0121591
B000002668,동주초등학교,초등학교,운영,35.14713448,129.0055597
B000002669,주양초등학교,초등학교,운영,35.15368245,129.0121457
B000002670,주감초등학교,초등학교,운영,35.15391434,129.0014957
B000002671,구학초등학교,초등학교,운영,35.13775929,128.9922143
B000002672,학장초등학교,초등학교,운영,35.14614928,128.9845724
B000002673,해원초등학교,초등학교,운영,35.15882051,129.1439005
B000002674,좌산초등학교,초등학교,운영,35.16885764,129.1838569
B000002675,송정초등학교,초등학교,운영,35.18957289,129.2047686
B000002676,센텀초등학교,초등학교,운영,35.18114063,129.1219392
B000002677,무정초등학교,초등학교,운영,35.19815651,129.123779
B000002678,운송초등학교,초등학교,운영,35.2286372,129.1460873
B000002679,반송초등학교,초등학교,운영,35.22357974,129.1475253
B000002680,운봉초등학교,초등학교,운영,35.22928255,129.1591831
B000002681,송운초등학교,초등학교,운영,35.22861126,129.1573917
B000002682,반석초등학교,초등학교,운영,35.21140292,129.1249825
B000002683,인지초등학교,초등학교,운영,35.20288052,129.1251174
B000002684,장산초등학교,초등학교,운영,35.20004201,129.1196543
B000002687,해동초등학교,초등학교,운영,35.17030489,129.1554468
B000002688,해강초등학교,초등학교,운영,35.16215501,129.1417212
B000002689,해림초등학교,초등학교,운영,35.16501944,129.1438976
B000002690,강동초등학교,초등학교,운영,35.17232166,129.1367469
B000002691,재송초등학교,초등학교,운영,35.18643767,129.1277656
B000002692,반산초등학교,초등학교,운영,35.19344143,129.1296328
B000002693,송수초등학교,초등학교,운영,35.189884,129.1192592
B000002694,신재초등학교,초등학교,운영,35.19176988,129.1227741
B000002695,신도초등학교,초등학교,운영,35.16948324,129.1673801
B000002696,좌동초등학교,초등학교,운영,35.17601553,129.1751421
B000002697,부흥초등학교,초등학교,운영,35.17571116,129.1781936
B000002698,신곡초등학교,초등학교,운영,35.16997592,129.1818688
B000002699,해송초등학교,초등학교,운영,35.16424597,129.179501
B000002700,양운초등학교,초등학교,운영,35.17474688,129.166705
B000002701,해운대초등학교,초등학교,운영,35.16490741,129.1656491
B000002702,동백초등학교,초등학교,운영,35.16401941,129.1812187
B000002703,삼어초등학교,초등학교,운영,35.20869693,129.1158557
B000002704,반안초등학교,초등학교,운영,35.20293351,129.1132302
B000002705,상당초등학교,초등학교,운영,35.17965572,129.1760308
B000002706,광안초등학교,초등학교,운영,35.15741493,129.1171294
B000002707,수영초등학교,초등학교,운영,35.16569999,129.112332
B000002708,호암초등학교,초등학교,운영,35.15816303,129.1063722
B000002709,남천초등학교,초등학교,운영,35.14351561,129.1071268
B000002710,광남초등학교,초등학교,운영,35.14507201,129.1134257
B000002711,망미초등학교,초등학교,운영,35.17491643,129.1143915
B000002712,배산초등학교,초등학교,운영,35.17716124,129.1019367
B000002713,수미초등학교,초등학교,운영,35.16878706,129.1037245
B000002714,민락초등학교,초등학교,운영,35.16094672,129.1269417
B000002715,민안초등학교,초등학교,운영,35.16306608,129.1212164
B000002716,내리초등학교,초등학교,운영,35.2057615,129.2055036
B000002717,신정초등학교,초등학교,운영,35.32865657,129.1676858
B000002718,교리초등학교,초등학교,운영,35.25506637,129.2167847
B000002719,대청초등학교,초등학교,운영,35.23550289,129.2099118
B000002720,용암초등학교,초등학교,운영,35.22530669,129.2268633
B000002721,기장초등학교,초등학교,운영,35.24577217,129.2127656
B000002722,죽성초등학교,초등학교,운영,35.24275627,129.2436029
B000002723,장안초등학교,초등학교,운영,35.34650207,129.2540999
B000002724,월내초등학교,초등학교,운영,35.32806314,129.2824798
B000002725,좌천초등학교,초등학교,운영,35.31195204,129.2395575
B000002726,신진초등학교,초등학교,운영,35.24091918,129.1714604
B000002727,철마초등학교,초등학교,운영,35.27521738,129.1512365
B000002728,칠암초등학교,초등학교,운영,35.29848293,129.2554506
B000002730,월평초등학교,초등학교,운영,35.35969505,129.1383592
B000002731,정관초등학교,초등학교,운영,35.32321474,129.171850
B000002733,대구종로초등학교,초등학교,운영,35.87249671,128.5897301
B000002734,대구수창초등학교,초등학교,운영,35.87429166,128.5834453
B000002735,대구동덕초등학교,초등학교,운영,35.86476327,128.6046765
B000002736,대구삼덕초등학교,초등학교,운영,35.86355823,128.6078444
B000002737,대구초등학교,초등학교,운영,35.86403787,128.5953715
B000002738,대구명덕초등학교,초등학교,운영,35.85754073,128.5890267
B000002739,대구남산초등학교,초등학교,운영,35.86322075,128.5827674
B000002740,대구동인초등학교,초등학교,운영,35.86808439,128.6095062
B000002741,계성초등학교,초등학교,운영,35.86566471,128.5811278
B000002742,대구율금초등학교,초등학교,운영,35.86188872,128.6918365
B000002743,대구신천초등학교,초등학교,운영,35.87162754,128.6210089
B000002744,대구해안초등학교,초등학교,운영,35.89617793,128.6830243
B000002745,대구해서초등학교,초등학교,운영,35.91807034,128.6430541
B000002746,대구반야월초등학교,초등학교,운영,35.86827216,128.7107606
B000002747,대구송정초등학교,초등학교,운영,35.87060567,128.7340252
B000002748,대구공산초등학교,초등학교,운영,35.9564807,128.6906261
B000002750,대구동촌초등학교,초등학교,운영,35.88202794,128.6589293
B000002751,대구방촌초등학교,초등학교,운영,35.88064626,128.6630356
B000002752,대구용호초등학교,초등학교,운영,35.8773574,128.6723645
B000002753,대구불로초등학교,초등학교,운영,35.89748035,128.633502
B000002754,대구아양초등학교,초등학교,운영,35.88746268,128.6374338
B000002755,대구신성초등학교,초등학교,운영,35.89012307,128.6289423
B000002756,동대구초등학교,초등학교,운영,35.87969333,128.620970
B000002757,대구덕성초등학교,초등학교,운영,35.88210504,128.6284765
B000002758,대구동신초등학교,초등학교,운영,35.87827471,128.6150277
B000002759,대구동부초등학교,초등학교,운영,35.88802465,128.619832
B000002760,대구효신초등학교,초등학교,운영,35.87266981,128.6321173
B000002761,대구안일초등학교,초등학교,운영,35.87142509,128.6952241
B000002762,대구율하초등학교,초등학교,운영,35.86781392,128.7015382
B000002763,대구지묘초등학교,초등학교,운영,35.9428758,128.6389777
B000002764,대구효동초등학교,초등학교,운영,35.88412627,128.6447693
B000002765,대구효목초등학교,초등학교,운영,35.8760038,128.6415759
B000002766,대구율원초등학교,초등학교,운영,35.86480807,128.7007398
B000002767,대구동호초등학교,초등학교,운영,35.86535031,128.7204845
B000002768,대구입석초등학교,초등학교,운영,35.89069195,128.6439985
B000002769,대구강동초등학교,초등학교,운영,35.86803973,128.7302386
B000002770,영신초등학교,초등학교,운영,35.92000422,128.646424
B000002771,대구숙천초등학교,초등학교,운영,35.87696975,128.7533077
B000002772,대구동산초등학교,초등학교,운영,35.84914164,128.628072
B000002773,대구동문초등학교,초등학교,운영,35.87481761,128.6524258
B000002774,대구동일초등학교,초등학교,운영,35.85810017,128.6168819
B000002775,대구시지초등학교,초등학교,운영,35.84378451,128.7031905
B000002776,대구매호초등학교,초등학교,운영,35.84150742,128.7121182
B000002777,대구매동초등학교,초등학교,운영,35.84523197,128.7092147
B000002778,대구신매초등학교,초등학교,운영,35.83660884,128.7092663
B000002779,대구사월초등학교,초등학교,운영,35.83405178,128.7150404
B000002780,대구욱수초등학교,초등학교,운영,35.83137706,128.7077554
B000002781,대구청림초등학교,초등학교,운영,35.83563358,128.7033758
B000002782,대구노변초등학교,초등학교,운영,35.83774464,128.6976282
B000002783,대구고산초등학교,초등학교,운영,35.84395419,128.693156
B000002784,대구들안길초등학교,초등학교,운영,35.83889748,128.6184098
B000002785,대구중앙초등학교,초등학교,운영,35.87001242,128.640349
B000002786,대구만촌초등학교,초등학교,운영,35.86668961,128.6479227
B000002787,대구대청초등학교,초등학교,운영,35.85090611,128.6501674
B000002788,대구동원초등학교,초등학교,운영,35.86486801,128.6398865
B000002789,대구복명초등학교,초등학교,운영,35.8176268,128.6472131
B000002790,대구범물초등학교,초등학교,운영,35.82148369,128.6448582
B000002791,대구범일초등학교,초등학교,운영,35.81631646,128.6388284
B000002792,대구동천초등학교,초등학교,운영,35.86584724,128.6252642
B000002793,대구경동초등학교,초등학교,운영,35.85220646,128.6393548
B000002794,대구범어초등학교,초등학교,운영,35.86056415,128.6334733
B000002795,대구동도초등학교,초등학교,운영,35.85709448,128.6240176
B000002796,대구수성초등학교,초등학교,운영,35.83721988,128.6105947
B000002797,대구동성초등학교,초등학교,운영,35.85344552,128.6127108
B000002798,대구지봉초등학교,초등학교,운영,35.82544725,128.6408048
B000002799,대구두산초등학교,초등학교,운영,35.83259729,128.6260889
B000002800,대구지산초등학교,초등학교,운영,35.82695925,128.6301905
B000002801,대구용지초등학교,초등학교,운영,35.82203127,128.6327623
B000002802,대구파동초등학교,초등학교,운영,35.82401679,128.6074144
B000002803,대구성동초등학교,초등학교,운영,35.84090465,128.6322834
B000002804,대구황금초등학교,초등학교,운영,35.84422126,128.6183787
B000002805,대구삼육초등학교,초등학교,운영,35.83976721,128.6106654
B000002806,대구달성초등학교,초등학교,운영,35.88281808,128.5792104
B000002807,대구내서초등학교,초등학교,운영,35.86381964,128.566760
B000002808,대구두류초등학교,초등학교,운영,35.86161552,128.5599761
B000002809,대구경운초등학교,초등학교,운영,35.86088038,128.5527191
B000002810,대구서부초등학교,초등학교,운영,35.87387969,128.5737138
B000002811,대구대성초등학교,초등학교,운영,35.87040591,128.5771526
B000002812,대구비봉초등학교,초등학교,운영,35.88276366,128.5686561
B000002813,대구북비산초등학교,초등학교,운영,35.88154517,128.5645911
B000002814,대구인지초등학교,초등학교,운영,35.88618347,128.5672852
B000002815,서대구초등학교,초등학교,운영,35.88941379,128.5577335
B000002816,대구중리초등학교,초등학교,운영,35.86971383,128.5454392
B000002817,대구달서초등학교,초등학교,운영,35.86684409,128.5505467
B000002818,대구서평초등학교,초등학교,운영,35.87825232,128.5479041
B000002819,대구비산초등학교,초등학교,운영,35.8787485,128.5643247
B000002820,대구평리초등학교,초등학교,운영,35.87239568,128.5613416
B000002821,대구서도초등학교,초등학교,운영,35.86727153,128.5653531
B000002822,대구이현초등학교,초등학교,운영,35.87348606,128.5503997
B000002824,대구관문초등학교,초등학교,운영,35.90869955,128.5461555
B000002825,대구관음초등학교,초등학교,운영,35.93992241,128.5471137
B000002826,대구관남초등학교,초등학교,운영,35.93683639,128.5477779
B000002827,대구강북초등학교,초등학교,운영,35.94086182,128.5667658
B000002828,대구운암초등학교,초등학교,운영,35.93560291,128.565682
B000002829,대구구암초등학교,초등학교,운영,35.9281013,128.5577604
B000002831,대구신암초등학교,초등학교,운영,35.88376431,128.611623
B000002832,대구매천초등학교,초등학교,운영,35.91332651,128.5410367
B000002833,대구문성초등학교,초등학교,운영,35.90581213,128.6203559
B000002834,대구복현초등학교,초등학교,운영,35.89760701,128.6215386
B000002835,대구경진초등학교,초등학교,운영,35.8920273,128.6170925
B000002836,북대구초등학교,초등학교,운영,35.90328492,128.6095212
B000002838,대구산격초등학교,초등학교,운영,35.89455113,128.6063966
B000002839,대구대산초등학교,초등학교,운영,35.89611556,128.5931912
B000002840,대구교동초등학교,초등학교,운영,35.94475315,128.5494463
B000002841,대구칠곡초등학교,초등학교,운영,35.94517087,128.5517244
B000002842,대구대천초등학교,초등학교,운영,35.93720911,128.5543646
B000002843,대구옥산초등학교,초등학교,운영,35.8808955,128.5978756
B000002844,대구칠성초등학교,초등학교,운영,35.88703348,128.5932407
B000002845,대구달산초등학교,초등학교,운영,35.88770026,128.5851901
B000002846,대구침산초등학교,초등학교,운영,35.89111551,128.585073
B000002847,대구태현초등학교,초등학교,운영,35.92816804,128.5406321
B000002848,대구관천초등학교,초등학교,운영,35.93053458,128.5520401
B000002849,대구태암초등학교,초등학교,운영,35.92308728,128.5505021
B000002850,대구태전초등학교,초등학교,운영,35.93024595,128.5460016
B000002851,대구도남초등학교,초등학교,운영,35.94868547,128.5771887
B000002852,대구학남초등학교,초등학교,운영,35.94624601,128.5662722
B000002853,대구동변초등학교,초등학교,운영,35.91913153,128.604165
B000002854,대구북부초등학교,초등학교,운영,35.93347965,128.559214
B000002855,대구함지초등학교,초등학교,운영,35.93473483,128.5578627
B000002856,대구동평초등학교,초등학교,운영,35.93900005,128.5608205
B000002857,대구성북초등학교,초등학교,운영,35.92640879,128.5942863
B000002858,대구서변초등학교,초등학교,운영,35.9207565,128.5950136
B000002859,대구팔달초등학교,초등학교,운영,35.89795044,128.5449083
B000002860,대구학정초등학교,초등학교,운영,35.94822595,128.5689765
B000002861,대구효명초등학교,초등학교,운영,35.83465147,128.601058
B000002862,대구남도초등학교,초등학교,운영,35.84427387,128.5813642
B000002863,대구남명초등학교,초등학교,운영,35.83436385,128.5819866
B000002864,대구남덕초등학교,초등학교,운영,35.83306282,128.5739472
B000002865,대구대명초등학교,초등학교,운영,35.83889592,128.5688413
B000002866,대구대덕초등학교,초등학교,운영,35.83048863,128.5616736
B000002867,남대구초등학교,초등학교,운영,35.8535697,128.5864793
B000002868,대구성명초등학교,초등학교,운영,35.84515662,128.5708211
B000002869,대구봉덕초등학교,초등학교,운영,35.83968334,128.5968429
B000002870,대구대봉초등학교,초등학교,운영,35.85166409,128.6048079
B000002871,대구영선초등학교,초등학교,운영,35.85290128,128.5960139
B000002872,대구교육대학교대구부설초등학교,초등학교,운영,35.80596892,128.5323853
B000002873,대구장기초등학교,초등학교,운영,35.84439346,128.5290125
B000002874,대구대남초등학교,초등학교,운영,35.82410265,128.5517486
B000002875,대구진천초등학교,초등학교,운영,35.8112815,128.5195472
B000002876,대구유천초등학교,초등학교,운영,35.8125707,128.5118589
B000002877,대구도원초등학교,초등학교,운영,35.80470737,128.5421307
B000002878,대구대곡초등학교,초등학교,운영,35.8032986,128.5357039
B000002879,대구노전초등학교,초등학교,운영,35.80817454,128.5312233
B000002880,대구남송초등학교,초등학교,운영,35.83490796,128.5453631
B000002881,대구월서초등학교,초등학교,운영,35.82174515,128.5318133
B000002882,대구상인초등학교,초등학교,운영,35.81293403,128.5426728
B000002883,대구대서초등학교,초등학교,운영,35.82006524,128.5499433
B000002884,대구월촌초등학교,초등학교,운영,35.81635707,128.5432703
B000002885,대구월곡초등학교,초등학교,운영,35.8121612,128.5492653
B000002886,대구상원초등학교,초등학교,운영,35.80636651,128.5506746
B000002887,대구송현초등학교,초등학교,운영,35.82868737,128.5448569
B000002888,대구감천초등학교,초등학교,운영,35.83522361,128.5330966
B000002889,대구학산초등학교,초등학교,운영,35.83110936,128.5260827
B000002890,대구월성초등학교,초등학교,운영,35.83108781,128.5318978
B000002891,대구송일초등학교,초등학교,운영,35.82413307,128.5328213
B000002892,대구신월초등학교,초등학교,운영,35.82056001,128.5224969
B000002893,대구조암초등학교,초등학교,운영,35.82402286,128.5284353
B000002894,대구월암초등학교,초등학교,운영,35.828572,128.5217032
B000002895,대구월배초등학교,초등학교,운영,35.81642856,128.528311
B000002896,대구진월초등학교,초등학교,운영,35.81090267,128.5282878
B000002897,대구대진초등학교,초등학교,운영,35.80666215,128.5217068
B000002898,대구감삼초등학교,초등학교,운영,35.84917998,128.5451459
B000002899,대구본리초등학교,초등학교,운영,35.84457479,128.5386389
B000002900,대구성남초등학교,초등학교,운영,35.85332963,128.5722856
B000002901,대구내당초등학교,초등학교,운영,35.86063972,128.5723832
B000002902,대구신흥초등학교,초등학교,운영,35.85633367,128.5563376
B000002903,대구성당초등학교,초등학교,운영,35.84050576,128.5472902
B000002904,대구덕인초등학교,초등학교,운영,35.83856871,128.5344725
B000002905,대구남부초등학교,초등학교,운영,35.8441231,128.5524346
B000002906,대구신서초등학교,초등학교,운영,35.85793519,128.4947454
B000002907,대구신당초등학교,초등학교,운영,35.85329484,128.4962674
B000002908,대구성지초등학교,초등학교,운영,35.85329006,128.5187152
B000002909,대구성서초등학교,초등학교,운영,35.85196163,128.5144493
B000002910,대구죽전초등학교,초등학교,운영,35.85778703,128.5399269
B000002911,대구성산초등학교,초등학교,운영,35.85789464,128.5189193
B000002912,대구선원초등학교,초등학교,운영,35.86101498,128.5155245
B000002913,대구용산초등학교,초등학교,운영,35.85522492,128.5320515
B000002914,대구용전초등학교,초등학교,운영,35.86109075,128.5312139
B000002915,대구장산초등학교,초등학교,운영,35.85483742,128.5265018
B000002916,대구와룡초등학교,초등학교,운영,35.85707321,128.5018281
B000002917,대구이곡초등학교,초등학교,운영,35.85684549,128.5137308
B000002918,대구성곡초등학교,초등학교,운영,35.85809784,128.5135151
B000002919,대구장성초등학교,초등학교,운영,35.85035905,128.523264
B000002920,대구장동초등학교,초등학교,운영,35.84478484,128.5317635
B000002921,대구호산초등학교,초등학교,운영,35.84907047,128.4790049
B000002923,효성초등학교,초등학교,운영,35.82406479,128.5429938
B000002924,대구다사초등학교,초등학교,운영,35.8694288,128.4584848
B000002925,대구왕선초등학교,초등학교,운영,35.86319531,128.465206
B000002926,대구매곡초등학교,초등학교,운영,35.86225581,128.4681199
B000002927,대구서재초등학교,초등학교,운영,35.87192218,128.4983801
B000002928,대구도림초등학교,초등학교,운영,35.87810529,128.4997991
B000002929,대구죽곡초등학교,초등학교,운영,35.85679928,128.4633312
B000002930,대구천내초등학교,초등학교,운영,35.80943449,128.501982
B000002931,대구화남초등학교,초등학교,운영,35.80002003,128.498009
B000002932,대구명곡초등학교,초등학교,운영,35.79667071,128.4961175
B000002933,대구화원초등학교,초등학교,운영,35.80302218,128.4993245
B000002934,대구화동초등학교,초등학교,운영,35.79954584,128.5096929
B000002935,대구금포초등학교,초등학교,운영,35.77429302,128.4254986
B000002936,대구북동초등학교,초등학교,운영,35.72947978,128.4413202
B000002937,대구논공초등학교,초등학교,운영,35.73107603,128.4376482
B000002938,대구남동초등학교,초등학교,운영,35.72463823,128.456469
B000002939,대구동곡초등학교,초등학교,운영,35.87936389,128.4173532
B000002940,대구하빈초등학교,초등학교,운영,35.90163733,128.4421117
B000002941,대구반송초등학교,초등학교,운영,35.75661793,128.4946927
B000002942,대구금계초등학교,초등학교,운영,35.78888934,128.443749
B000002943,대구옥포초등학교,초등학교,운영,35.78778718,128.4641599
B000002944,대구가창초등학교,초등학교,운영,35.77105069,128.648247
B000002945,대구용계초등학교,초등학교,운영,35.80456757,128.6216025
B000002946,대구현풍초등학교,초등학교,운영,35.69810979,128.4484953
B000002947,대구공업고등학교 테크노폴리스 캠퍼스,고등학교,운영,35.67008799,128.4549742
B000002948,대구구지초등학교,초등학교,운영,35.66021157,128.4125882
B000002949,인천신흥초등학교,초등학교,운영,37.47024571,126.6282027
B000002950,인천신광초등학교,초등학교,운영,37.4636758,126.634803
B000002951,인천신선초등학교,초등학교,운영,37.45138643,126.6275735
B000002952,인천송월초등학교,초등학교,운영,37.47887903,126.6246821
B000002953,인천운서초등학교,초등학교,운영,37.483529,126.5120243
B000002954,인천용유초등학교,초등학교,운영,37.44822388,126.4123542
B000002955,인천연안초등학교,초등학교,운영,37.45368752,126.6076254
B000002956,인천운남초등학교,초등학교,운영,37.49040132,126.5303946
B000002957,인천공항초등학교,초등학교,운영,37.49186253,126.4860008
B000002958,인천삼목초등학교,초등학교,운영,37.49866348,126.486412
B000002959,인천영종초등학교,초등학교,운영,37.48865901,126.5537236
B000002960,인성초등학교,초등학교,운영,37.4739458,126.624248
B000002962,인천영종초등학교금산분교장,초등학교,운영,37.51341888,126.521452
B000002963,인천만석초등학교,초등학교,운영,37.48449887,126.6279399
B000002964,인천송현초등학교,초등학교,운영,37.48190454,126.6340347
B000002965,인천창영초등학교,초등학교,운영,37.47158502,126.6396954
B000002966,인천송림초등학교,초등학교,운영,37.47377103,126.6374351
B000002967,인천서흥초등학교,초등학교,운영,37.47865812,126.6445955
B000002968,인천서림초등학교,초등학교,운영,37.47540994,126.6460179
B000002969,인천동명초등학교,초등학교,운영,37.47411142,126.6420423
B000002970,영화초등학교,초등학교,운영,37.47139745,126.6403955
B000002971,인천숭의초등학교,초등학교,운영,37.46371972,126.6557067
B000002972,인천용정초등학교,초등학교,운영,37.45943698,126.657235
B000002973,인천용일초등학교,초등학교,운영,37.45245007,126.6633622
B000002974,인천용현초등학교,초등학교,운영,37.45311116,126.6408079
B000002975,인천용현남초등학교,초등학교,운영,37.4478941,126.641960
B000002976,인천학산초등학교,초등학교,운영,37.43982892,126.658160
B000002977,인천백학초등학교,초등학교,운영,37.43892166,126.671948
B000002978,인천도화초등학교,초등학교,운영,37.46314321,126.667845
B000002979,인천문학초등학교,초등학교,운영,37.4398904,126.6828332
B000002980,인천관교초등학교,초등학교,운영,37.44625655,126.692780
B000002981,인천경원초등학교,초등학교,운영,37.46136602,126.6957692
B000002982,인천석암초등학교,초등학교,운영,37.462350,126.6867275
B000002983,인천남부초등학교,초등학교,운영,37.45036277,126.6758729
B000002984,인천승학초등학교,초등학교,운영,37.44040271,126.6965588
B000002985,인천서화초등학교,초등학교,운영,37.47398641,126.6608141
B000002986,인천대화초등학교,초등학교,운영,37.46903368,126.6685133
B000002987,인천주안북초등학교,초등학교,운영,37.46816063,126.6780956
B000002989,인천주안남초등학교,초등학교,운영,37.44955342,126.6850024
B000002990,인천학익초등학교,초등학교,운영,37.44706316,126.6586364
B000002991,인천인주초등학교,초등학교,운영,37.44238998,126.6737257
B000002992,인천연학초등학교,초등학교,운영,37.44356467,126.6719174
B000002993,연평초등학교,초등학교,운영,37.66412421,125.7010233
B000002994,대청초등학교,초등학교,운영,37.83260281,124.6968435
B000002995,영흥초등학교,초등학교,운영,37.25379102,126.4668803
B000002996,덕적초등학교,초등학교,운영,37.22538058,126.1481953
B000002997,북포초등학교,초등학교,운영,37.95861923,124.6616246
B000002998,백령초등학교,초등학교,운영,37.97538221,124.7153331
B000002999,인천공항초등학교신도분교장,초등학교,운영,37.52007825,126.4427803
B000003000,인천삼목초등학교장봉분교장,초등학교,운영,37.5339125,126.3376011
B000003004,인천남부초등학교이작분교장,초등학교,운영,37.17676235,126.2527598
B000003005,인천용현남초등학교자월분교장,초등학교,운영,37.2530353,126.3066329
B000003006,인천부평서초등학교,초등학교,운영,37.49511249,126.7218358
B000003007,인천부곡초등학교,초등학교,운영,37.50351243,126.707099
B000003008,인천마곡초등학교,초등학교,운영,37.51206357,126.6978699
B000003009,인천대정초등학교,초등학교,운영,37.4932149,126.7098548
B000003010,인천청천초등학교,초등학교,운영,37.52046929,126.7003896
B000003011,인천갈산초등학교,초등학교,운영,37.5125544,126.7283628
B000003012,인천후정초등학교,초등학교,운영,37.5231572,126.743587
B000003013,인천영선초등학교,초등학교,운영,37.51537396,126.7344356
B000003014,인천진산초등학교,초등학교,운영,37.51294482,126.7416908
B000003015,인천구산초등학교,초등학교,운영,37.50605262,126.7394438
B000003016,인천부일초등학교,초등학교,운영,37.50120165,126.741505
B000003017,인천부내초등학교,초등학교,운영,37.49815308,126.7417021
B000003018,인천부개서초등학교,초등학교,운영,37.48977696,126.7343965
B000003019,인천부광초등학교,초등학교,운영,37.49907609,126.7366456
B000003020,인천일신초등학교,초등학교,운영,37.48385816,126.7423924
B000003021,인천금마초등학교,초등학교,운영,37.47847426,126.7492925
B000003022,인천상정초등학교,초등학교,운영,37.47985202,126.6988075
B000003023,인천부평북초등학교,초등학교,운영,37.52086593,126.7293597
B000003024,인천갈월초등학교,초등학교,운영,37.51033274,126.7250527
B000003025,인천부개초등학교,초등학교,운영,37.48566269,126.7382918
B000003026,인천동수초등학교,초등학교,운영,37.48438604,126.7311002
B000003027,인천부원초등학교,초등학교,운영,37.50247054,126.7199279
B000003028,인천부흥초등학교,초등학교,운영,37.49625571,126.7311865
B000003029,인천부평동초등학교,초등학교,운영,37.49951398,126.7244083
B000003030,인천부평남초등학교,초등학교,운영,37.48870871,126.7202026
B000003031,인천산곡북초등학교,초등학교,운영,37.51140879,126.7016548
B000003032,인천산곡초등학교,초등학교,운영,37.50684551,126.7012024
B000003033,인천부마초등학교,초등학교,운영,37.50634715,126.7058972
B000003034,인천미산초등학교,초등학교,운영,37.50457911,126.7098019
B000003035,인천산곡남초등학교,초등학교,운영,37.49689974,126.7062072
B000003036,인천신촌초등학교,초등학교,운영,37.48675419,126.7067291
B000003037,인천하정초등학교,초등학교,운영,37.47526064,126.7007076
B000003038,인천십정초등학교,초등학교,운영,37.4742768,126.6982451
B000003039,인천백운초등학교,초등학교,운영,37.48004913,126.7048644
B000003040,인천동암초등학교,초등학교,운영,37.47210513,126.7067791
B000003041,인천용마초등학교,초등학교,운영,37.51585568,126.7073832
B000003042,인천마장초등학교,초등학교,운영,37.50618935,126.7091215
B000003043,인천개흥초등학교,초등학교,운영,37.50457552,126.7277395
B000003044,인천삼산초등학교,초등학교,운영,37.52132548,126.7382531
B000003045,인천한길초등학교,초등학교,운영,37.51911675,126.7455438
B000003046,인천굴포초등학교,초등학교,운영,37.51102652,126.7369232
B000003047,한일초등학교,초등학교,운영,37.50573808,126.6937058
B000003048,인천명선초등학교,초등학교,운영,37.40258015,126.6474045
B000003049,인천축현초등학교,초등학교,운영,37.42252517,126.6542596
B000003050,인천송도초등학교,초등학교,운영,37.42676606,126.6586027
B000003051,인천능허대초등학교,초등학교,운영,37.42412228,126.6487672
B000003052,인천선학초등학교,초등학교,운영,37.4241425,126.7006245
B000003053,인천중앙초등학교,초등학교,운영,37.41725067,126.6859818
B000003054,인천연화초등학교,초등학교,운영,37.41162047,126.6813944
B000003055,인천함박초등학교,초등학교,운영,37.42425785,126.6772791
B000003056,인천청학초등학교,초등학교,운영,37.41996839,126.6704681
B000003057,인천청량초등학교,초등학교,운영,37.41192857,126.6747258
B000003058,인천연성초등학교,초등학교,운영,37.40852626,126.6793816
B000003059,인천동춘초등학교,초등학교,운영,37.40969974,126.6686618
B000003060,인천동막초등학교,초등학교,운영,37.40304705,126.6745542
B000003061,인천서면초등학교,초등학교,운영,37.40366537,126.6708267
B000003062,인천연수초등학교,초등학교,운영,37.42225853,126.6949016
B000003063,인천문남초등학교,초등학교,운영,37.42099336,126.6792927
B000003064,인천옥련초등학교,초등학교,운영,37.42551392,126.6488193
B000003065,인천신정초등학교,초등학교,운영,37.39732894,126.6444905
B000003066,인천해송초등학교,초등학교,운영,37.3809103,126.6492847
B000003067,인천신송초등학교,초등학교,운영,37.3906441,126.657771
B000003068,인천먼우금초등학교,초등학교,운영,37.39330645,126.6541879
B000003069,인천박문초등학교,초등학교,운영,37.403119,126.6654985
B000003070,인천남촌초등학교,초등학교,운영,37.42976361,126.713181
B000003071,인천성리초등학교,초등학교,운영,37.4457368,126.7099273
B000003073,인천정각초등학교,초등학교,운영,37.45604107,126.7152654
B000003074,인천간석초등학교,초등학교,운영,37.45925947,126.7154465
B000003075,인천구월서초등학교,초등학교,운영,37.45302564,126.6950329
B000003076,인천상아초등학교,초등학교,운영,37.45747832,126.7120977
B000003077,상인천초등학교,초등학교,운영,37.4623041,126.7074153
B000003078,인천석정초등학교,초등학교,운영,37.46708126,126.6957525
B000003079,인천만수북초등학교,초등학교,운영,37.4601282,126.7289698
B000003080,인천동부초등학교,초등학교,운영,37.46304522,126.7275621
B000003081,인천인수초등학교,초등학교,운영,37.45409709,126.7354837
B000003082,인천만수초등학교,초등학교,운영,37.44730181,126.7347827
B000003083,인천도림초등학교,초등학교,운영,37.41903649,126.7320005
B000003084,인천은봉초등학교,초등학교,운영,37.40547311,126.7252797
B000003085,인천장도초등학교,초등학교,운영,37.40789739,126.7336259
B000003086,인천동방초등학교,초등학교,운영,37.40316071,126.7195491
B000003087,인천원동초등학교,초등학교,운영,37.39689725,126.7308567
B000003088,인천사리울초등학교,초등학교,운영,37.38857805,126.7235882
B000003089,인천고잔초등학교,초등학교,운영,37.3929197,126.7285336
B000003090,인천약산초등학교,초등학교,운영,37.46774114,126.7102298
B000003091,인천주원초등학교,초등학교,운영,37.46515907,126.7004171
B000003092,인천송천초등학교,초등학교,운영,37.39543232,126.7226454
B000003093,인천석천초등학교,초등학교,운영,37.4559795,126.7087815
B000003094,인천신월초등학교,초등학교,운영,37.44792853,126.7233722
B000003095,인천구월초등학교,초등학교,운영,37.45173667,126.7168365
B000003096,인천소래초등학교,초등학교,운영,37.4044376,126.7343599
B000003097,인천논현초등학교,초등학교,운영,37.40518025,126.7305927
B000003098,인천논곡초등학교,초등학교,운영,37.41056023,126.709953
B000003099,인천새말초등학교,초등학교,운영,37.45985909,126.7338477
B000003100,인천조동초등학교,초등학교,운영,37.46075342,126.7397554
B000003101,인천인동초등학교,초등학교,운영,37.46258155,126.7225981
B000003102,인천장수초등학교,초등학교,운영,37.45033829,126.7416507
B000003103,인천담방초등학교,초등학교,운영,37.4404917,126.7363191
B000003104,인천남동초등학교,초등학교,운영,37.44479911,126.7370609
B000003105,인천서창초등학교,초등학교,운영,37.43592687,126.7500721
B000003106,경인교육대학교부설초등학교,초등학교,운영,37.53764346,126.7125071
B000003107,인천효성동초등학교,초등학교,운영,37.53277166,126.7158644
B000003108,인천효성남초등학교,초등학교,운영,37.52817374,126.7155508
B000003109,인천효성초등학교,초등학교,운영,37.536806,126.7106067
B000003110,인천해서초등학교,초등학교,운영,37.54015932,126.7177114
B000003111,인천안남초등학교,초등학교,운영,37.5412094,126.7324017
B000003112,인천성지초등학교,초등학교,운영,37.52649282,126.7200667
B000003113,인천화전초등학교,초등학교,운영,37.52846783,126.7315531
B000003114,인천서운초등학교,초등학교,운영,37.52691177,126.7447561
B000003115,인천신대초등학교,초등학교,운영,37.53895621,126.7435806
B000003116,인천길주초등학교,초등학교,운영,37.54202031,126.7427317
B000003117,인천병방초등학교,초등학교,운영,37.5466581,126.7403118
B000003118,인천양촌초등학교,초등학교,운영,37.5506269,126.7443725
B000003119,인천소양초등학교,초등학교,운영,37.55625874,126.7425332
B000003120,인천당산초등학교,초등학교,운영,37.55869681,126.7595313
B000003121,인천귤현초등학교,초등학교,운영,37.56854736,126.7470101
B000003122,인천계양초등학교,초등학교,운영,37.57922129,126.7336487
B000003123,인천계산초등학교,초등학교,운영,37.54493497,126.718468
B000003124,인천안산초등학교,초등학교,운영,37.54409319,126.7317526
B000003125,인천부평초등학교,초등학교,운영,37.5421158,126.7229874
B000003126,인천부현초등학교,초등학교,운영,37.5363774,126.7320664
B000003127,인천부현동초등학교,초등학교,운영,37.53456549,126.7404465
B000003128,인천작전초등학교,초등학교,운영,37.53512867,126.7291294
B000003129,인천작동초등학교,초등학교,운영,37.52928914,126.7359408
B000003130,인천명현초등학교,초등학교,운영,37.53190716,126.7126128
B000003131,인천효성서초등학교,초등학교,운영,37.5279826,126.6986766
B000003132,인천계양초등학교상야분교장,초등학교,운영,37.57921669,126.7804405
B000003133,인천해원초등학교,초등학교,운영,37.52761134,126.6260936
B000003134,인천경명초등학교,초등학교,운영,37.5369986,126.6373144
B000003135,인천공촌초등학교,초등학교,운영,37.54867977,126.6832573
B000003137,인천간재울초등학교,초등학교,운영,37.56033764,126.6722937
B000003138,인천경서초등학교,초등학교,운영,37.55666143,126.650985
B000003139,인천청라초등학교,초등학교,운영,37.53774888,126.6556967
B000003140,인천초은초등학교,초등학교,운영,37.52842319,126.6558477
B000003141,인천양지초등학교,초등학교,운영,37.54002481,126.6711946
B000003142,인천심곡초등학교,초등학교,운영,37.5436333,126.6826226
B000003143,인천신석초등학교,초등학교,운영,37.51050462,126.6640321
B000003144,인천석남초등학교,초등학교,운영,37.50977877,126.680264
B000003145,인천천마초등학교,초등학교,운영,37.5048986,126.6793047
B000003146,인천봉수초등학교,초등학교,운영,37.52638812,126.6786861
B000003147,인천신현북초등학교,초등학교,운영,37.51838361,126.6667051
B000003148,인천가림초등학교,초등학교,운영,37.49058351,126.6810501
B000003149,인천봉화초등학교,초등학교,운영,37.49535502,126.6703195
B000003150,인천건지초등학교,초등학교,운영,37.49548863,126.6774856
B000003151,인천능내초등학교,초등학교,운영,37.60244235,126.6665079
B000003152,인천검단초등학교,초등학교,운영,37.61079703,126.6697067
B000003153,인천완정초등학교,초등학교,운영,37.59847454,126.6642469
B000003154,인천불로초등학교,초등학교,운영,37.61381127,126.6888476
B000003155,인천목향초등학교,초등학교,운영,37.61620512,126.6943003
B000003156,인천왕길초등학교,초등학교,운영,37.60198104,126.6510585
B000003157,인천단봉초등학교,초등학교,운영,37.59843764,126.6377448
B000003158,인천원당초등학교,초등학교,운영,37.59251428,126.6913305
B000003159,인천발산초등학교,초등학교,운영,37.59011616,126.6991478
B000003160,인천창신초등학교,초등학교,운영,37.59892346,126.6982147
B000003161,인천금곡초등학교,초등학교,운영,37.6054434,126.650610
B000003162,인천가석초등학교,초등학교,운영,37.51475728,126.6796755
B000003163,인천가좌초등학교,초등학교,운영,37.4901503,126.6835279
B000003164,인천가정초등학교,초등학교,운영,37.49166135,126.6884322
B000003165,인천당하초등학교,초등학교,운영,37.59005774,126.6776991
B000003166,인천마전초등학교,초등학교,운영,37.59749871,126.6709335
B000003167,인천석남서초등학교,초등학교,운영,37.50014147,126.6703935
B000003168,인천가현초등학교,초등학교,운영,37.52231349,126.6684961
B000003169,인천신현초등학교,초등학교,운영,37.51473968,126.6701041
B000003170,인천서곶초등학교,초등학교,운영,37.54784271,126.6694055
B000003171,인천검암초등학교,초등학교,운영,37.56796266,126.678293
B000003172,인천은지초등학교,초등학교,운영,37.56470084,126.6849902
B000003173,길상초등학교,초등학교,운영,37.63846399,126.4904289
B000003174,양도초등학교,초등학교,운영,37.68897162,126.4193695
B000003175,조산초등학교,초등학교,운영,37.65331522,126.4383617
B000003176,화도초등학교,초등학교,운영,37.63186752,126.4187675
B000003177,대월초등학교,초등학교,운영,37.76056025,126.490173
B000003178,갑룡초등학교,초등학교,운영,37.74321915,126.5036224
B000003179,강화초등학교,초등학교,운영,37.75034709,126.4861312
B000003180,합일초등학교,초등학교,운영,37.74428793,126.4828082
B000003181,송해초등학교,초등학교,운영,37.7694551,126.4610541
B000003182,선원초등학교,초등학교,운영,37.71504985,126.4799441
B000003183,불은초등학교,초등학교,운영,37.6836163,126.4874954
B000003184,삼성초등학교,초등학교,운영,37.70759295,126.4495644
B000003185,하점초등학교,초등학교,운영,37.77369223,126.4141874
B000003186,명신초등학교,초등학교,운영,37.7446252,126.3905401
B000003187,양사초등학교,초등학교,운영,37.80312265,126.4215131
B000003188,내가초등학교,초등학교,운영,37.72149999,126.3913304
B000003189,해명초등학교,초등학교,운영,37.66870002,126.362707
B000003190,삼산초등학교,초등학교,운영,37.7030456,126.3216158
B000003192,교동초등학교,초등학교,운영,37.78418473,126.2813257
B000003194,서도초등학교,초등학교,운영,37.64803766,126.2524746
B000003196,광주중앙초등학교,초등학교,운영,35.15092881,126.918641
B000003197,광주계림초등학교,초등학교,운영,35.1604965,126.9219738
B000003198,광주장원초등학교,초등학교,운영,35.15778931,126.9377323
B000003199,광주동산초등학교,초등학교,운영,35.14855605,126.9355553
B000003200,광주남초등학교,초등학교,운영,35.125543,126.9330661
B000003201,율곡초등학교,초등학교,운영,35.1605384,126.9356033
B000003202,광주산수초등학교,초등학교,운영,35.15584046,126.9283371
B000003203,광주서석초등학교,초등학교,운영,35.14755252,126.925560
B000003204,광주용산초등학교,초등학교,운영,35.11876782,126.9316526
B000003205,광주학운초등학교,초등학교,운영,35.1332618,126.9471528
B000003206,살레시오초등학교,초등학교,운영,35.11849619,126.8504587
B000003207,빛고을초등학교,초등학교,운영,35.16934672,126.8592478
B000003208,광림초등학교,초등학교,운영,35.16945074,126.8708963
B000003209,광주교육대학교광주부설초등학교,초등학교,운영,35.16471468,126.9256972
B000003210,광주수창초등학교,초등학교,운영,35.15618871,126.9066548
B000003211,용주초등학교,초등학교,운영,35.18152772,126.8989699
B000003212,광주우산초등학교,초등학교,운영,35.1759524,126.920379
B000003213,광주문화초등학교,초등학교,운영,35.17341728,126.9313378
B000003214,문산초등학교,초등학교,운영,35.18729246,126.9251428
B000003215,문흥초등학교,초등학교,운영,35.18106097,126.9143537
B000003216,문정초등학교,초등학교,운영,35.18944153,126.9215793
B000003217,문흥중앙초등학교,초등학교,운영,35.18340794,126.9211632
B000003218,문우초등학교,초등학교,운영,35.1861228,126.9164071
B000003219,오정초등학교,초등학교,운영,35.18590225,126.9119857
B000003220,매곡초등학교,초등학교,운영,35.19426025,126.8942973
B000003221,일곡초등학교,초등학교,운영,35.20734077,126.8983974
B000003222,일신초등학교,초등학교,운영,35.21112602,126.8951264
B000003223,광주동운초등학교,초등학교,운영,35.17493679,126.8841211
B000003224,광주운암초등학교,초등학교,운영,35.18047858,126.8709882
B000003225,양지초등학교,초등학교,운영,35.20842044,126.8812042
B000003226,광주양산초등학교,초등학교,운영,35.20718682,126.8714608
B000003227,본촌초등학교,초등학교,운영,35.21523512,126.881492
B000003228,광주지산초등학교,초등학교,운영,35.23136997,126.8856716
B000003229,광주동초등학교,초등학교,운영,35.20578715,126.9511089
B000003230,각화초등학교,초등학교,운영,35.18242651,126.9357419
B000003231,한울초등학교,초등학교,운영,35.17621187,126.8664252
B000003232,동림초등학교,초등학교,운영,35.18744989,126.8676187
B000003233,광주풍향초등학교,초등학교,운영,35.1672729,126.9276115
B000003234,삼정초등학교,초등학교,운영,35.16613628,126.9360878
B000003235,하백초등학교,초등학교,운영,35.18860042,126.8889108
B000003236,삼각초등학교,초등학교,운영,35.20064274,126.900249
B000003237,광주용봉초등학교,초등학교,운영,35.16857266,126.9001046
B000003238,신용초등학교,초등학교,운영,35.21063123,126.8572493
B000003239,용두초등학교,초등학교,운영,35.21495758,126.8706473
B000003240,오치초등학교,초등학교,운영,35.18573678,126.899280
B000003241,광주서산초등학교,초등학교,운영,35.189162,126.9043599
B000003242,태봉초등학교,초등학교,운영,35.17651077,126.8922634
B000003243,무등초등학교,초등학교,운영,35.17879259,126.9227691
B000003244,대자초등학교,초등학교,운영,35.17391595,126.8732683
B000003246,서일초등학교,초등학교,운영,35.2123806,126.8989514
B000003247,일동초등학교,초등학교,운영,35.20604838,126.8933313
B000003248,광주서림초등학교,초등학교,운영,35.16188253,126.8995866
B000003249,광주효동초등학교,초등학교,운영,35.16906085,126.911855
B000003250,광주중흥초등학교,초등학교,운영,35.16085475,126.9135445
B000003251,두암초등학교,초등학교,운영,35.16947738,126.9341202
B000003252,연제초등학교,초등학교,운영,35.19616978,126.8736986
B000003253,광주북초등학교,초등학교,운영,35.24649373,126.9140707
B000003254,광주동초등학교충효분교장,초등학교,운영,35.18114937,127.0021113
B000003255,송학초등학교,초등학교,운영,35.11304585,126.8303713
B000003256,금부초등학교,초등학교,운영,35.13530814,126.861363
B000003257,만호초등학교,초등학교,운영,35.13279273,126.854239
B000003258,풍암초등학교,초등학교,운영,35.12378279,126.8756762
B000003259,운리초등학교,초등학교,운영,35.12368494,126.865659
B000003260,광주양동초등학교,초등학교,운영,35.15442872,126.8989108
B000003261,주월초등학교,초등학교,운영,35.144705,126.8837427
B000003262,광주화정초등학교,초등학교,운영,35.14905523,126.8713994
B000003263,성진초등학교,초등학교,운영,35.14376463,126.8662598
B000003264,유촌초등학교,초등학교,운영,35.15914004,126.8579563
B000003266,광주상무초등학교,초등학교,운영,35.1408321,126.8547174
B000003267,금호초등학교,초등학교,운영,35.14277758,126.859228
B000003268,마재초등학교,초등학교,운영,35.1309354,126.8629852
B000003269,광주광천초등학교,초등학교,운영,35.15965951,126.8888574
B000003270,계수초등학교,초등학교,운영,35.15623874,126.8445194
B000003271,치평초등학교,초등학교,운영,35.14911727,126.8436036
B000003272,운천초등학교,초등학교,운영,35.1527033,126.8467489
B000003273,금당초등학교,초등학교,운영,35.12699909,126.8829765
B000003274,신암초등학교,초등학교,운영,35.12295195,126.8809274
B000003275,광주서초등학교,초등학교,운영,35.15604003,126.8770209
B000003276,염주초등학교,초등학교,운영,35.14107805,126.8787885
B000003277,화정남초등학교,초등학교,운영,35.13785632,126.8716253
B000003278,화개초등학교,초등학교,운영,35.12519372,126.8569888
B000003279,서광초등학교,초등학교,운영,35.15481896,126.8645209
B000003280,광주극락초등학교,초등학교,운영,35.16562206,126.8581823
B000003281,유덕초등학교,초등학교,운영,35.16508101,126.8628255
B000003282,광주대성초등학교,초등학교,운영,35.14462178,126.9054545
B000003283,광주학강초등학교,초등학교,운영,35.13799592,126.9182708
B000003284,불로초등학교,초등학교,운영,35.1209505,126.9141127
B000003285,봉선초등학교,초등학교,운영,35.13079876,126.9121652
B000003286,대촌중앙초등학교,초등학교,운영,35.08254862,126.8329557
B000003287,무학초등학교,초등학교,운영,35.06670665,126.804503
B000003288,광주월산초등학교,초등학교,운영,35.14811855,126.8982568
B000003289,광주농성초등학교,초등학교,운영,35.14822852,126.8906951
B000003290,광주백운초등학교,초등학교,운영,35.13817423,126.8999242
B000003291,광주봉주초등학교,초등학교,운영,35.13700618,126.8902661
B000003292,진남초등학교,초등학교,운영,35.10912722,126.9024721
B000003293,광주효덕초등학교,초등학교,운영,35.11338616,126.8979712
B000003294,광주방림초등학교,초등학교,운영,35.13404243,126.9209674
B000003295,유안초등학교,초등학교,운영,35.1254854,126.9146862
B000003296,장산초등학교,초등학교,운영,35.13052654,126.8948316
B000003297,광주제석초등학교,초등학교,운영,35.12833882,126.9063635
B000003298,진제초등학교,초등학교,운영,35.11565077,126.9031537
B000003299,진월초등학교,초등학교,운영,35.12109972,126.8932947
B000003300,조봉초등학교,초등학교,운영,35.12218609,126.9106301
B000003301,광주송원초등학교,초등학교,운영,35.10818451,126.8732664
B000003302,광주삼육초등학교,초등학교,운영,35.1302339,126.893732
B000003303,선운초등학교,초등학교,운영,35.14942637,126.7749535
B000003304,송정서초등학교,초등학교,운영,35.130463,126.788097
B000003305,어룡초등학교,초등학교,운영,35.15512585,126.793432
B000003306,송정중앙초등학교,초등학교,운영,35.14784781,126.795011
B000003308,산정초등학교,초등학교,운영,35.1722061,126.801013
B000003309,대반초등학교,초등학교,운영,35.17583915,126.8088224
B000003310,월곡초등학교,초등학교,운영,35.16677612,126.8149848
B000003311,영천초등학교,초등학교,운영,35.17284022,126.8120844
B000003312,하남초등학교,초등학교,운영,35.17955111,126.7984539
B000003313,장덕초등학교,초등학교,운영,35.18628067,126.8131809
B000003314,고실초등학교,초등학교,운영,35.19835185,126.8165922
B000003315,비아초등학교,초등학교,운영,35.22256178,126.8253186
B000003316,첨단초등학교,초등학교,운영,35.21986405,126.8378944
B000003317,수완초등학교,초등학교,운영,35.19790208,126.8245698
B000003318,월봉초등학교,초등학교,운영,35.20951366,126.8481133
B000003319,봉산초등학교,초등학교,운영,35.20957514,126.8437646
B000003320,신창초등학교,초등학교,운영,35.1981337,126.8407237
B000003321,수문초등학교,초등학교,운영,35.19446033,126.8372671
B000003322,풍영초등학교,초등학교,운영,35.18340982,126.8404569
B000003323,진만초등학교,초등학교,운영,35.1835128,126.8340443
B000003324,큰별초등학교,초등학교,운영,35.18369356,126.8220969
B000003325,선창초등학교,초등학교,운영,35.18833602,126.8345325
B000003326,목련초등학교,초등학교,운영,35.17290332,126.815607
B000003327,운남초등학교,초등학교,운영,35.17760447,126.8192848
B000003328,금구초등학교,초등학교,운영,35.17673732,126.8141009
B000003329,임곡초등학교,초등학교,운영,35.22111206,126.7468257
B000003330,본량초등학교,초등학교,운영,35.18082176,126.7223799
B000003331,삼도초등학교,초등학교,운영,35.1643748,126.7008559
B000003332,평동초등학교,초등학교,운영,35.12699194,126.7550476
B000003333,동곡초등학교,초등학교,운영,35.09810123,126.7735415
B000003334,도산초등학교,초등학교,운영,35.12619291,126.7917518
B000003335,송정초등학교,초등학교,운영,35.13159778,126.7962229
B000003337,송정동초등학교,초등학교,운영,35.14588933,126.8048907
B000003338,어등초등학교,초등학교,운영,35.16552112,126.8077838
B000003339,마지초등학교,초등학교,운영,35.1762197,126.8240465
B000003340,미산초등학교,초등학교,운영,35.21988258,126.8338164
B000003341,정암초등학교,초등학교,운영,35.2229492,126.8375718
B000003342,월계초등학교,초등학교,운영,35.21360036,126.8348513
B000003343,산월초등학교,초등학교,운영,35.2109359,126.839053
B000003344,하남중앙초등학교,초등학교,운영,35.16870051,126.8049815
B000003345,성덕초등학교,초등학교,운영,35.19914832,126.8143011
B000003346,대전천동초등학교,초등학교,운영,36.31636061,127.4455444
B000003347,대전가오초등학교,초등학교,운영,36.31081251,127.4585741
B000003348,대전흥룡초등학교,초등학교,운영,36.34556389,127.4479362
B000003349,대전신흥초등학교,초등학교,운영,36.32606492,127.4404883
B000003350,대전대암초등학교,초등학교,운영,36.32365417,127.4570292
B000003351,대전은어송초등학교,초등학교,운영,36.30255035,127.4568262
B000003352,산내초등학교,초등학교,운영,36.27979819,127.470066
B000003353,산흥초등학교,초등학교,운영,36.22919249,127.448742
B000003354,동명초등학교,초등학교,운영,36.37434465,127.4742833
B000003355,세천초등학교,초등학교,운영,36.34184828,127.4937909
B000003356,동대전초등학교,초등학교,운영,36.35219362,127.4493023
B000003357,대전가양초등학교,초등학교,운영,36.34236049,127.4415665
B000003358,대전대동초등학교,초등학교,운영,36.32548999,127.4472997
B000003359,대전삼성초등학교,초등학교,운영,36.33722146,127.4289562
B000003360,대전동서초등학교,초등학교,운영,36.34110819,127.4225481
B000003361,대전현암초등학교,초등학교,운영,36.34214077,127.4203915
B000003362,대전성남초등학교,초등학교,운영,36.34394433,127.4293687
B000003363,대전대룡초등학교,초등학교,운영,36.32991361,127.4558809
B000003364,대전용운초등학교,초등학교,운영,36.32630154,127.4637479
B000003365,대전용전초등학교,초등학교,운영,36.35622928,127.4303267
B000003366,대전자양초등학교,초등학교,운영,36.33390118,127.4434141
B000003367,대전동광초등학교,초등학교,운영,36.3373476,127.4495505
B000003368,대전판암초등학교,초등학교,운영,36.31566712,127.4609049
B000003369,대전대신초등학교,초등학교,운영,36.31562837,127.4209326
B000003370,대전중촌초등학교,초등학교,운영,36.341067,127.4108287
B000003371,대전옥계초등학교,초등학교,운영,36.30119915,127.449039
B000003372,대전글꽃초등학교,초등학교,운영,36.31904357,127.4103558
B000003373,대전원평초등학교,초등학교,운영,36.32210109,127.3997438
B000003374,대전버드내초등학교,초등학교,운영,36.31926246,127.3914705
B000003375,대전태평초등학교,초등학교,운영,36.3230373,127.3949196
B000003376,대전문성초등학교,초등학교,운영,36.30867591,127.3908175
B000003377,대전산성초등학교,초등학교,운영,36.29927134,127.3864685
B000003378,산서초등학교,초등학교,운영,36.26690214,127.4093033
B000003379,대전대흥초등학교,초등학교,운영,36.31972395,127.4259191
B000003380,대전목양초등학교,초등학교,운영,36.33702265,127.4047107
B000003381,대전목동초등학교,초등학교,운영,36.33576728,127.4112157
B000003382,대전동문초등학교,초등학교,운영,36.31425764,127.4061915
B000003383,대전대문초등학교,초등학교,운영,36.30631938,127.4007346
B000003384,대전문화초등학교,초등학교,운영,36.31171058,127.3988012
B000003385,대전보성초등학교,초등학교,운영,36.306690,127.3965017
B000003386,대전보운초등학교,초등학교,운영,36.31468892,127.4321174
B000003387,대전문창초등학교,초등학교,운영,36.31746755,127.4329779
B000003388,대전석교초등학교,초등학교,운영,36.30862078,127.4458211
B000003389,대전선화초등학교,초등학교,운영,36.33243772,127.4244891
B000003390,대전중앙초등학교,초등학교,운영,36.33054977,127.4137675
B000003391,대전오류초등학교,초등학교,운영,36.32503829,127.4048632
B000003392,서대전초등학교,초등학교,운영,36.32680851,127.4111889
B000003393,대전유평초등학교,초등학교,운영,36.3301867,127.3972544
B000003394,대전신평초등학교,초등학교,운영,36.32351194,127.3889397
B000003395,대전성모초등학교,초등학교,운영,36.32246468,127.4182965
B000003396,대전대화초등학교,초등학교,운영,36.36269221,127.4113441
B000003397,대전대양초등학교,초등학교,운영,36.36131158,127.4403067
B000003398,대전양지초등학교,초등학교,운영,36.36551971,127.4337958
B000003399,대전법동초등학교,초등학교,운영,36.36958117,127.4320642
B000003400,와동초등학교,초등학교,운영,36.39720601,127.4222921
B000003401,장동초등학교,초등학교,운영,36.41520107,127.4357246
B000003402,신탄진초등학교,초등학교,운영,36.44898499,127.4225035
B000003403,대전목상초등학교,초등학교,운영,36.44563827,127.412323
B000003404,새일초등학교,초등학교,운영,36.43179073,127.4195507
B000003405,대전중리초등학교,초등학교,운영,36.36771955,127.4271703
B000003406,대전비래초등학교,초등학교,운영,36.36158234,127.450843
B000003407,대전매봉초등학교,초등학교,운영,36.36927029,127.4373309
B000003408,대전송촌초등학교,초등학교,운영,36.36480366,127.444407
B000003409,신탄진용정초등학교,초등학교,운영,36.45422272,127.4360305
B000003410,대전석봉초등학교,초등학교,운영,36.44700334,127.4344058
B000003411,대전화정초등학교,초등학교,운영,36.35736046,127.4119089
B000003412,대전동산초등학교,초등학교,운영,36.35034565,127.4210828
B000003413,대전동도초등학교,초등학교,운영,36.34772232,127.4128475
B000003414,회덕초등학교,초등학교,운영,36.37465101,127.4218295
B000003415,대전중원초등학교,초등학교,운영,36.3658142,127.4280277
B000003416,기성초등학교,초등학교,운영,36.24877151,127.3376126
B000003417,대전수미초등학교,초등학교,운영,36.29528588,127.3615429
B000003418,대전서원초등학교,초등학교,운영,36.35962823,127.3939618
B000003419,대전둔원초등학교,초등학교,운영,36.34309047,127.3749799
B000003420,대전갈마초등학교,초등학교,운영,36.35593389,127.3689949
B000003421,대전내동초등학교,초등학교,운영,36.33114635,127.3792397
B000003422,대전변동초등학교,초등학교,운영,36.32497415,127.3856136
B000003423,대전백운초등학교,초등학교,운영,36.34084559,127.3844706
B000003424,대전탄방초등학교,초등학교,운영,36.34604285,127.3909956
B000003425,대전원앙초등학교,초등학교,운영,36.31153929,127.3371345
B000003426,대전갑천초등학교,초등학교,운영,36.36083455,127.3676845
B000003427,대전월평초등학교,초등학교,운영,36.35594263,127.3577698
B000003428,대전도안초등학교,초등학교,운영,36.3218733,127.3444736
B000003429,대전샘머리초등학교,초등학교,운영,36.36339918,127.393253
B000003430,가수원초등학교,초등학교,운영,36.30239371,127.3530021
B000003431,대전가장초등학교,초등학교,운영,36.3306395,127.3878689
B000003432,대전봉산초등학교,초등학교,운영,36.34527951,127.3652655
B000003433,대전선암초등학교,초등학교,운영,36.29742167,127.3340384
B000003434,대전구봉초등학교,초등학교,운영,36.29973119,127.3300558
B000003435,대전금동초등학교,초등학교,운영,36.29821685,127.3263759
B000003436,대전관저초등학교,초등학교,운영,36.30655924,127.3399115
B000003437,대전느리울초등학교,초등학교,운영,36.29888649,127.3442521
B000003438,대전도마초등학교,초등학교,운영,36.32382273,127.3712343
B000003439,대전유천초등학교,초등학교,운영,36.315237,127.375594
B000003440,대전둔산초등학교,초등학교,운영,36.34992386,127.3813371
B000003441,한밭초등학교,초등학교,운영,36.35427285,127.3942275
B000003442,대전만년초등학교,초등학교,운영,36.36719119,127.3772402
B000003443,대전둔천초등학교,초등학교,운영,36.36843991,127.3739635
B000003444,대전서부초등학교,초등학교,운영,36.33352893,127.3692662
B000003445,대전복수초등학교,초등학교,운영,36.30762982,127.3775508
B000003446,대전문정초등학교,초등학교,운영,36.35037788,127.3962158
B000003447,대전삼천초등학교,초등학교,운영,36.3543693,127.4010155
B000003448,대전성천초등학교,초등학교,운영,36.3631454,127.373481
B000003449,대전성룡초등학교,초등학교,운영,36.36182641,127.3735786
B000003450,대전정림초등학교,초등학교,운영,36.30354547,127.3665579
B000003451,대전신계초등학교,초등학교,운영,36.30195202,127.3780278
B000003452,대전삼육초등학교,초등학교,운영,36.31184344,127.3724191
B000003454,대전상원초등학교,초등학교,운영,36.34239041,127.3332626
B000003455,대전계산초등학교,초등학교,운영,36.34416827,127.2994545
B000003456,대전반석초등학교,초등학교,운영,36.39027827,127.3127636
B000003457,외삼초등학교,초등학교,운영,36.39289818,127.3105925
B000003458,대전자운초등학교,초등학교,운영,36.41251496,127.3374303
B000003459,대전교촌초등학교,초등학교,운영,36.30602189,127.3167705
B000003460,대전대정초등학교,초등학교,운영,36.31528912,127.3232652
B000003461,진잠초등학교,초등학교,운영,36.29952826,127.3150857
B000003462,대전봉명초등학교,초등학교,운영,36.34960625,127.343466
B000003463,대전장대초등학교,초등학교,운영,36.36192355,127.3396123
B000003464,유성초등학교,초등학교,운영,36.36259129,127.3327354
B000003465,대전상대초등학교,초등학교,운영,36.34765435,127.3366134
B000003466,흥도초등학교,초등학교,운영,36.33446649,127.3386971
B000003467,대전원신흥초등학교,초등학교,운영,36.34100823,127.342524
B000003468,덕송초등학교,초등학교,운영,36.36138005,127.3025216
B000003469,대전노은초등학교,초등학교,운영,36.3692032,127.3208092
B000003470,대전수정초등학교,초등학교,운영,36.3661982,127.3134561
B000003471,대전상지초등학교,초등학교,운영,36.37539114,127.3221702
B000003472,대전지족초등학교,초등학교,운영,36.38080834,127.3173106
B000003473,봉암초등학교,초등학교,운영,36.3640862,127.3477313
B000003474,대덕초등학교,초등학교,운영,36.38505922,127.3821059
B000003475,금성초등학교,초등학교,운영,36.38911606,127.3508683
B000003476,대전하기초등학교,초등학교,운영,36.38863145,127.321529
B000003477,대전송림초등학교,초등학교,운영,36.38896814,127.3322565
B000003478,학하초등학교,초등학교,운영,36.33454132,127.3118276
B000003479,문지초등학교,초등학교,운영,36.39605161,127.3993436
B000003480,대전용산초등학교,초등학교,운영,36.42015397,127.3950755
B000003481,구즉초등학교,초등학교,운영,36.44098571,127.3827598
B000003482,대전동화초등학교,초등학교,운영,36.42280063,127.3894687
B000003483,대전관평초등학교,초등학교,운영,36.424095,127.3871878
B000003484,대전배울초등학교,초등학교,운영,36.4219077,127.3841459
B000003485,대전두리초등학교,초등학교,운영,36.4292747,127.3823802
B000003486,대전송강초등학교,초등학교,운영,36.43415321,127.3838483
B000003487,대전어은초등학교,초등학교,운영,36.36480834,127.3542775
B000003488,대전전민초등학교,초등학교,운영,36.39876184,127.4071475
B000003490,남선초등학교,초등학교,운영,36.28757097,127.2642395
B000003491,옥성초등학교,초등학교,운영,35.5529807,129.3345835
B000003493,양사초등학교,초등학교,운영,35.55754205,129.3186818
B000003494,학성초등학교,초등학교,운영,35.55959985,129.342630
B000003495,남외초등학교,초등학교,운영,35.56569625,129.349081
B000003496,병영초등학교,초등학교,운영,35.57499028,129.3454467
B000003497,삼일초등학교,초등학교,운영,35.58217637,129.345525
B000003498,백양초등학교,초등학교,운영,35.57701205,129.320199
B000003499,성안초등학교,초등학교,운영,35.57656119,129.3124344
B000003500,태화초등학교,초등학교,운영,35.55892726,129.3060263
B000003501,평산초등학교,초등학교,운영,35.5691406,129.3379007
B000003502,약사초등학교,초등학교,운영,35.56739903,129.3347949
B000003503,무룡초등학교,초등학교,운영,35.57012954,129.3346834
B000003504,다운초등학교,초등학교,운영,35.56180085,129.2670076
B000003505,다전초등학교,초등학교,운영,35.56772226,129.2682479
B000003506,내황초등학교,초등학교,운영,35.55231275,129.3489924
B000003508,우정초등학교,초등학교,운영,35.55922535,129.3073432
B000003509,명정초등학교,초등학교,운영,35.55279059,129.2892708
B000003510,함월초등학교,초등학교,운영,35.55901093,129.3291914
B000003511,동부초등학교,초등학교,운영,35.54490419,129.4272227
B000003512,화진초등학교,초등학교,운영,35.49144778,129.4254884
B000003513,서부초등학교,초등학교,운영,35.5259167,129.422805
B000003514,주전초등학교,초등학교,운영,35.55800571,129.4568655
B000003515,양지초등학교,초등학교,운영,35.49730567,129.4212233
B000003516,화정초등학교,초등학교,운영,35.5017302,129.4203999646
B000003517,방어진초등학교,초등학교,운영,35.48672963,129.4243191
B000003518,문현초등학교,초등학교,운영,35.48083486,129.4139603
B000003519,화암초등학교,초등학교,운영,35.48414502,129.415596
B000003520,녹수초등학교,초등학교,운영,35.53085123,129.4286585
B000003521,남목초등학교,초등학교,운영,35.54248574,129.4247502
B000003522,미포초등학교,초등학교,운영,35.50637511,129.421839
B000003523,명덕초등학교,초등학교,운영,35.50594478,129.4245916
B000003524,일산초등학교,초등학교,운영,35.50495501,129.4253291
B000003525,전하초등학교,초등학교,운영,35.51544857,129.4277996
B000003526,상진초등학교,초등학교,운영,35.49154319,129.4187592
B000003527,염포초등학교,초등학교,운영,35.53321949,129.3911747
B000003529,송정초등학교,초등학교,운영,35.5914569,129.3658412
B000003530,화봉초등학교,초등학교,운영,35.59580651,129.3675358
B000003532,연암초등학교,초등학교,운영,35.58630376,129.3692758
B000003533,울산양정초등학교,초등학교,운영,35.54557514,129.3866879
B000003534,명촌초등학교,초등학교,운영,35.55318869,129.3563671
B000003535,매곡초등학교,초등학교,운영,35.64415277,129.350233
B000003536,매산초등학교,초등학교,운영,35.64418712,129.3605747
B000003537,동대초등학교,초등학교,운영,35.64125083,129.3497366
B000003538,농서초등학교,초등학교,운영,35.6316884,129.3299606
B000003539,동천초등학교,초등학교,운영,35.63168139,129.3413562
B000003540,상안초등학교,초등학교,운영,35.63415668,129.3340704
B000003541,천곡초등학교,초등학교,운영,35.63966105,129.3294745
B000003542,신천초등학교,초등학교,운영,35.63377213,129.3473276
B000003543,이화초등학교,초등학교,운영,35.66117868,129.344286
B000003545,호계초등학교,초등학교,운영,35.62997804,129.3565489
B000003546,농소초등학교,초등학교,운영,35.62135442,129.355958
B000003547,신정초등학교,초등학교,운영,35.53900091,129.3039703
B000003548,울산중앙초등학교,초등학교,운영,35.54114344,129.3155287
B000003549,삼산초등학교,초등학교,운영,35.54456488,129.3498489
B000003550,청솔초등학교,초등학교,운영,35.5331122,129.3178478
B000003551,용연초등학교,초등학교,운영,35.52517244,129.324370
B000003552,여천초등학교,초등학교,운영,35.52442159,129.3372696
B000003553,야음초등학교,초등학교,운영,35.52049338,129.3302898
B000003554,울산남부초등학교,초등학교,운영,35.52344629,129.321643
B000003555,장생포초등학교,초등학교,운영,35.50371089,129.3679216
B000003556,남산초등학교,초등학교,운영,35.53704915,129.2961437
B000003557,옥서초등학교,초등학교,운영,35.53835138,129.2861877
B000003558,신복초등학교,초등학교,운영,35.55026991,129.2539634
B000003559,옥현초등학교,초등학교,운영,35.54982416,129.2777735
B000003560,동평초등학교,초등학교,운영,35.53316109,129.325929
B000003561,동백초등학교,초등학교,운영,35.53295963,129.3238449
B000003562,강남초등학교,초등학교,운영,35.53756861,129.3189902
B000003563,삼호초등학교,초등학교,운영,35.55268945,129.2642758
B000003564,옥산초등학교,초등학교,운영,35.54188449,129.2627942
B000003565,월계초등학교,초등학교,운영,35.53866731,129.2580704
B000003566,삼신초등학교,초등학교,운영,35.54584239,129.3307945
B000003567,백합초등학교,초등학교,운영,35.54509915,129.3436602
B000003568,선암초등학교,초등학교,운영,35.51442991,129.3372048
B000003569,개운초등학교,초등학교,운영,35.51312399,129.3120807
B000003570,월평초등학교,초등학교,운영,35.52977579,129.3121454
B000003571,수암초등학교,초등학교,운영,35.52570208,129.3166257
B000003572,도산초등학교,초등학교,운영,35.53059993,129.3332999
B000003573,대현초등학교,초등학교,운영,35.52807387,129.325617
B000003574,옥동초등학교,초등학교,운영,35.53524504,129.2964217
B000003575,격동초등학교,초등학교,운영,35.5342283,129.290212
B000003576,월봉초등학교,초등학교,운영,35.5480784,129.3188594
B000003578,반곡초등학교,초등학교,운영,35.60327597,129.141163
B000003579,반천초등학교,초등학교,운영,35.55642898,129.1831333
B000003580,영화초등학교,초등학교,운영,35.56721809,129.1157717
B000003581,울주명지초등학교,초등학교,운영,35.57251842,129.2380043
B000003582,호연초등학교,초등학교,운영,35.56880775,129.2498707
B000003583,구영초등학교,초등학교,운영,35.57703083,129.2388345
B000003584,무거초등학교,초등학교,운영,35.55242318,129.2527458
B000003585,굴화초등학교,초등학교,운영,35.55368016,129.2612674
B000003586,척과초등학교,초등학교,운영,35.61522333,129.2752335
B000003587,범서초등학교,초등학교,운영,35.56462175,129.2307174
B000003588,천상초등학교,초등학교,운영,35.56051496,129.2216404
B000003589,삼평초등학교,초등학교,운영,35.40633964,129.3229183
B000003590,온산초등학교,초등학교,운영,35.42841273,129.3144727
B000003591,덕신초등학교,초등학교,운영,35.43665968,129.3048431
B000003592,온양초등학교,초등학교,운영,35.41785401,129.2800889
B000003593,온남초등학교,초등학교,운영,35.40595715,129.2886376
B000003594,방기초등학교,초등학교,운영,35.50704614,129.0930186
B000003595,중남초등학교,초등학교,운영,35.53622279,129.1085658
B000003599,두서초등학교,초등학교,운영,35.64289581,129.1578825
B000003600,두동초등학교,초등학교,운영,35.6549402,129.201841
B000003601,청량초등학교,초등학교,운영,35.48640328,129.2981532
B000003602,문수초등학교,초등학교,운영,35.51887681,129.2406303
B000003603,삼정초등학교,초등학교,운영,35.49094514,129.2337284
B000003605,웅촌초등학교,초등학교,운영,35.46393367,129.2077164
B000003606,성동초등학교,초등학교,운영,35.3855504,129.3415755
B000003607,명산초등학교,초등학교,운영,35.35107394,129.2961501
B000003608,서생초등학교,초등학교,운영,35.35403352,129.3255538
B000003609,삼동초등학교,초등학교,운영,35.52353367,129.1588322
B000003611,상북초등학교소호분교장,초등학교,운영,35.67074567,129.0860696
B000003613,곡정초등학교,초등학교,운영,37.24086034,127.025690
B000003614,선행초등학교,초등학교,운영,37.25438485,127.0259805
B000003615,수원중촌초등학교,초등학교,운영,37.27255378,126.9445494
B000003616,능실초등학교,초등학교,운영,37.25973449,126.9560546
B000003617,광교초등학교,초등학교,운영,37.30387934,127.0458393
B000003618,이의초등학교,초등학교,운영,37.29307671,127.0756898
B000003619,수성초등학교,초등학교,운영,37.30561994,127.0144759
B000003620,송원초등학교,초등학교,운영,37.30849343,127.010124
B000003621,한일초등학교,초등학교,운영,37.30709739,127.0058122
B000003622,효천초등학교,초등학교,운영,37.2934661,126.9869171
B000003623,천천초등학교,초등학교,운영,37.30058446,126.982582
B000003624,정천초등학교,초등학교,운영,37.2912382,126.9827548
B000003625,천일초등학교,초등학교,운영,37.30095712,126.9781743
B000003626,송정초등학교,초등학교,운영,37.29707655,127.0017089
B000003627,송죽초등학교,초등학교,운영,37.30076246,127.0060008
B000003628,창용초등학교,초등학교,운영,37.29959882,127.0313858
B000003629,상률초등학교,초등학교,운영,37.30476787,126.9695872
B000003630,율전초등학교,초등학교,운영,37.29956659,126.9686866
B000003631,수원동신초등학교,초등학교,운영,37.29567288,126.9891755
B000003632,정자초등학교,초등학교,운영,37.29957588,126.9951959
B000003633,대평초등학교,초등학교,운영,37.29774522,126.9907648
B000003634,송림초등학교,초등학교,운영,37.2912808,126.9917372
B000003635,명인초등학교,초등학교,운영,37.29423188,126.9948897
B000003636,조원초등학교,초등학교,운영,37.30321326,127.0172011
B000003637,영화초등학교,초등학교,운영,37.29686206,127.0163697
B000003638,파장초등학교,초등학교,운영,37.30896098,126.9923556
B000003639,수일초등학교,초등학교,운영,37.31086106,127.0008865
B000003640,곡반초등학교,초등학교,운영,37.24680875,127.0362137
B000003641,안룡초등학교,초등학교,운영,37.23332545,127.0247048
B000003642,탑동초등학교,초등학교,운영,37.27351524,126.9728696
B000003643,효탑초등학교,초등학교,운영,37.26654167,126.9759378
B000003644,수원금곡초등학교,초등학교,운영,37.27970688,126.9526515
B000003645,상촌초등학교,초등학교,운영,37.27320642,126.9353319
B000003646,입북초등학교,초등학교,운영,37.29451623,126.9601632
B000003647,당수초등학교,초등학교,운영,37.28969083,126.9415403
B000003648,고현초등학교,초등학교,운영,37.24914159,126.9881439
B000003649,고색초등학교,초등학교,운영,37.25156123,126.9783835
B000003650,구운초등학교,초등학교,운영,37.28066615,126.9779455
B000003651,일월초등학교,초등학교,운영,37.28421904,126.9743928
B000003652,권선초등학교,초등학교,운영,37.26329738,127.0217658
B000003653,세곡초등학교,초등학교,운영,37.25629813,127.0283401
B000003654,곡선초등학교,초등학교,운영,37.25076143,127.0253992
B000003655,효정초등학교,초등학교,운영,37.25513574,127.0349022
B000003656,수원선일초등학교,초등학교,운영,37.24833751,127.0304334
B000003657,오현초등학교,초등학교,운영,37.24654131,126.9684672
B000003658,오목초등학교,초등학교,운영,37.23969613,126.9656145
B000003659,서호초등학교,초등학교,운영,37.26623106,126.9903299
B000003660,서평초등학교,초등학교,운영,37.26867712,126.9970853
B000003661,세류초등학교,초등학교,운영,37.26636058,127.010354
B000003662,수원신곡초등학교,초등학교,운영,37.25804509,127.0133727
B000003663,남수원초등학교,초등학교,운영,37.24989337,127.0167352
B000003664,칠보초등학교,초등학교,운영,37.26986181,126.9553744
B000003665,호매실초등학교,초등학교,운영,37.26731936,126.9563936
B000003666,명당초등학교,초등학교,운영,37.25225192,127.0393016
B000003667,남창초등학교,초등학교,운영,37.2781857,127.0142292
B000003669,화서초등학교,초등학교,운영,37.28119982,127.0005411
B000003670,율현초등학교,초등학교,운영,37.28722869,126.9828949
B000003671,연무초등학교,초등학교,운영,37.28730746,127.0219242
B000003672,팔달초등학교,초등학교,운영,37.279481,127.0357442
B000003673,효성초등학교,초등학교,운영,37.28347335,127.0393624
B000003674,우만초등학교,초등학교,운영,37.29144659,127.0324161
B000003675,인계초등학교,초등학교,운영,37.27314985,127.0260774
B000003676,매여울초등학교,초등학교,운영,37.27057611,127.0370179
B000003677,지동초등학교,초등학교,운영,37.27715909,127.024503
B000003678,매산초등학교,초등학교,운영,37.27214613,127.0107555
B000003679,화홍초등학교,초등학교,운영,37.28724566,127.0028824
B000003680,화양초등학교,초등학교,운영,37.28354656,126.9950478
B000003681,숙지초등학교,초등학교,운영,37.28323146,126.9917106
B000003682,수원초등학교,초등학교,운영,37.27783129,127.0043475
B000003683,산의초등학교,초등학교,운영,37.29037137,127.057187
B000003684,매탄초등학교,초등학교,운영,37.26415677,127.0431916
B000003685,원천초등학교,초등학교,운영,37.26847708,127.0537706
B000003686,효원초등학교,초등학교,운영,37.2591319,127.039915
B000003687,원일초등학교,초등학교,운영,37.26779736,127.0602571
B000003688,태장초등학교,초등학교,운영,37.24087205,127.0546251
B000003689,잠원초등학교,초등학교,운영,37.23872914,127.0525213
B000003690,대선초등학교,초등학교,운영,37.24194618,127.0646545
B000003691,수원매화초등학교,초등학교,운영,37.27457739,127.0406845
B000003692,산남초등학교,초등학교,운영,37.27064523,127.0501161
B000003693,동수원초등학교,초등학교,운영,37.26956799,127.0405268
B000003694,황곡초등학교,초등학교,운영,37.2655424,127.0782969
B000003695,영덕초등학교,초등학교,운영,37.25905057,127.0739487
B000003696,영동초등학교,초등학교,운영,37.24980193,127.0660942
B000003697,영통초등학교,초등학교,운영,37.25451415,127.0644383
B000003698,신영초등학교,초등학교,운영,37.25015801,127.0602538
B000003699,영일초등학교,초등학교,운영,37.24845193,127.0735665
B000003700,청명초등학교,초등학교,운영,37.26563109,127.0851747
B000003701,신성초등학교,초등학교,운영,37.25547143,127.0816557
B000003702,매현초등학교,초등학교,운영,37.25654437,127.0420138
B000003703,효동초등학교,초등학교,운영,37.26251285,127.0457449
B000003704,중앙기독초등학교,초등학교,운영,37.27533477,127.0576904
B000003705,소화초등학교,초등학교,운영,37.27820749,127.0528005
B000003706,매원초등학교,초등학교,운영,37.27438801,127.0637213
B000003707,성수초등학교,초등학교,운영,37.43376609,127.1272377
B000003708,태평초등학교,초등학교,운영,37.44495416,127.1316938
B000003709,수진초등학교,초등학교,운영,37.44494388,127.1334651
B000003710,복정초등학교,초등학교,운영,37.46247112,127.1303836
B000003711,왕남초등학교,초등학교,운영,37.42868223,127.0984126
B000003712,단대초등학교,초등학교,운영,37.45368807,127.1577469
B000003713,성남북초등학교,초등학교,운영,37.45149984,127.1514735
B000003714,성남수정초등학교,초등학교,운영,37.43621121,127.1327837
B000003715,성남신흥초등학교,초등학교,운영,37.45057746,127.1434705
B000003716,성남양지초등학교,초등학교,운영,37.45921737,127.1608837
B000003717,금빛초등학교,초등학교,운영,37.44734641,127.1405553
B000003718,성남초등학교,초등학교,운영,37.44608455,127.144146
B000003719,성남서초등학교,초등학교,운영,37.44854378,127.1294194
B000003720,희망대초등학교,초등학교,운영,37.44749919,127.1491148
B000003721,도촌초등학교,초등학교,운영,37.41472797,127.1580222
B000003722,상대원초등학교,초등학교,운영,37.4423833,127.181591
B000003723,대일초등학교,초등학교,운영,37.43846881,127.1641844
B000003724,하원초등학교,초등학교,운영,37.44625438,127.1702362
B000003725,단남초등학교,초등학교,운영,37.44290368,127.161375
B000003726,금상초등학교,초등학교,운영,37.44355007,127.1659942
B000003727,성남동초등학교,초등학교,운영,37.4492524,127.1621785
B000003728,중원초등학교,초등학교,운영,37.43785528,127.1678574
B000003730,성남중앙초등학교,초등학교,운영,37.43625492,127.1435588
B000003731,성남은행초등학교,초등학교,운영,37.46100227,127.1709005
B000003732,상원초등학교,초등학교,운영,37.45388421,127.1627759
B000003733,중부초등학교,초등학교,운영,37.45154694,127.1649507
B000003734,성남제일초등학교,초등학교,운영,37.43890676,127.1496107
B000003735,검단초등학교,초등학교,운영,37.42948258,127.144034
B000003736,대하초등학교,초등학교,운영,37.43190777,127.1513041
B000003737,성남신기초등학교,초등학교,운영,37.36658192,127.1110596
B000003738,초림초등학교,초등학교,운영,37.37682557,127.1175924
B000003739,당촌초등학교,초등학교,운영,37.37368941,127.131262
B000003740,안말초등학교,초등학교,운영,37.39315429,127.1259824
B000003741,상탑초등학교,초등학교,운영,37.40620861,127.1456346
B000003742,성남송현초등학교,초등학교,운영,37.40545218,127.1163459
B000003743,보평초등학교,초등학교,운영,37.39603837,127.1177564
B000003744,판교초등학교,초등학교,운영,37.38728227,127.0914433
B000003745,낙생초등학교,초등학교,운영,37.39430405,127.0989134
B000003746,신백현초등학교,초등학교,운영,37.38757937,127.1117509
B000003747,산운초등학교,초등학교,운영,37.38975272,127.079026
B000003748,운중초등학교,초등학교,운영,37.39241921,127.0689381
B000003749,청솔초등학교,초등학교,운영,37.35465808,127.1141001
B000003750,오리초등학교,초등학교,운영,37.34435285,127.1153656
B000003751,구미초등학교,초등학교,운영,37.33776429,127.1183073
B000003752,불곡초등학교,초등학교,운영,37.34098363,127.1197315
B000003753,성남매송초등학교,초등학교,운영,37.40218357,127.1224032
B000003754,성남미금초등학교,초등학교,운영,37.34742048,127.1153003
B000003755,백현초등학교,초등학교,운영,37.37219331,127.1111656
B000003756,불정초등학교,초등학교,운영,37.36125574,127.1194969
B000003757,탄천초등학교,초등학교,운영,37.36159606,127.1156357
B000003758,서당초등학교,초등학교,운영,37.37460238,127.1345888
B000003759,양영초등학교,초등학교,운영,37.37465969,127.1400905
B000003760,서현초등학교,초등학교,운영,37.38257622,127.128550
B000003761,분당초등학교,초등학교,운영,37.37898822,127.1296966
B000003762,야탑초등학교,초등학교,운영,37.41661561,127.1256267
B000003763,이매초등학교,초등학교,운영,37.39721014,127.1264932
B000003764,성남장안초등학교,초등학교,운영,37.37266155,127.1444594
B000003765,한솔초등학교,초등학교,운영,37.36677602,127.1180159
B000003766,늘푸른초등학교,초등학교,운영,37.35833354,127.1056708
B000003767,중탑초등학교,초등학교,운영,37.41392399,127.1396854
B000003768,돌마초등학교,초등학교,운영,37.40909939,127.1303783
B000003769,하탑초등학교,초등학교,운영,37.4073264,127.1266127
B000003770,내정초등학교,초등학교,운영,37.3724032,127.122265
B000003771,성남정자초등학교,초등학교,운영,37.37451655,127.1049139
B000003772,수내초등학교,초등학교,운영,37.36776564,127.1246626
B000003773,심곡초등학교,초등학교,운영,37.49175137,126.7769146
B000003774,중동초등학교,초등학교,운영,37.49002712,126.7693697
B000003775,심원초등학교,초등학교,운영,37.49943237,126.7812105
B000003776,상인초등학교,초등학교,운영,37.51280378,126.756348
B000003777,석천초등학교,초등학교,운영,37.51051129,126.7522971
B000003778,상일초등학교,초등학교,운영,37.50180265,126.7504878
B000003779,상미초등학교,초등학교,운영,37.49471207,126.7445653
B000003780,상원초등학교,초등학교,운영,37.4982718,126.7532784
B000003781,부천역곡초등학교,초등학교,운영,37.49083071,126.8074876
B000003782,도당초등학교,초등학교,운영,37.51883136,126.7920021
B000003783,부천신흥초등학교,초등학교,운영,37.50640474,126.7847155
B000003784,상동초등학교,초등학교,운영,37.49687044,126.7501495
B000003785,부인초등학교,초등학교,운영,37.4897918,126.7487411
B000003786,상도초등학교,초등학교,운영,37.49448521,126.7592496
B000003787,송내초등학교,초등학교,운영,37.4906788,126.7587493
B000003788,원미초등학교,초등학교,운영,37.48963631,126.7872986
B000003789,약대초등학교,초등학교,운영,37.51360773,126.7727484
B000003790,부천초등학교,초등학교,운영,37.5141701,126.7648576
B000003791,부천동초등학교,초등학교,운영,37.4879117,126.8038687
B000003792,동곡초등학교,초등학교,운영,37.49059097,126.8167923
B000003793,부일초등학교,초등학교,운영,37.49852357,126.7946906
B000003794,부천북초등학교,초등학교,운영,37.49366399,126.7881521
B000003795,상지초등학교,초등학교,운영,37.49402063,126.7634728
B000003796,부천서초등학교,초등학교,운영,37.48765072,126.7656988
B000003797,부천중원초등학교,초등학교,운영,37.51207326,126.7637887
B000003798,부광초등학교,초등학교,운영,37.50703534,126.7621627
B000003799,부천부흥초등학교,초등학교,운영,37.50756926,126.7663526
B000003800,중흥초등학교,초등학교,운영,37.50668196,126.7732474
B000003801,옥산초등학교,초등학교,운영,37.50311738,126.779428
B000003802,부천중앙초등학교,초등학교,운영,37.4964992,126.7818257
B000003803,신도초등학교,초등학교,운영,37.49783185,126.7581195
B000003804,부명초등학교,초등학교,운영,37.49782823,126.7652584
B000003805,계남초등학교,초등학교,운영,37.49897618,126.7721066
B000003806,부천부곡초등학교,초등학교,운영,37.49408365,126.7731885
B000003807,동산초등학교,초등학교,운영,37.53145027,126.7851807
B000003808,성곡초등학교,초등학교,운영,37.5129789,126.8056547
B000003809,부천수주초등학교,초등학교,운영,37.53127063,126.8149996
B000003810,고리울초등학교,초등학교,운영,37.52724793,126.8271472
B000003811,고강초등학교,초등학교,운영,37.52727037,126.820188
B000003812,부천삼정초등학교,초등학교,운영,37.51861458,126.770841
B000003813,부천여월초등학교,초등학교,운영,37.51813266,126.7966782
B000003814,부천덕산초등학교,초등학교,운영,37.52986362,126.7907569
B000003815,부천대명초등학교,초등학교,운영,37.52825675,126.7973557
B000003816,부천원일초등학교,초등학교,운영,37.53034695,126.802763
B000003817,오정초등학교,초등학교,운영,37.52717104,126.8075305
B000003818,원종초등학교,초등학교,운영,37.51822255,126.8063074
B000003819,까치울초등학교,초등학교,운영,37.51376391,126.8141972
B000003820,부천송일초등학교,초등학교,운영,37.48301536,126.7624605
B000003821,솔안초등학교,초등학교,운영,37.4857014,126.7508603
B000003822,범박초등학교,초등학교,운영,37.47027535,126.8113777
B000003823,창영초등학교,초등학교,운영,37.47516929,126.8048426
B000003824,소안초등학교,초등학교,운영,37.47237615,126.804222
B000003825,부원초등학교,초등학교,운영,37.4781892,126.7913382
B000003826,소사초등학교,초등학교,운영,37.47361187,126.7973298
B000003828,부천남초등학교,초등학교,운영,37.48117626,126.7829631
B000003829,도원초등학교,초등학교,운영,37.47707264,126.7729533
B000003830,부천양지초등학교,초등학교,운영,37.48059692,126.815527
B000003831,부천부안초등학교,초등학교,운영,37.48004873,126.8119637
B000003832,부천일신초등학교,초등학교,운영,37.47362374,126.8070012
B000003833,소일초등학교,초등학교,운영,37.46920358,126.8025378
B000003834,성주초등학교,초등학교,운영,37.47845899,126.7696295
B000003836,해오름초등학교,초등학교,운영,37.41074576,126.9691932
B000003837,덕천초등학교,초등학교,운영,37.39206378,126.9359049
B000003838,명학초등학교,초등학교,운영,37.37997664,126.9344732
B000003839,안양양지초등학교,초등학교,운영,37.39224518,126.9045522
B000003841,석수초등학교,초등학교,운영,37.40610427,126.9007563
B000003842,박달초등학교,초등학교,운영,37.4007784,126.9027858
B000003843,삼봉초등학교,초등학교,운영,37.40297685,126.8991863
B000003844,삼성초등학교,초등학교,운영,37.4195128,126.9119847
B000003845,화창초등학교,초등학교,운영,37.41212653,126.9035094
B000003846,신안초등학교,초등학교,운영,37.38960225,126.9148624
B000003847,안일초등학교,초등학교,운영,37.40408484,126.9223567
B000003848,안양초등학교,초등학교,운영,37.39417913,126.9279515
B000003849,만안초등학교,초등학교,운영,37.40664496,126.9167372
B000003850,안양서초등학교,초등학교,운영,37.39696022,126.911039
B000003851,안양호암초등학교,초등학교,운영,37.42090452,126.9164018
B000003852,샘모루초등학교,초등학교,운영,37.3996207,126.9408353
B000003853,안양중앙초등학교,초등학교,운영,37.39553138,126.9377855
B000003854,안양부안초등학교,초등학교,운영,37.3983563,126.9542396
B000003855,부림초등학교,초등학교,운영,37.40034812,126.9600173
B000003856,나눔초등학교,초등학교,운영,37.39057608,126.9755501
B000003857,벌말초등학교,초등학교,운영,37.39383705,126.9808953
B000003858,동안초등학교,초등학교,운영,37.38951934,126.9649077
B000003859,평촌초등학교,초등학교,운영,37.38839468,126.9604635
B000003860,귀인초등학교,초등학교,운영,37.38674525,126.9659381
B000003861,민백초등학교,초등학교,운영,37.38651687,126.9700228
B000003862,범계초등학교,초등학교,운영,37.38751871,126.9537811
B000003863,호성초등학교,초등학교,운영,37.36625525,126.9630267
B000003864,안양덕현초등학교,초등학교,운영,37.37549471,126.9623993
B000003865,안양남초등학교,초등학교,운영,37.37987549,126.9685686
B000003866,안양관악초등학교,초등학교,운영,37.40664855,126.9681914
B000003867,관양초등학교,초등학교,운영,37.4067103,126.9602277
B000003868,인덕원초등학교,초등학교,운영,37.39728426,126.9797534
B000003869,희성초등학교,초등학교,운영,37.39836601,126.9487102
B000003870,달안초등학교,초등학교,운영,37.39460528,126.9500874
B000003871,안양부흥초등학교,초등학교,운영,37.3947605,126.9465091
B000003872,안양동초등학교,초등학교,운영,37.4074453,126.9359047
B000003873,안양신기초등학교,초등학교,운영,37.3816429,126.9569687
B000003874,호원초등학교,초등학교,운영,37.37505948,126.9531928
B000003875,호계초등학교,초등학교,운영,37.38427093,126.9501232
B000003876,비산초등학교,초등학교,운영,37.40526069,126.943703
B000003877,과천초등학교,초등학교,운영,37.43687633,126.9937959
B000003878,청계초등학교,초등학교,운영,37.43147178,126.9963233
B000003879,문원초등학교,초등학교,운영,37.4240169,126.9950274
B000003880,관문초등학교,초등학교,운영,37.43424093,127.0011545
B000003881,안산진흥초등학교,초등학교,운영,37.31248107,126.8223093
B000003882,슬기초등학교,초등학교,운영,37.30554378,126.8258512
B000003883,송호초등학교,초등학교,운영,37.31152906,126.8352381
B000003884,화랑초등학교,초등학교,운영,37.33117975,126.8179858
B000003885,관산초등학교,초등학교,운영,37.32882916,126.8064151
B000003886,안산호원초등학교,초등학교,운영,37.30264932,126.8184887
B000003887,별망초등학교,초등학교,운영,37.30455278,126.8133764
B000003889,안산원곡초등학교,초등학교,운영,37.3282411,126.7960898
B000003890,안산서초등학교,초등학교,운영,37.33096674,126.8001715
B000003891,고잔초등학교,초등학교,운영,37.3250803,126.827359
B000003892,안산중앙초등학교,초등학교,운영,37.32172574,126.8373946
B000003893,덕성초등학교,초등학교,운영,37.3270278,126.8367647
B000003894,원일초등학교,초등학교,운영,37.33279915,126.8041492
B000003895,선일초등학교,초등학교,운영,37.34008816,126.7998025
B000003896,안산석수초등학교,초등학교,운영,37.34481728,126.8059626
B000003897,정지초등학교,초등학교,운영,37.34159982,126.8112705
B000003898,선부초등학교,초등학교,운영,37.33822777,126.8140941
B000003899,안산화정초등학교,초등학교,운영,37.34595787,126.8173868
B000003900,능길초등학교,초등학교,운영,37.33598504,126.7642473
B000003901,신길초등학교,초등학교,운영,37.33574863,126.7803184
B000003902,덕인초등학교,초등학교,운영,37.34021794,126.8242784
B000003903,와동초등학교,초등학교,운영,37.33681697,126.831118
B000003904,초지초등학교,초등학교,운영,37.31267996,126.8142307
B000003905,안산양지초등학교,초등학교,운영,37.30484259,126.8345809
B000003906,시곡초등학교,초등학교,운영,37.28905552,126.8524523
B000003907,본오초등학교,초등학교,운영,37.29486464,126.867939
B000003908,본원초등학교,초등학교,운영,37.29049387,126.8624697
B000003909,각골초등학교,초등학교,운영,37.29261701,126.8730215
B000003910,팔곡초등학교,초등학교,운영,37.29695945,126.8826412
B000003911,반월초등학교,초등학교,운영,37.30520344,126.9006094
B000003912,안산창촌초등학교,초등학교,운영,37.30743877,126.9047029
B000003913,안산초등학교,초등학교,운영,37.36495969,126.8781241
B000003914,상록초등학교,초등학교,운영,37.29893794,126.8662451
B000003915,이호초등학교,초등학교,운영,37.28699826,126.8609672
B000003916,정재초등학교,초등학교,운영,37.33848608,126.8648857
B000003917,안산부곡초등학교,초등학교,운영,37.32919304,126.8604687
B000003918,시랑초등학교,초등학교,운영,37.33636627,126.8561381
B000003919,석호초등학교,초등학교,운영,37.30123685,126.8483132
B000003920,초당초등학교,초등학교,운영,37.28528789,126.8503842
B000003921,경일초등학교,초등학교,운영,37.32421145,126.8476819
B000003922,성포초등학교,초등학교,운영,37.32434569,126.8426789
B000003924,삼일초등학교,초등학교,운영,37.33214935,126.8498188
B000003925,안산광덕초등학교,초등학교,운영,37.33306674,126.8437415
B000003926,학현초등학교,초등학교,운영,37.31061715,126.8469052
B000003927,매화초등학교,초등학교,운영,37.30591091,126.862365
B000003928,호동초등학교,초등학교,운영,37.31261017,126.8652987
B000003929,안산해양초등학교,초등학교,운영,37.29452082,126.823770
B000003930,성안초등학교,초등학교,운영,37.30482509,126.8538634
B000003931,안산청석초등학교,초등학교,운영,37.2947151,126.8181022
B000003932,대동초등학교,초등학교,운영,37.24136172,126.6002123
B000003933,대부초등학교,초등학교,운영,37.24561396,126.5805449
B000003934,대남초등학교,초등학교,운영,37.21959713,126.575382
B000003936,서농초등학교,초등학교,운영,37.23913932,127.076329
B000003937,새빛초등학교,초등학교,운영,37.29889754,127.0726242
B000003938,구성초등학교,초등학교,운영,37.2956668,127.1153666
B000003939,지석초등학교,초등학교,운영,37.27004892,127.1390138
B000003940,언동초등학교,초등학교,운영,37.29536064,127.131593
B000003941,성지초등학교,초등학교,운영,37.27496793,127.1286049
B000003942,관곡초등학교,초등학교,운영,37.28322495,127.1137416
B000003943,구갈초등학교,초등학교,운영,37.27794262,127.1119291
B000003944,신갈초등학교,초등학교,운영,37.27380452,127.1067493
B000003945,산양초등학교,초등학교,운영,37.28379756,127.108588
B000003946,소현초등학교,초등학교,운영,37.30192517,127.0924337
B000003947,보정초등학교,초등학교,운영,37.30910418,127.110789
B000003948,기흥초등학교,초등학교,운영,37.23191888,127.1098018
B000003949,공세초등학교,초등학교,운영,37.23901832,127.1164888
B000003950,용인한일초등학교,초등학교,운영,37.24332154,127.1069279
B000003951,갈곡초등학교,초등학교,운영,37.2712833,127.1332521
B000003952,나곡초등학교,초등학교,운영,37.25377554,127.1189348
B000003953,나산초등학교,초등학교,운영,37.25030665,127.1093855
B000003954,상갈초등학교,초등학교,운영,37.26425129,127.1109979
B000003955,보라초등학교,초등학교,운영,37.2639581,127.1072221
B000003956,서천초등학교,초등학교,운영,37.24305253,127.0721596
B000003957,용인신릉초등학교,초등학교,운영,37.29026142,127.1147273
B000003958,청곡초등학교,초등학교,운영,37.2674933,127.0933821
B000003959,흥덕초등학교,초등학교,운영,37.27236487,127.0716736
B000003960,석현초등학교,초등학교,운영,37.27278759,127.0830481
B000003961,지곡초등학교,초등학교,운영,37.2521849,127.1382088
B000003962,언남초등학교,초등학교,운영,37.28975883,127.1195878
B000003963,용인백현초등학교,초등학교,운영,37.28315855,127.1623938
B000003964,동막초등학교,초등학교,운영,37.28608046,127.1555391
B000003965,동백초등학교,초등학교,운영,37.28055206,127.1563675
B000003966,마북초등학교,초등학교,운영,37.30281997,127.1100435
B000003967,교동초등학교,초등학교,운영,37.29997921,127.1224865
B000003968,마성초등학교,초등학교,운영,37.29743042,127.1131933
B000003969,독정초등학교,초등학교,운영,37.31886937,127.1162756
B000003970,이현초등학교,초등학교,운영,37.31029508,127.0931044
B000003971,상하초등학교,초등학교,운영,37.25702806,127.1405398
B000003972,청덕초등학교,초등학교,운영,37.29439648,127.1492572
B000003973,석성초등학교,초등학교,운영,37.2703565,127.1580707
B000003974,초당초등학교,초등학교,운영,37.26347282,127.1609334
B000003975,어정초등학교,초등학교,운영,37.27695642,127.1474013
B000003976,고기초등학교,초등학교,운영,37.35884705,127.066072
B000003977,용인한빛초등학교,초등학교,운영,37.33506501,127.0879351
B000003978,솔개초등학교,초등학교,운영,37.30579885,127.0817295
B000003979,용인심곡초등학교,초등학교,운영,37.30901803,127.0789331
B000003980,서원초등학교,초등학교,운영,37.30375053,127.0785606
B000003981,효자초등학교,초등학교,운영,37.31735232,127.0673443
B000003982,성복초등학교,초등학교,운영,37.31954195,127.0781599
B000003983,홍천초등학교,초등학교,운영,37.32663648,127.0798022
B000003984,신일초등학교,초등학교,운영,37.32928881,127.0776935
B000003985,신리초등학교,초등학교,운영,37.32235846,127.0808227
B000003986,용인대일초등학교,초등학교,운영,37.32801071,127.1189891
B000003987,용인신촌초등학교,초등학교,운영,37.32314253,127.1136656
B000003988,대현초등학교,초등학교,운영,37.33359249,127.106521
B000003989,용인대덕초등학교,초등학교,운영,37.33681391,127.1259149
B000003990,정평초등학교,초등학교,운영,37.32083142,127.0885087
B000003991,풍천초등학교,초등학교,운영,37.31616174,127.0955107
B000003992,토월초등학교,초등학교,운영,37.32522741,127.0915836
B000003993,동천초등학교,초등학교,운영,37.34461156,127.0933932
B000003994,손곡초등학교,초등학교,운영,37.33686539,127.0950036
B000003995,수지초등학교,초등학교,운영,37.3167412,127.085295
B000003996,신월초등학교,초등학교,운영,37.32052608,127.0927176
B000003997,풍덕초등학교,초등학교,운영,37.33007411,127.0952528
B000003998,대지초등학교,초등학교,운영,37.33017106,127.1160431
B000003999,죽전초등학교,초등학교,운영,37.33374032,127.1103872
B000004000,현암초등학교,초등학교,운영,37.32881299,127.1247627
B000004001,대청초등학교,초등학교,운영,37.33412825,127.1290495
B000004002,상현초등학교,초등학교,운영,37.30882494,127.089682
B000004003,성서초등학교,초등학교,운영,37.32017186,127.0650769
B000004004,용인신봉초등학교,초등학교,운영,37.32965706,127.068107
B000004005,운학초등학교,초등학교,운영,37.20278722,127.2466709
B000004006,삼가초등학교,초등학교,운영,37.23671162,127.170492
B000004007,고림초등학교,초등학교,운영,37.24741981,127.2270745
B000004008,용인초등학교,초등학교,운영,37.23856867,127.2052126
B000004009,역북초등학교,초등학교,운영,37.23457297,127.1924469
B000004010,용마초등학교,초등학교,운영,37.23706584,127.2148977
B000004011,서룡초등학교,초등학교,운영,37.23811035,127.1870731
B000004012,용인성산초등학교,초등학교,운영,37.25866039,127.2158043
B000004013,용인둔전초등학교,초등학교,운영,37.26873077,127.2252393
B000004014,둔전제일초등학교,초등학교,운영,37.27402249,127.2191252
B000004015,포곡초등학교,초등학교,운영,37.28217962,127.2202404
B000004016,한터초등학교,초등학교,운영,37.26199118,127.2682539
B000004017,양지초등학교,초등학교,운영,37.23708312,127.2844906
B000004018,제일초등학교,초등학교,운영,37.24280483,127.3135289
B000004019,송전초등학교,초등학교,운영,37.1408151,127.1986336
B000004020,용천초등학교,초등학교,운영,37.19185075,127.2084179
B000004021,용인이동초등학교,초등학교,운영,37.19084078,127.203512
B000004022,능원초등학교,초등학교,운영,37.34319393,127.1738263
B000004023,모현초등학교,초등학교,운영,37.34347639,127.2284867
B000004024,왕산초등학교,초등학교,운영,37.33532653,127.2506285
B000004025,장평초등학교,초등학교,운영,37.11907332,127.3776064
B000004026,백암초등학교,초등학교,운영,37.16414573,127.367490
B000004027,백봉초등학교,초등학교,운영,37.13797647,127.399982
B000004028,좌항초등학교,초등학교,운영,37.20182797,127.3203483
B000004029,원삼초등학교,초등학교,운영,37.16355642,127.3161379
B000004030,남촌초등학교,초등학교,운영,37.10155426,127.1376105
B000004031,남사초등학교,초등학교,운영,37.11359845,127.1485887
B000004032,남곡초등학교,초등학교,운영,37.15778228,127.174721
B000004033,백암초등학교수정분교장,초등학교,운영,37.18619793,127.360458
B000004034,두창초등학교,초등학교,운영,37.15834601,127.342837
B000004035,군포초등학교,초등학교,운영,37.34823766,126.9419284
B000004036,당동초등학교,초등학교,운영,37.34593756,126.939499
B000004037,용호초등학교,초등학교,운영,37.3422666,126.9407794
B000004038,군포옥천초등학교,초등학교,운영,37.34387477,126.9452915
B000004039,부곡중앙초등학교,초등학교,운영,37.32314464,126.9411386
B000004040,당정초등학교,초등학교,운영,37.34657104,126.9547784
B000004041,광정초등학교,초등학교,운영,37.36593675,126.9305979
B000004042,신흥초등학교,초등학교,운영,37.35650213,126.9266136
B000004043,둔전초등학교,초등학교,운영,37.36148222,126.9243647
B000004044,수리초등학교,초등학교,운영,37.36039563,126.9180787
B000004045,도장초등학교,초등학교,운영,37.34862294,126.9236158
B000004046,오금초등학교,초등학교,운영,37.34799594,126.9259127
B000004047,궁내초등학교,초등학교,운영,37.36461098,126.920170
B000004048,태을초등학교,초등학교,운영,37.37205306,126.9263632
B000004049,군포화산초등학교,초등학교,운영,37.35326066,126.934562
B000004050,군포양정초등학교,초등학교,운영,37.35930627,126.9406945
B000004051,흥진초등학교,초등학교,운영,37.35386649,126.9281597
B000004052,군포대야초등학교,초등학교,운영,37.32933757,126.915235
B000004053,둔대초등학교,초등학교,운영,37.32663436,126.9109116
B000004054,금정초등학교,초등학교,운영,37.36646403,126.941225
B000004055,산본초등학교,초등학교,운영,37.36877717,126.9345913
B000004056,한얼초등학교,초등학교,운영,37.36623705,126.935606
B000004057,관모초등학교,초등학교,운영,37.37620221,126.938033
B000004058,곡란초등학교,초등학교,운영,37.37424391,126.9338506
B000004059,능내초등학교,초등학교,운영,37.35485983,126.9214275
B000004060,포일초등학교,초등학교,운영,37.39958138,126.9856366
B000004061,왕곡초등학교,초등학교,운영,37.34518014,126.9804912
B000004062,의왕부곡초등학교,초등학교,운영,37.31630748,126.9494753
B000004063,오전초등학교,초등학교,운영,37.35495156,126.9724121
B000004064,내손초등학교,초등학교,운영,37.38884898,126.9819813
B000004065,갈뫼초등학교,초등학교,운영,37.37679311,126.9722114
B000004066,백운초등학교,초등학교,운영,37.38569779,126.9748192
B000004067,고천초등학교,초등학교,운영,37.3489678,126.9756357
B000004068,의왕덕성초등학교,초등학교,운영,37.32158274,126.9582085
B000004069,모락초등학교,초등학교,운영,37.35869385,126.9734963
B000004070,의왕초등학교,초등학교,운영,37.36372368,126.9681873
B000004071,덕장초등학교,초등학교,운영,37.392216,126.9970756
B000004072,신천초등학교,초등학교,운영,37.43514236,126.783407
B000004073,시흥매화초등학교,초등학교,운영,37.41634831,126.8078869
B000004074,계수초등학교,초등학교,운영,37.45317101,126.8205729
B000004075,승지초등학교,초등학교,운영,37.37238591,126.8127399
B000004076,시흥능곡초등학교,초등학교,운영,37.36529596,126.812929
B000004077,하중초등학교,초등학교,운영,37.39320804,126.8071006
B000004078,연성초등학교,초등학교,운영,37.38797529,126.8183205
B000004079,군자초등학교,초등학교,운영,37.34381341,126.7870847
B000004080,진말초등학교,초등학교,운영,37.38051877,126.7881466
B000004081,시흥월곶초등학교,초등학교,운영,37.39176682,126.7373388
B000004082,함현초등학교,초등학교,운영,37.36530111,126.7377918
B000004083,송운초등학교,초등학교,운영,37.36014051,126.7301455
B000004084,서촌초등학교,초등학교,운영,37.34942585,126.7275021
B000004085,군서초등학교,초등학교,운영,37.34736139,126.7518122
B000004086,시화초등학교,초등학교,운영,37.33929505,126.7514775
B000004087,서해초등학교,초등학교,운영,37.35612237,126.7251312
B000004088,시흥초등학교,초등학교,운영,37.35193371,126.7320864
B000004089,냉정초등학교,초등학교,운영,37.35779542,126.7351716
B000004090,옥터초등학교,초등학교,운영,37.34508074,126.6924422
B000004091,도일초등학교,초등학교,운영,37.34912731,126.7819203
B000004092,목감초등학교,초등학교,운영,37.38681999,126.8588871
B000004093,대야초등학교,초등학교,운영,37.44684973,126.7898206
B000004094,도창초등학교,초등학교,운영,37.40696935,126.8237405
B000004095,시흥신일초등학교,초등학교,운영,37.43309074,126.7915179
B000004096,시흥도원초등학교,초등학교,운영,37.4401141,126.7779868
B000004097,소래초등학교,초등학교,운영,37.44261531,126.7846566
B000004098,월포초등학교,초등학교,운영,37.3874767,126.7428279
B000004099,웃터골초등학교,초등학교,운영,37.43968236,126.7992598
B000004100,검바위초등학교,초등학교,운영,37.43267508,126.799004
B000004101,시흥은행초등학교,초등학교,운영,37.44258628,126.8007227
B000004102,금모래초등학교,초등학교,운영,37.44160032,126.7952003
B000004103,장곡초등학교,초등학교,운영,37.3814009,126.7819636
B000004104,시흥장현초등학교,초등학교,운영,37.38175778,126.7991022
B000004105,정왕초등학교,초등학교,운영,37.34097209,126.743227
B000004106,포리초등학교,초등학교,운영,37.40570864,126.7711923
B000004107,은계초등학교,초등학교,운영,37.44756188,126.7978235
B000004108,평택초등학교,초등학교,운영,36.98945615,127.0813739
B000004109,합정초등학교,초등학교,운영,36.98938026,127.0977377
B000004110,죽백초등학교,초등학교,운영,37.01362689,127.1375227
B000004111,군문초등학교,초등학교,운영,36.98774621,127.0851541
B000004112,용이초등학교,초등학교,운영,37.00008904,127.1467153
B000004113,동삭초등학교,초등학교,운영,37.0186092,127.0968585
B000004114,소사벌초등학교,초등학교,운영,36.99531759,127.116892
B000004115,평택성동초등학교,초등학교,운영,36.99536292,127.0933789
B000004116,비전초등학교,초등학교,운영,37.00159007,127.0907771
B000004117,덕동초등학교,초등학교,운영,36.99763117,127.1072893
B000004118,평택중앙초등학교,초등학교,운영,37.00227268,127.0780535
B000004119,세교초등학교,초등학교,운영,37.00212071,127.0831756
B000004120,평일초등학교,초등학교,운영,36.98937529,127.1070709
B000004121,복창초등학교,초등학교,운영,37.07122473,127.0503031
B000004122,장당초등학교,초등학교,운영,37.05011502,127.0576496
B000004123,반지초등학교,초등학교,운영,37.05791943,127.0695329
B000004124,송탄초등학교,초등학교,운영,37.04228758,127.0870904
B000004125,송현초등학교,초등학교,운영,37.07252189,127.0671042
B000004126,평택지산초등학교,초등학교,운영,37.07730692,127.0620077
B000004127,송북초등학교,초등학교,운영,37.08049348,127.0666324
B000004128,송신초등학교,초등학교,운영,37.07519037,127.0521302
B000004129,서정리초등학교,초등학교,운영,37.05836093,127.0581637
B000004130,송일초등학교,초등학교,운영,37.06276469,127.0595666
B000004131,지장초등학교,초등학교,운영,37.0680549,127.0575782
B000004132,이충초등학교,초등학교,운영,37.06329722,127.0670071
B000004133,부용초등학교,초등학교,운영,36.966247,127.0590977
B000004134,팽성초등학교,초등학교,운영,36.95068718,127.0517616
B000004135,평택송화초등학교,초등학교,운영,36.96294275,127.0569797
B000004136,계성초등학교,초등학교,운영,36.94241634,127.0082854
B000004137,내기초등학교,초등학교,운영,36.9796483,126.8724451
B000004138,원정초등학교,초등학교,운영,36.99402826,126.8416452
B000004139,평택도곡초등학교,초등학교,운영,36.98892556,126.8480738
B000004140,홍원초등학교,초등학교,운영,37.01431327,126.8895143
B000004141,안중초등학교,초등학교,운영,36.98964453,126.9260167
B000004142,평택안일초등학교,초등학교,운영,36.98287497,126.9243945
B000004143,현화초등학교,초등학교,운영,36.98236685,126.9189136
B000004144,현일초등학교,초등학교,운영,36.98611217,126.919873
B000004146,가사초등학교,초등학교,운영,36.93849441,126.9171847
B000004147,현덕초등학교,초등학교,운영,36.96525495,126.9219431
B000004148,청북초등학교,초등학교,운영,37.04319052,126.9351869
B000004149,청옥초등학교,초등학교,운영,37.01891055,126.9118619
B000004150,삼덕초등학교,초등학교,운영,37.03955035,126.9118343
B000004151,어연초등학교,초등학교,운영,37.04885888,126.9773922
B000004152,효덕초등학교,초등학교,운영,37.01670942,127.0355926
B000004155,서탄초등학교,초등학교,운영,37.1073282,127.0361394
B000004156,갈곶초등학교,초등학교,운영,37.12562853,127.072031
B000004157,진위초등학교,초등학교,운영,37.10066411,127.0899589
B000004158,창신초등학교,초등학교,운영,37.00430891,127.0067541
B000004159,오성초등학교,초등학교,운영,37.00824384,126.9786058
B000004160,현덕초등학교광덕분교장,초등학교,운영,36.9441357,126.9440341
B000004161,서탄초등학교내수분교장,초등학교,운영,37.11936703,127.0159419
B000004162,진위초등학교산대분교장,초등학교,운영,37.08401577,127.1211641
B000004163,남양초등학교,초등학교,운영,37.210277818,126.815120679
B000004164,동양초등학교,초등학교,운영,37.2066473844,126.8223364637
B000004165,활초초등학교,초등학교,운영,37.1786215621,126.8257205869
B000004166,반석초등학교,초등학교,운영,37.1936879,127.0782132381
B000004167,솔빛초등학교,초등학교,운영,37.1966888294,127.0737903
B000004168,반송초등학교,초등학교,운영,37.19076668,127.0702303543
B000004169,석우초등학교,초등학교,운영,37.2090981524,127.0680709743
B000004170,숲속초등학교,초등학교,운영,37.2058131443,127.060485
B000004171,화성금곡초등학교,초등학교,운영,37.19863407,127.0662175
B000004172,학동초등학교,초등학교,운영,37.2053783356,127.0658928139
B000004173,예당초등학교,초등학교,운영,37.2103605128,127.0754050556
B000004174,기안초등학교,초등학교,운영,37.22536277,126.9821274
B000004175,능동초등학교,초등학교,운영,37.213143805,127.058872
B000004176,푸른초등학교,초등학교,운영,37.2021612091,127.0552901
B000004177,한마음초등학교,초등학교,운영,37.2084818064,127.0561807588
B000004178,동학초등학교,초등학교,운영,37.23308253,127.0594727
B000004179,기산초등학교,초등학교,운영,37.22460078,127.0507334
B000004180,율목초등학교,초등학교,운영,37.236577421,127.064482901
B000004181,배양초등학교,초등학교,운영,37.2185928768,126.989336935
B000004182,화성벌말초등학교,초등학교,운영,37.2024831646,127.0378857995
B000004183,송화초등학교,초등학교,운영,37.2020661613,127.0402915454
B000004184,태안초등학교,초등학교,운영,37.21065951,127.0408656
B000004185,안화초등학교,초등학교,운영,37.2126026078,127.0472161163
B000004186,구봉초등학교,초등학교,운영,37.2055648692,127.0449176588
B000004187,화산초등학교,초등학교,운영,37.2103814347,127.0140222917
B000004188,안녕초등학교,초등학교,운영,37.2056837455,127.0088676986
B000004189,병점초등학교,초등학교,운영,37.2099109515,127.0348963224
B000004190,진안초등학교,초등학교,운영,37.21700472,127.040545
B000004191,봉담초등학교,초등학교,운영,37.22280569,126.9473597
B000004192,갈담초등학교,초등학교,운영,37.1750024981,126.932909
B000004193,와우초등학교,초등학교,운영,37.2202284026,126.9721013923
B000004194,상봉초등학교,초등학교,운영,37.2180182653,126.9547323937
B000004195,동화초등학교,초등학교,운영,37.21532013,126.9613628
B000004196,수기초등학교,초등학교,운영,37.2017361434,126.9800268268
B000004197,수영초등학교,초등학교,운영,37.23617759,126.9542831
B000004198,도이초등학교,초등학교,운영,37.1325090368,126.9261309
B000004199,행정초등학교,초등학교,운영,37.1264193606,126.9237277965
B000004200,갈천초등학교,초등학교,운영,37.12724576,126.9804858
B000004201,제암초등학교,초등학교,운영,37.13115334,126.9021135
B000004202,발안초등학교,초등학교,운영,37.130370944,126.9118507088
B000004203,향남초등학교,초등학교,운영,37.1198358961,126.943112781
B000004204,한울초등학교,초등학교,운영,37.1267273558,126.9177900985
B000004206,석천초등학교,초등학교,운영,37.0549689547,126.7888978201
B000004207,우정초등학교,초등학교,운영,37.081424302,126.8007091418
B000004208,화성화수초등학교,초등학교,운영,37.1086954042,126.7971818471
B000004209,동탄초등학교,초등학교,운영,37.18903472,127.0911507
B000004210,송라초등학교,초등학교,운영,37.27306194,126.8886245
B000004211,화성매송초등학교,초등학교,운영,37.24980641,126.9282436
B000004212,비봉초등학교,초등학교,운영,37.2367860204,126.8695160517
B000004213,청룡초등학교,초등학교,운영,37.2012425172,126.8888177219
B000004214,마도초등학교,초등학교,운영,37.2038781301,126.7732784943
B000004215,청원초등학교,초등학교,운영,37.1880720263,126.7617041041
B000004216,고정초등학교,초등학교,운영,37.2381396766,126.7382914653
B000004217,마산초등학교,초등학교,운영,37.2315045086,126.6926189991
B000004218,송산초등학교,초등학교,운영,37.214340419,126.7327100174
B000004219,서신초등학교,초등학교,운영,37.1695661126,126.707298514
B000004220,해운초등학교,초등학교,운영,37.14005466,126.7037872
B000004221,팔탄초등학교,초등학교,운영,37.1593633969,126.9024567558
B000004222,화성월문초등학교,초등학교,운영,37.1181400934,126.8727703054
B000004223,사창초등학교,초등학교,운영,37.09200273,126.9730915
B000004224,양감초등학교,초등학교,운영,37.0809277186,126.951662
B000004225,화성장안초등학교,초등학교,운영,37.0855710015,126.8241561958
B000004226,노진초등학교,초등학교,운영,37.0514252332,126.8089486922
B000004227,장명초등학교,초등학교,운영,37.0562352322,126.8524311928
B000004228,정림초등학교,초등학교,운영,37.1530421,127.0116502
B000004229,정남초등학교,초등학교,운영,37.1675572276,126.984890366
B000004230,화남초등학교,초등학교,운영,37.1637073239,127.0960756
B000004231,팔탄초등학교대방분교장,초등학교,운영,37.1615148278,126.870326171
B000004236,성호초등학교,초등학교,운영,37.15047668,127.0709442
B000004237,운산초등학교,초등학교,운영,37.15261684,127.077532
B000004238,운천초등학교,초등학교,운영,37.15595103,127.0797631
B000004239,오산원당초등학교,초등학교,운영,37.14226351,127.0909242
B000004240,원동초등학교,초등학교,운영,37.13552905,127.0697217
B000004241,운암초등학교,초등학교,운영,37.14385503,127.0762024
B000004242,대호초등학교,초등학교,운영,37.15912882,127.0578369
B000004243,오산초등학교,초등학교,운영,37.14515751,127.0501638
B000004244,가수초등학교,초등학교,운영,37.1481039,127.0479561
B000004245,광성초등학교,초등학교,운영,37.18414545,127.0397103
B000004246,금암초등학교,초등학교,운영,37.17873483,127.0439479
B000004247,필봉초등학교,초등학교,운영,37.17882611,127.0523788
B000004248,양산초등학교,초등학교,운영,37.19721014,127.0321505
B000004249,문시초등학교,초등학교,운영,37.17428105,127.0452767
B000004250,화성초등학교,초등학교,운영,37.16477164,127.0691917
B000004251,수청초등학교,초등학교,운영,37.17084729,127.0554738
B000004252,매홀초등학교,초등학교,운영,37.1627718,127.0632836
B000004253,오산대원초등학교,초등학교,운영,37.13055379,127.0711928
B000004254,오산고현초등학교,초등학교,운영,37.1334449,127.0851451
B000004255,성산초등학교,초등학교,운영,37.1504447,127.0670421
B000004256,오산원일초등학교,초등학교,운영,37.13920296,127.0716949
B000004257,삼미초등학교,초등학교,운영,37.19135584,127.0602681
B000004258,도덕초등학교,초등학교,운영,37.48457015,126.8702495
B000004259,충현초등학교,초등학교,운영,37.43313872,126.8864833
B000004260,구름산초등학교,초등학교,운영,37.45298585,126.8841355
B000004261,소하초등학교,초등학교,운영,37.44927566,126.8873732
B000004262,안현초등학교,초등학교,운영,37.47101395,126.867503
B000004263,하안초등학교,초등학교,운영,37.46306043,126.873989
B000004264,가림초등학교,초등학교,운영,37.45855007,126.8789116
B000004265,연서초등학교,초등학교,운영,37.46593524,126.882420
B000004266,안서초등학교,초등학교,운영,37.40278319,126.8706442
B000004267,온신초등학교,초등학교,운영,37.44276065,126.8468523
B000004268,광명초등학교,초등학교,운영,37.48086006,126.857414
B000004269,광명서초등학교,초등학교,운영,37.47847217,126.8470137
B000004270,광명남초등학교,초등학교,운영,37.47512709,126.8537024
B000004271,광일초등학교,초등학교,운영,37.47162377,126.8469394
B000004272,광문초등학교,초등학교,운영,37.46688788,126.8516677
B000004273,서면초등학교,초등학교,운영,37.43863936,126.8795927
B000004274,광명동초등학교,초등학교,운영,37.48395182,126.8633963
B000004275,광명북초등학교,초등학교,운영,37.48649649,126.8676338
B000004276,광명광성초등학교,초등학교,운영,37.47885028,126.873071
B000004277,광명광덕초등학교,초등학교,운영,37.47393367,126.8659323
B000004278,철산초등학교,초등학교,운영,37.46979433,126.8745934
B000004279,하안남초등학교,초등학교,운영,37.46217243,126.8852513
B000004280,하일초등학교,초등학교,운영,37.46908545,126.8764178
B000004281,하안북초등학교,초등학교,운영,37.46470851,126.8691342
B000004282,벌원초등학교,초등학교,운영,37.40944583,127.2368413
B000004283,경안초등학교,초등학교,운영,37.41151696,127.2477647
B000004284,광남초등학교,초등학교,운영,37.39401569,127.2304609
B000004285,탄벌초등학교,초등학교,운영,37.4201828,127.2485144
B000004286,쌍령초등학교,초등학교,운영,37.39892325,127.2810845
B000004287,광주초등학교,초등학교,운영,37.41062971,127.2552011
B000004288,태전초등학교,초등학교,운영,37.38885946,127.2271184
B000004289,도곡초등학교,초등학교,운영,37.37087071,127.2996093
B000004290,광주도평초등학교,초등학교,운영,37.39642361,127.2893901
B000004291,선동초등학교,초등학교,운영,37.37809776,127.3175855
B000004292,초월초등학교,초등학교,운영,37.40790493,127.3078667
B000004293,만선초등학교,초등학교,운영,37.36640135,127.4111165
B000004294,곤지암초등학교,초등학교,운영,37.34966983,127.3381352
B000004295,삼리초등학교,초등학교,운영,37.35782142,127.3243262
B000004296,오포초등학교,초등학교,운영,37.36089247,127.2156113
B000004297,광주광명초등학교,초등학교,운영,37.35961347,127.1609419
B000004298,양벌초등학교,초등학교,운영,37.37946278,127.2561851
B000004299,광주매곡초등학교,초등학교,운영,37.37221201,127.2486143
B000004300,광지원초등학교,초등학교,운영,37.46389638,127.251734
B000004301,남한산초등학교,초등학교,운영,37.47862091,127.1860783
B000004302,번천초등학교,초등학교,운영,37.44515314,127.2669502
B000004303,도수초등학교,초등학교,운영,37.47187879,127.3182656
B000004304,분원초등학교,초등학교,운영,37.49625742,127.3034488
B000004305,도궁초등학교,초등학교,운영,37.33465402,127.3124887
B000004306,도척초등학교,초등학교,운영,37.30364333,127.3319893
B000004307,나룰초등학교,초등학교,운영,37.54855826,127.209193
B000004308,신장초등학교,초등학교,운영,37.54267108,127.2080043
B000004310,창우초등학교,초등학교,운영,37.54065829,127.2237555
B000004311,하남초등학교,초등학교,운영,37.53742616,127.2221663
B000004312,서부초등학교,초등학교,운영,37.51574263,127.1620385
B000004313,산곡초등학교,초등학교,운영,37.5040936,127.2345321
B000004314,덕풍초등학교,초등학교,운영,37.54067674,127.1975011
B000004315,동부초등학교,초등학교,운영,37.53748386,127.2021348
B000004316,신평초등학교,초등학교,운영,37.54424461,127.2151286
B000004317,하남천현초등학교,초등학교,운영,37.53808695,127.2161188
B000004318,하남풍산초등학교,초등학교,운영,37.5543847,127.2013921
B000004320,김포한가람초등학교,초등학교,운영,37.6477392,126.6218398
B000004321,솔터초등학교,초등학교,운영,37.64120856,126.6343528
B000004322,푸른솔초등학교,초등학교,운영,37.65159348,126.6657793
B000004323,운유초등학교,초등학교,운영,37.64677596,126.6603858
B000004324,가현초등학교,초등학교,운영,37.63807828,126.6740076
B000004325,감정초등학교,초등학교,운영,37.62348161,126.6953312
B000004326,걸포초등학교,초등학교,운영,37.63359202,126.7075547
B000004327,김포서초등학교,초등학교,운영,37.6290236,126.7017278
B000004328,금파초등학교,초등학교,운영,37.62424133,126.716781
B000004329,운양초등학교,초등학교,운영,37.64621086,126.6900861
B000004330,장기초등학교,초등학교,운영,37.64245358,126.6644771
B000004331,고창초등학교,초등학교,운영,37.64594685,126.672551
B000004332,풍무초등학교,초등학교,운영,37.60508712,126.7266135
B000004333,김포신풍초등학교,초등학교,운영,37.61274107,126.7265736
B000004334,유현초등학교,초등학교,운영,37.5989218,126.7262246
B000004335,사우초등학교,초등학교,운영,37.62052677,126.7239749
B000004336,양도초등학교,초등학교,운영,37.6029132,126.7204531
B000004337,김포초등학교,초등학교,운영,37.62583548,126.7084003
B000004338,고촌초등학교,초등학교,운영,37.60612099,126.7733694
B000004339,신곡초등학교,초등학교,운영,37.59671156,126.7664388
B000004340,마송중앙초등학교,초등학교,운영,37.68935513,126.5936743
B000004341,마송초등학교,초등학교,운영,37.68442672,126.6063034
B000004342,서암초등학교,초등학교,운영,37.69999628,126.6052043
B000004343,통진초등학교,초등학교,운영,37.69388578,126.5944372
B000004344,금란초등학교,초등학교,운영,37.60765405,126.7511726
B000004345,학운초등학교,초등학교,운영,37.62030006,126.6248607
B000004346,양곡초등학교,초등학교,운영,37.65584275,126.6220164
B000004347,신양초등학교,초등학교,운영,37.65570322,126.6338809
B000004348,수남초등학교,초등학교,운영,37.62889835,126.5883894
B000004349,김포대명초등학교,초등학교,운영,37.64842669,126.553575
B000004350,대곶초등학교,초등학교,운영,37.65200913,126.5848107
B000004351,석정초등학교,초등학교,운영,37.67365359,126.5541183
B000004352,옹정초등학교,초등학교,운영,37.69412627,126.5638994
B000004353,개곡초등학교,초등학교,운영,37.73203072,126.5936414
B000004354,월곶초등학교,초등학교,운영,37.71770877,126.5521783
B000004355,하성초등학교,초등학교,운영,37.72067449,126.632570
B000004356,금성초등학교,초등학교,운영,37.74486002,126.6324555
B000004357,설봉초등학교,초등학교,운영,37.28479642,127.4524983
B000004358,이천송정초등학교,초등학교,운영,37.29416287,127.4333897
B000004359,안흥초등학교,초등학교,운영,37.28024391,127.4560778
B000004360,한내초등학교,초등학교,운영,37.29041031,127.4615027
B000004361,이천단월초등학교,초등학교,운영,37.22700347,127.4522059
B000004362,이천남초등학교,초등학교,운영,37.2769754,127.4436576
B000004363,증포초등학교,초등학교,운영,37.29419851,127.457137
B000004364,이천초등학교,초등학교,운영,37.28401029,127.4422895
B000004365,이천가산초등학교,초등학교,운영,37.24160247,127.5178501
B000004366,부발초등학교,초등학교,운영,37.28663947,127.4887438
B000004367,신하초등학교,초등학교,운영,37.26109025,127.4792851
B000004368,아미초등학교,초등학교,운영,37.25826085,127.4908671
B000004369,장호원초등학교,초등학교,운영,37.11558427,127.6281309
B000004370,대서초등학교,초등학교,운영,37.11354197,127.5759676
B000004371,이황초등학교,초등학교,운영,37.14561016,127.5877241
B000004373,표교초등학교,초등학교,운영,37.25673911,127.4058981
B000004375,이천매곡초등학교,초등학교,운영,37.21483213,127.3944149
B000004376,호법초등학교,초등학교,운영,37.22452827,127.4264713
B000004377,백사초등학교,초등학교,운영,37.33888982,127.4905347
B000004378,도지초등학교,초등학교,운영,37.3084025,127.4823129
B000004379,도암초등학교,초등학교,운영,37.31859142,127.4427741
B000004380,신둔초등학교,초등학교,운영,37.31028246,127.4035285
B000004381,이천사동초등학교,초등학교,운영,37.24158954,127.4874636
B000004382,대월초등학교,초등학교,운영,37.22373608,127.4928014
B000004383,진가초등학교,초등학교,운영,37.17475248,127.479209
B000004384,송곡초등학교,초등학교,운영,37.15240669,127.4839209
B000004385,설성초등학교,초등학교,운영,37.11011075,127.537424
B000004386,장천초등학교,초등학교,운영,37.14575302,127.5283281
B000004387,율면초등학교,초등학교,운영,37.08769127,127.5425144
B000004388,나래초등학교,초등학교,운영,37.16993358,127.5877142
B000004389,안성초등학교,초등학교,운영,37.0122701,127.2725354
B000004390,내혜홀초등학교,초등학교,운영,37.00628941,127.2653197
B000004392,비룡초등학교,초등학교,운영,37.01502455,127.2628264
B000004393,만정초등학교,초등학교,운영,37.00694109,127.171735
B000004394,공도초등학교,초등학교,운영,36.99999877,127.1674695
B000004395,용머리초등학교,초등학교,운영,37.00273703,127.1583693
B000004396,문기초등학교,초등학교,운영,37.00759866,127.1935952
B000004397,양진초등학교,초등학교,운영,36.98928184,127.1404236
B000004398,원곡초등학교,초등학교,운영,37.04184047,127.127739
B000004399,광덕초등학교,초등학교,운영,37.00105866,127.2214077
B000004400,명덕초등학교,초등학교,운영,37.0507111,127.2626765
B000004401,대덕초등학교,초등학교,운영,37.02739146,127.2448782
B000004402,미양초등학교,초등학교,운영,36.97502193,127.2127599
B000004403,개정초등학교,초등학교,운영,36.96072459,127.1886537
B000004404,보체초등학교,초등학교,운영,36.9739663,127.2383297
B000004405,서운초등학교,초등학교,운영,36.94646272,127.2549898
B000004406,현매초등학교,초등학교,운영,36.93595743,127.2300443
B000004407,산평초등학교,초등학교,운영,36.91995315,127.2614748
B000004408,개산초등학교,초등학교,운영,36.98447505,127.3020178
B000004409,금광초등학교,초등학교,운영,36.99992265,127.3242787
B000004410,동신초등학교,초등학교,운영,37.0122736,127.3047367
B000004413,마전초등학교,초등학교,운영,37.03070745,127.3413202
B000004414,삼죽초등학교,초등학교,운영,37.07645645,127.3744669
B000004415,광선초등학교,초등학교,운영,37.00816635,127.4331392
B000004416,죽산초등학교,초등학교,운영,37.07847725,127.4211898
B000004417,일죽초등학교,초등학교,운영,37.09165258,127.481714
B000004419,죽화초등학교,초등학교,운영,37.10774589,127.4582669
B000004420,고삼초등학교,초등학교,운영,37.08269616,127.2645138
B000004421,양성초등학교,초등학교,운영,37.06212187,127.1958377
B000004422,미곡초등학교,초등학교,운영,37.11067536,127.245032
B000004424,금광초등학교조령분교장,초등학교,운영,37.00114677,127.3578924
B000004426,세종초등학교,초등학교,운영,37.2797981,127.6338262
B000004427,연라초등학교,초등학교,운영,37.27733048,127.6114685
B000004428,점봉초등학교,초등학교,운영,37.25674291,127.6446388
B000004429,여흥초등학교,초등학교,운영,37.29320528,127.6432887
B000004430,여주초등학교,초등학교,운영,37.29870175,127.6359788
B000004431,오학초등학교,초등학교,운영,37.31241232,127.6478987
B000004432,매류초등학교,초등학교,운영,37.27384544,127.557554
B000004433,능북초등학교,초등학교,운영,37.33330782,127.5914867
B000004434,능서초등학교,초등학교,운영,37.29810662,127.5720938
B000004435,문장초등학교,초등학교,운영,37.36126511,127.5124909
B000004436,흥천초등학교,초등학교,운영,37.3328062,127.5413066
B000004437,이포초등학교,초등학교,운영,37.38909566,127.5298321
B000004438,천남초등학교,초등학교,운영,37.3458497,127.6313952
B000004439,송촌초등학교,초등학교,운영,37.4117204,127.5690748
B000004440,대신초등학교,초등학교,운영,37.37521136,127.5873167
B000004441,북내초등학교,초등학교,운영,37.32941704,127.6806122
B000004442,강천초등학교,초등학교,운영,37.26902312,127.7204304
B000004443,점동초등학교,초등학교,운영,37.2042595,127.6630001
B000004444,가남초등학교,초등학교,운영,37.20528811,127.5475999
B000004445,금당초등학교,초등학교,운영,37.19676315,127.6054844
B000004446,송삼초등학교,초등학교,운영,37.17646533,127.6339597
B000004447,오산초등학교,초등학교,운영,37.23879824,127.5590727
B000004448,상품초등학교,초등학교,운영,37.40533485,127.4450137
B000004451,이포초등학교하호분교장,초등학교,운영,37.40585877,127.5012612
B000004453,북내초등학교도전분교장,초등학교,운영,37.33721014,127.7511112
B000004454,원덕초등학교,초등학교,운영,37.46805411,127.542840
B000004455,양평동초등학교,초등학교,운영,37.48822139,127.5071031
B000004456,양평초등학교,초등학교,운영,37.49302359,127.4861938
B000004457,서종초등학교,초등학교,운영,37.60910196,127.3481944
B000004458,대아초등학교,초등학교,운영,37.52789082,127.4156006
B000004459,양서초등학교,초등학교,운영,37.51289742,127.3822247
B000004460,양수초등학교,초등학교,운영,37.54473436,127.3256681
B000004461,옥천초등학교,초등학교,운영,37.5195581,127.4593942
B000004462,용문초등학교,초등학교,운영,37.50983973,127.6328251
B000004463,다문초등학교,초등학교,운영,37.48585466,127.5915311
B000004464,조현초등학교,초등학교,운영,37.52272731,127.6160008
B000004465,양평단월초등학교,초등학교,운영,37.53960825,127.6728384
B000004466,청운초등학교,초등학교,운영,37.55457051,127.713771
B000004467,곡수초등학교,초등학교,운영,37.41848722,127.6113777
B000004468,지평초등학교,초등학교,운영,37.47584497,127.6380388
B000004469,양동초등학교,초등학교,운영,37.43070341,127.7498853
B000004470,개군초등학교,초등학교,운영,37.42795398,127.5343465
B000004471,강상초등학교,초등학교,운영,37.4739284,127.479829
B000004472,세월초등학교,초등학교,운영,37.43605381,127.4951126
B000004473,강하초등학교,초등학교,운영,37.4965551,127.4098739
B000004474,수입초등학교,초등학교,운영,37.64453129,127.375740
B000004475,정배초등학교,초등학교,운영,37.60302821,127.4232905
B000004476,양동초등학교고송분교장,초등학교,운영,37.48641096,127.7005221
B000004477,모당초등학교,초등학교,운영,37.67953059,126.7807721
B000004478,하늘초등학교,초등학교,운영,37.67735902,126.7898583
B000004479,풍산초등학교,초등학교,운영,37.66687039,126.7967057
B000004480,다솜초등학교,초등학교,운영,37.67250709,126.7965778
B000004481,풍동초등학교,초등학교,운영,37.66951599,126.8025233
B000004482,고양백석초등학교,초등학교,운영,37.65213917,126.7890577
B000004483,저동초등학교,초등학교,운영,37.66801128,126.7738784
B000004484,벽제초등학교,초등학교,운영,37.69562939,126.8432728
B000004485,성석초등학교,초등학교,운영,37.70737883,126.8123741
B000004486,백마초등학교,초등학교,운영,37.65789717,126.7908831
B000004487,정발초등학교,초등학교,운영,37.65577171,126.783759
B000004488,낙민초등학교,초등학교,운영,37.65392838,126.7801004
B000004489,냉천초등학교,초등학교,운영,37.66672298,126.7856589
B000004490,금계초등학교,초등학교,운영,37.649601,126.7843119
B000004491,백신초등학교,초등학교,운영,37.64426795,126.7811094
B000004492,원중초등학교,초등학교,운영,37.6751316,126.814731
B000004493,일산은행초등학교,초등학교,운영,37.66932912,126.8064844
B000004494,양일초등학교,초등학교,운영,37.68534412,126.8136095
B000004495,율동초등학교,초등학교,운영,37.67544394,126.7788445
B000004496,고봉초등학교,초등학교,운영,37.69613944,126.7826205
B000004497,안곡초등학교,초등학교,운영,37.68475123,126.7818546
B000004498,중산초등학교,초등학교,운영,37.69044448,126.7835571
B000004499,호수초등학교,초등학교,운영,37.6470271,126.7779626
B000004500,황룡초등학교,초등학교,운영,37.69844738,126.7680071
B000004501,상탄초등학교,초등학교,운영,37.6951347,126.7666945
B000004502,현산초등학교,초등학교,운영,37.69269168,126.7710938
B000004503,오마초등학교,초등학교,운영,37.67704114,126.7629997
B000004504,문화초등학교,초등학교,운영,37.67486374,126.7672033
B000004505,강선초등학교,초등학교,운영,37.67122823,126.7646257
B000004506,한수초등학교,초등학교,운영,37.66933747,126.7575689
B000004507,문촌초등학교,초등학교,운영,37.6733938,126.7604434
B000004508,가좌초등학교,초등학교,운영,37.6884818,126.7213641
B000004509,송포초등학교,초등학교,운영,37.68540122,126.7205405
B000004510,대화초등학교,초등학교,운영,37.67157089,126.7323693
B000004511,고양한내초등학교,초등학교,운영,37.66870419,126.7354821
B000004512,성저초등학교,초등학교,운영,37.68474502,126.7573647
B000004513,장성초등학교,초등학교,운영,37.67794916,126.7496619
B000004514,장촌초등학교,초등학교,운영,37.67282742,126.7489605
B000004515,덕이초등학교,초등학교,운영,37.69275572,126.7483805
B000004516,백송초등학교,초등학교,운영,37.70180887,126.7535566
B000004517,한산초등학교,초등학교,운영,37.69594625,126.7532616
B000004518,한뫼초등학교,초등학교,운영,37.68657933,126.7667049
B000004519,신촌초등학교,초등학교,운영,37.68162503,126.7661082
B000004520,고양신일초등학교,초등학교,운영,37.67954962,126.7708302
B000004521,호곡초등학교,초등학교,운영,37.70111367,126.7667961
B000004522,주엽초등학교,초등학교,운영,37.66738993,126.7615108
B000004523,일산초등학교,초등학교,운영,37.68298887,126.7719674
B000004524,원당초등학교,초등학교,운영,37.66235886,126.834931
B000004528,용두초등학교,초등학교,운영,37.62157483,126.8932079
B000004529,덕은초등학교,초등학교,운영,37.60332601,126.8727127
B000004530,무원초등학교,초등학교,운영,37.6176977,126.8316582
B000004531,신능초등학교,초등학교,운영,37.62414406,126.8312671
B000004532,아람초등학교,초등학교,운영,37.61945664,126.8504123
B000004533,서정초등학교,초등학교,운영,37.61434108,126.8488394
B000004534,고양용현초등학교,초등학교,운영,37.61517772,126.8382259
B000004535,행남초등학교,초등학교,운영,37.61518264,126.8425493
B000004536,성신초등학교,초등학교,운영,37.62663419,126.839920
B000004537,행신초등학교,초등학교,운영,37.62194692,126.8364546
B000004538,행주초등학교,초등학교,운영,37.6034034,126.8243428
B000004539,대곡초등학교,초등학교,운영,37.64115655,126.8127529
B000004540,백양초등학교,초등학교,운영,37.63225803,126.8361005
B000004541,지도초등학교,초등학교,운영,37.62827339,126.8337591
B000004542,고양화수초등학교,초등학교,운영,37.64537919,126.8327312
B000004543,화중초등학교,초등학교,운영,37.64089349,126.8360183
B000004544,고양화정초등학교,초등학교,운영,37.63400605,126.826111
B000004545,용정초등학교,초등학교,운영,37.63854875,126.8297047
B000004546,고양초등학교,초등학교,운영,37.70312414,126.899631
B000004547,목암초등학교,초등학교,운영,37.71418948,126.904660
B000004548,성라초등학교,초등학교,운영,37.65279018,126.8338443
B000004549,내유초등학교,초등학교,운영,37.71556258,126.8519554
B000004550,고양관산초등학교,초등학교,운영,37.69212325,126.8665469
B000004551,성사초등학교,초등학교,운영,37.65782169,126.8436524
B000004552,능곡초등학교,초등학교,운영,37.62445113,126.8159437
B000004553,토당초등학교,초등학교,운영,37.61719519,126.8262942
B000004554,소만초등학교,초등학교,운영,37.61754278,126.8395857
B000004555,가람초등학교,초등학교,운영,37.62371945,126.8422244
B000004557,남양주덕송초등학교,초등학교,운영,37.66927393,127.1159367
B000004558,가운초등학교,초등학교,운영,37.600570,127.1558101
B000004559,금교초등학교,초등학교,운영,37.61427588,127.1616115
B000004560,구룡초등학교,초등학교,운영,37.65792043,127.2524873
B000004561,판곡초등학교,초등학교,운영,37.6601779,127.2417486
B000004562,호평초등학교,초등학교,운영,37.66706912,127.2460639
B000004563,평동초등학교,초등학교,운영,37.65461996,127.247687
B000004564,남양주신촌초등학교,초등학교,운영,37.64550428,127.2398805
B000004565,남양주백봉초등학교,초등학교,운영,37.64343388,127.2424118
B000004566,남양주금곡초등학교,초등학교,운영,37.63587469,127.2119186
B000004567,남양주동곡초등학교,초등학교,운영,37.6288876,127.203920
B000004568,도농초등학교,초등학교,운영,37.61238775,127.1574974
B000004569,남양주미금초등학교,초등학교,운영,37.60893592,127.1551537
B000004570,남양주양정초등학교,초등학교,운영,37.60865753,127.165748
B000004571,평내초등학교,초등학교,운영,37.64908523,127.2377347
B000004572,장내초등학교,초등학교,운영,37.64109014,127.2348507
B000004573,사능초등학교,초등학교,운영,37.65542076,127.1840123
B000004574,용신초등학교,초등학교,운영,37.66100507,127.1733424
B000004575,진건초등학교,초등학교,운영,37.65702846,127.1787473
B000004576,가곡초등학교,초등학교,운영,37.68437154,127.3052128
B000004577,금남초등학교,초등학교,운영,37.64368647,127.3620146
B000004578,답내초등학교,초등학교,운영,37.66239095,127.3473013
B000004579,남양주송라초등학교,초등학교,운영,37.65445977,127.3016823
B000004580,화도초등학교,초등학교,운영,37.66323819,127.3080068
B000004581,천마초등학교,초등학교,운영,37.65583217,127.2803967
B000004582,차산초등학교,초등학교,운영,37.63636634,127.3017247
B000004583,마석초등학교,초등학교,운영,37.64953342,127.3050515
B000004584,창현초등학교,초등학교,운영,37.64594218,127.3018512
B000004585,진접초등학교,초등학교,운영,37.71713977,127.1997562
B000004586,주곡초등학교,초등학교,운영,37.72470084,127.2059678
B000004587,화봉초등학교,초등학교,운영,37.71584179,127.1918707
B000004588,풍양초등학교,초등학교,운영,37.70216089,127.1620794
B000004589,부평초등학교,초등학교,운영,37.73775026,127.2015067
B000004590,장승초등학교,초등학교,운영,37.73035591,127.1954113
B000004591,장현초등학교,초등학교,운영,37.71946287,127.1822165
B000004592,광릉초등학교,초등학교,운영,37.74592049,127.2067727
B000004593,어람초등학교,초등학교,운영,37.68248891,127.2131022
B000004594,남양주양지초등학교,초등학교,운영,37.69908745,127.2064927
B000004595,양오초등학교,초등학교,운영,37.69759593,127.192346
B000004596,오남초등학교,초등학교,운영,37.69527469,127.2145757
B000004597,예봉초등학교,초등학교,운영,37.59204603,127.2209856
B000004598,와부초등학교,초등학교,운영,37.58704748,127.218926
B000004599,덕소초등학교,초등학교,운영,37.58737677,127.2149198
B000004600,남양주월문초등학교,초등학교,운영,37.60948839,127.2616036
B000004601,도심초등학교,초등학교,운영,37.58015633,127.2273682
B000004602,남양주도곡초등학교,초등학교,운영,37.57978958,127.2189059
B000004603,심석초등학교,초등학교,운영,37.65730263,127.3068672
B000004605,화접초등학교,초등학교,운영,37.65327026,127.1157569
B000004606,별내초등학교,초등학교,운영,37.71140812,127.1183712
B000004607,퇴계원초등학교,초등학교,운영,37.65370134,127.1414178
B000004608,도제원초등학교,초등학교,운영,37.64597684,127.1457677
B000004609,수동초등학교,초등학교,운영,37.71181119,127.3234174
B000004610,조안초등학교,초등학교,운영,37.54641013,127.3005896
B000004611,남양주송촌초등학교,초등학교,운영,37.56770133,127.3182328
B000004612,수동초등학교송천분교장,초등학교,운영,37.69512457,127.3342585
B000004613,가양초등학교,초등학교,운영,37.73302813,127.2934794
B000004614,장자초등학교,초등학교,운영,37.58684043,127.1352789
B000004615,백문초등학교,초등학교,운영,37.58859949,127.1327808
B000004616,부양초등학교,초등학교,운영,37.59045926,127.1415843
B000004617,내양초등학교,초등학교,운영,37.64059471,127.1393169
B000004618,토평초등학교,초등학교,운영,37.58782449,127.1463829
B000004619,도림초등학교,초등학교,운영,37.5932866,127.1299671
B000004620,교문초등학교,초등학교,운영,37.5982098,127.1335905
B000004621,구리초등학교,초등학교,운영,37.60121089,127.1475991
B000004622,인창초등학교,초등학교,운영,37.60444952,127.1314952
B000004623,건원초등학교,초등학교,운영,37.60405868,127.1375785
B000004624,동인초등학교,초등학교,운영,37.610931,127.1338757
B000004625,동구초등학교,초등학교,운영,37.60917318,127.1415867
B000004626,구지초등학교,초등학교,운영,37.60726291,127.1422569
B000004627,수택초등학교,초등학교,운영,37.59193504,127.152520
B000004628,갈매초등학교,초등학교,운영,37.62842767,127.116054
B000004629,의정부중앙초등학교,초등학교,운영,37.7450791,127.0469421
B000004630,배영초등학교,초등학교,운영,37.74819416,127.0465848
B000004631,호암초등학교,초등학교,운영,37.70521856,127.0460901
B000004632,회룡초등학교,초등학교,운영,37.71538947,127.044923
B000004633,의정부호원초등학교,초등학교,운영,37.72207145,127.0412021
B000004634,의정부장암초등학교,초등학교,운영,37.72563883,127.0592392
B000004635,동암초등학교,초등학교,운영,37.72314428,127.0542833
B000004637,의정부초등학교,초등학교,운영,37.73474849,127.0602214
B000004638,의정부신곡초등학교,초등학교,운영,37.74116755,127.0598453
B000004639,의정부청룡초등학교,초등학교,운영,37.73301508,127.0553494
B000004640,의정부효자초등학교,초등학교,운영,37.75027839,127.0779303
B000004641,발곡초등학교,초등학교,운영,37.7272431,127.0724604
B000004642,새말초등학교,초등학교,운영,37.74638672,127.0691577
B000004643,오동초등학교,초등학교,운영,37.74300357,127.0905799
B000004644,의순초등학교,초등학교,운영,37.75108915,127.0660036
B000004645,금오초등학교,초등학교,운영,37.75607169,127.0658327
B000004646,가능초등학교,초등학교,운영,37.74648346,127.0358337
B000004647,의정부서초등학교,초등학교,운영,37.74123889,127.0387878
B000004648,녹양초등학교,초등학교,운영,37.76328558,127.0370684
B000004649,버들개초등학교,초등학교,운영,37.761967,127.0295061
B000004650,신동초등학교,초등학교,운영,37.74012262,127.0552263
B000004651,동오초등학교,초등학교,운영,37.74456302,127.0584382
B000004652,의정부용현초등학교,초등학교,운영,37.73895165,127.0872306
B000004653,솔뫼초등학교,초등학교,운영,37.73136881,127.0810565
B000004654,경의초등학교,초등학교,운영,37.73419501,127.0511033
B000004655,의정부호동초등학교,초등학교,운영,37.72997972,127.0427388
B000004656,어룡초등학교,초등학교,운영,37.74781123,127.0826215
B000004657,송양초등학교,초등학교,운영,37.7531883,127.1121565
B000004658,민락초등학교,초등학교,운영,37.74217783,127.0948302
B000004659,의정부부용초등학교,초등학교,운영,37.73616531,127.0905013
B000004660,금릉초등학교,초등학교,운영,37.75255753,126.7728093
B000004661,금신초등학교,초등학교,운영,37.76835904,126.770271
B000004662,금향초등학교,초등학교,운영,37.75251184,126.7767807
B000004663,검산초등학교,초등학교,운영,37.77641218,126.7386514
B000004664,파주송화초등학교,초등학교,운영,37.77459686,126.7792304
B000004665,금화초등학교,초등학교,운영,37.75504144,126.767654
B000004666,금촌초등학교,초등학교,운영,37.76204178,126.7697527
B000004667,새금초등학교,초등학교,운영,37.74819426,126.7729114
B000004669,석곶초등학교,초등학교,운영,37.72519201,126.7217544
B000004670,문발초등학교,초등학교,운영,37.72616724,126.7069654
B000004671,지산초등학교,초등학교,운영,37.73092345,126.7615175
B000004672,한가람초등학교,초등학교,운영,37.73207826,126.7560308
B000004673,한빛초등학교,초등학교,운영,37.71486343,126.7510296
B000004674,덕암초등학교,초등학교,운영,37.76533187,126.8194822
B000004675,능안초등학교,초등학교,운영,37.74036109,126.7926212
B000004676,파주대원초등학교,초등학교,운영,37.7273473,126.8196844
B000004677,봉일천초등학교,초등학교,운영,37.74502843,126.8073348
B000004678,교하초등학교,초등학교,운영,37.75372445,126.7470599
B000004679,청석초등학교,초등학교,운영,37.73090226,126.7195884
B000004680,청암초등학교,초등학교,운영,37.73076255,126.7378966
B000004681,해솔초등학교,초등학교,운영,37.72666542,126.7473755
B000004682,심학초등학교,초등학교,운영,37.70804653,126.7033102
B000004683,두일초등학교,초등학교,운영,37.72010113,126.7136092
B000004684,파주와동초등학교,초등학교,운영,37.72649445,126.756745
B000004685,가온초등학교,초등학교,운영,37.72068103,126.7472802
B000004686,운광초등학교,초등학교,운영,37.70970523,126.7409707
B000004687,와석초등학교,초등학교,운영,37.71047466,126.753037
B000004688,파주초등학교,초등학교,운영,37.83214767,126.8159558
B000004689,천현초등학교,초등학교,운영,37.84977666,126.8784019
B000004691,자유초등학교,초등학교,운영,37.86553668,126.7865536
B000004692,문산초등학교,초등학교,운영,37.86078522,126.7831685
B000004693,임진초등학교,초등학교,운영,37.85477487,126.784691
B000004694,문산동초등학교,초등학교,운영,37.86563027,126.7981372
B000004695,월롱초등학교,초등학교,운영,37.80089587,126.780323
B000004696,영도초등학교,초등학교,운영,37.78747992,126.8037361
B000004697,신산초등학교,초등학교,운영,37.78060216,126.8523159
B000004698,도마산초등학교,초등학교,운영,37.80192775,126.8760128
B000004699,용미초등학교,초등학교,운영,37.74345643,126.8880587
B000004700,갈현초등학교,초등학교,운영,37.77206767,126.7168235
B000004701,통일초등학교,초등학교,운영,37.77487915,126.703646
B000004702,삼성초등학교,초등학교,운영,37.82561708,126.7327566
B000004703,탄현초등학교,초등학교,운영,37.80327877,126.7174121
B000004704,연풍초등학교,초등학교,운영,37.83104878,126.8348599
B000004705,웅담초등학교,초등학교,운영,37.9142217,126.8957052
B000004706,장파초등학교,초등학교,운영,37.9413673,126.837545
B000004707,용연초등학교,초등학교,운영,37.92894597,126.8575502
B000004708,파평초등학교,초등학교,운영,37.90360997,126.8380523
B000004709,마정초등학교,초등학교,운영,37.892258,126.7600994
B000004710,파양초등학교,초등학교,운영,37.86146392,126.8367197
B000004711,적서초등학교,초등학교,운영,37.95104368,126.8969827
B000004712,마지초등학교,초등학교,운영,37.95209235,126.9197386
B000004713,적암초등학교,초등학교,운영,37.98780842,127.0039182
B000004714,대성동초등학교,초등학교,운영,37.94386756,126.6804818
B000004715,군내초등학교,초등학교,운영,37.90568684,126.7311336
B000004716,동두천송내초등학교,초등학교,운영,37.88614275,127.0525334
B000004717,동두천신천초등학교,초등학교,운영,37.89425934,127.047758
B000004718,이담초등학교,초등학교,운영,37.8896635,127.0508239
B000004719,지행초등학교,초등학교,운영,37.89193087,127.0616932
B000004720,보산초등학교,초등학교,운영,37.91494324,127.0638418
B000004721,생연초등학교,초등학교,운영,37.90121487,127.0591352
B000004722,동두천초등학교,초등학교,운영,37.90840304,127.0598828
B000004723,사동초등학교,초등학교,운영,37.89877159,127.0485171
B000004724,탑동초등학교,초등학교,운영,37.89155643,127.1039343
B000004725,동보초등학교,초등학교,운영,37.92457718,127.0517562
B000004726,소요초등학교,초등학교,운영,37.94849078,127.0540277
B000004727,칠봉초등학교,초등학교,운영,37.83808604,127.0703607
B000004728,회천초등학교,초등학교,운영,37.83265552,127.0696094
B000004729,주원초등학교,초등학교,운영,37.83553577,127.0728956
B000004730,양주덕현초등학교,초등학교,운영,37.79963799,127.0808351
B000004731,광사초등학교,초등학교,운영,37.79145616,127.0838384
B000004732,도둔초등학교,초등학교,운영,37.81379622,127.0576531
B000004733,양주덕산초등학교,초등학교,운영,37.81819328,127.047730
B000004734,덕계초등학교,초등학교,운영,37.82302548,127.0474801
B000004735,덕정초등학교,초등학교,운영,37.84677221,127.0640354
B000004736,고암초등학교,초등학교,운영,37.83516678,127.0681674
B000004737,만송초등학교,초등학교,운영,37.79758552,127.0851619
B000004738,산북초등학교,초등학교,운영,37.80608755,127.0391829
B000004739,광숭초등학교,초등학교,운영,37.80154348,127.1073899
B000004740,삼숭초등학교,초등학교,운영,37.79671054,127.1081899
B000004741,유양초등학교,초등학교,운영,37.78606274,127.0272166
B000004742,천보초등학교(폐교),초등학교,운영,37.82756573,127.087463
B000004743,회정초등학교,초등학교,운영,37.83020916,127.0521646
B000004744,은봉초등학교,초등학교,운영,37.78135419,126.9831929
B000004745,신지초등학교,초등학교,운영,37.78831149,126.9901962
B000004746,연곡초등학교,초등학교,운영,37.80715791,126.9611638
B000004747,양주백석초등학교,초등학교,운영,37.79644619,126.9866637
B000004748,송추초등학교,초등학교,운영,37.71620385,126.9704422
B000004749,삼상초등학교,초등학교,운영,37.70034708,126.9299518
B000004750,가납초등학교,초등학교,운영,37.81939865,126.9824246
B000004751,효촌초등학교,초등학교,운영,37.85794102,126.9632327
B000004752,덕도초등학교,초등학교,운영,37.8411578,126.9776373
B000004753,봉암초등학교,초등학교,운영,37.91072948,127.006071
B000004754,상패초등학교,초등학교,운영,37.89802794,127.0264769
B000004755,은현초등학교,초등학교,운영,37.8631857,127.0242854
B000004756,상수초등학교,초등학교,운영,37.8692227,126.9879691
B000004757,남면초등학교,초등학교,운영,37.89386597,126.9757578
B000004758,남면초등학교양덕분교장,초등학교,운영,37.90862973,126.9984139
B000004759,선단초등학교,초등학교,운영,37.86117593,127.1558693
B000004760,포천초등학교,초등학교,운영,37.89648434,127.1984743
B000004761,이곡초등학교,초등학교,운영,37.77800099,127.1484028
B000004762,추산초등학교,초등학교,운영,37.82576436,127.1371878
B000004763,태봉초등학교,초등학교,운영,37.83436899,127.1450133
B000004764,신봉초등학교,초등학교,운영,37.83206784,127.1392119
B000004765,송우초등학교,초등학교,운영,37.8291135,127.1442427
B000004766,축석초등학교,초등학교,운영,37.78841208,127.1220876
B000004767,유암초등학교,초등학교,운영,37.868243,127.1922366
B000004768,정교초등학교,초등학교,운영,37.81599948,127.1698954
B000004769,가산초등학교,초등학교,운영,37.84722928,127.1862107
B000004770,내촌초등학교,초등학교,운영,37.78700214,127.229710
B000004771,지현초등학교,초등학교,운영,37.92906522,127.2654578
B000004772,화현초등학교,초등학교,운영,37.90245413,127.2839615
B000004773,일동초등학교,초등학교,운영,37.95527551,127.3151553
B000004774,운담초등학교,초등학교,운영,37.9711934,127.3291214
B000004775,포천노곡초등학교,초등학교,운영,38.00793427,127.3361721
B000004776,도평초등학교,초등학교,운영,38.05601997,127.3805262
B000004777,이동초등학교,초등학교,운영,38.02997863,127.3681896
B000004778,청성초등학교,초등학교,운영,37.87467899,127.2233735
B000004782,영북초등학교,초등학교,운영,38.08986492,127.2758792
B000004783,왕방초등학교,초등학교,운영,37.9042268,127.2016644
B000004784,외북초등학교,초등학교,운영,37.94691178,127.1873126
B000004785,신북초등학교,초등학교,운영,37.93839548,127.2194084
B000004786,창수초등학교,초등학교,운영,37.98985608,127.181701
B000004788,관인초등학교,초등학교,운영,38.15606601,127.2497002
B000004789,포천삼정초등학교,초등학교,운영,37.96357368,127.1307144
B000004791,가평마장초등학교,초등학교,운영,37.85997251,127.5142923
B000004792,가평초등학교,초등학교,운영,37.83081328,127.5072897
B000004793,상색초등학교,초등학교,운영,37.80540353,127.4849856
B000004794,대성초등학교,초등학교,운영,37.68312575,127.3776928
B000004795,상천초등학교,초등학교,운영,37.77011441,127.4560853
B000004796,청평초등학교,초등학교,운영,37.73783289,127.4218861
B000004797,율길초등학교,초등학교,운영,37.83790181,127.2885688
B000004798,연하초등학교,초등학교,운영,37.80326029,127.3425054
B000004799,상면초등학교,초등학교,운영,37.7760635,127.3711377
B000004800,조종초등학교,초등학교,운영,37.82151519,127.348932
B000004801,목동초등학교,초등학교,운영,37.87934605,127.5481207
B000004802,미원초등학교,초등학교,운영,37.67952506,127.4907358
B000004803,미원초등학교위곡분교장,초등학교,운영,37.67062317,127.5153329
B000004804,방일초등학교,초등학교,운영,37.62929786,127.4994479
B000004806,미원초등학교장락분교장,초등학교,운영,37.70388933,127.5401557
B000004807,은대초등학교,초등학교,운영,38.0526852,127.0604053
B000004808,전곡초등학교,초등학교,운영,38.0277842,127.0719609
B000004811,화진초등학교,초등학교,운영,38.0306148,127.0402975
B000004812,궁평초등학교,초등학교,운영,38.02807757,127.1045649
B000004813,백의초등학교,초등학교,운영,38.02329181,127.1365157
B000004814,초성초등학교,초등학교,운영,37.99816515,127.0736834
B000004815,상리초등학교,초등학교,운영,38.13537908,127.0751156
B000004816,연천초등학교,초등학교,운영,38.09770924,127.0753111
B000004817,군남초등학교,초등학교,운영,38.06789694,127.0155896
B000004818,대광초등학교,초등학교,운영,38.1830174,127.1053152
B000004819,연천왕산초등학교,초등학교,운영,38.05625632,127.0110148
B000004820,백학초등학교,초등학교,운영,38.03160096,126.9215468
B000004821,연천노곡초등학교,초등학교,운영,37.99901576,126.9166642
B000004822,춘천교육대학교부설초등학교,초등학교,운영,37.86935001,127.7314047
B000004823,춘천초등학교,초등학교,운영,37.87411915,127.7219335
B000004824,교동초등학교,초등학교,운영,37.88111877,127.7373962
B000004825,효제초등학교,초등학교,운영,37.87091642,127.738179
B000004826,중앙초등학교,초등학교,운영,37.87924743,127.7238114
B000004827,봉의초등학교,초등학교,운영,37.8758109,127.7298935
B000004828,근화초등학교,초등학교,운영,37.88852203,127.7229904
B000004829,호반초등학교,초등학교,운영,37.87432976,127.7609773
B000004830,신남초등학교,초등학교,운영,37.84209461,127.7117582
B000004832,석사초등학교,초등학교,운영,37.85815744,127.7494217
B000004833,봄내초등학교,초등학교,운영,37.85564001,127.7419298
B000004834,성림초등학교,초등학교,운영,37.85232013,127.7403494
B000004835,우석초등학교,초등학교,운영,37.86466554,127.7496908
B000004836,남춘천초등학교,초등학교,운영,37.86162079,127.7220519
B000004837,소양초등학교,초등학교,운영,37.90535836,127.7398864
B000004838,남부초등학교,초등학교,운영,37.8590161,127.7261391
B000004839,동춘천초등학교,초등학교,운영,37.87687276,127.7433163
B000004840,부안초등학교,초등학교,운영,37.87621285,127.7501166
B000004841,후평초등학교,초등학교,운영,37.88309525,127.743936
B000004842,동부초등학교,초등학교,운영,37.87105987,127.7547818
B000004843,성원초등학교,초등학교,운영,37.84832953,127.744912
B000004844,천전초등학교,초등학교,운영,37.92746577,127.7461205
B000004845,오동초등학교,초등학교,운영,37.95184042,127.758004
B000004846,상천초등학교,초등학교,운영,37.93360761,127.7858296
B000004847,금병초등학교,초등학교,운영,37.81475452,127.7147409
B000004848,금산초등학교,초등학교,운영,37.90346175,127.6993912
B000004849,당림초등학교,초등학교,운영,37.83784571,127.6081748
B000004850,서상초등학교,초등학교,운영,37.9291721,127.7072893
B000004851,조양초등학교,초등학교,운영,37.75120029,127.7956209
B000004852,가산초등학교,초등학교,운영,37.90800105,127.7824565
B000004853,만천초등학교,초등학교,운영,37.88427255,127.7574018
B000004854,지촌초등학교,초등학교,운영,38.03829095,127.6449579
B000004855,동내초등학교,초등학교,운영,37.85129444,127.7657926
B000004856,남산초등학교,초등학교,운영,37.79325182,127.6454292
B000004857,춘천삼육초등학교,초등학교,운영,37.91159681,127.754320
B000004858,송화초등학교,초등학교,운영,37.98791842,127.708052
B000004859,광판초등학교,초등학교,운영,37.73085734,127.6992277
B000004860,추곡초등학교,초등학교,운영,38.02446741,127.8822914
B000004861,지촌초등학교지암분교장,초등학교,운영,37.98121081,127.6070879
B000004863,중앙초등학교,초등학교,운영,37.35278161,127.9390857
B000004864,만대초등학교,초등학교,운영,37.33941893,127.9202582
B000004865,무실초등학교,초등학교,운영,37.33543002,127.9216593
B000004866,반곡초등학교,초등학교,운영,37.33734175,127.9730349
B000004868,명륜초등학교,초등학교,운영,37.34202301,127.9592728
B000004869,단관초등학교,초등학교,운영,37.31754759,127.9635503
B000004870,관설초등학교,초등학교,운영,37.30874675,127.9760113
B000004871,단계초등학교,초등학교,운영,37.35920567,127.9359535
B000004872,북원초등학교,초등학교,운영,37.34305588,127.9383479
B000004873,평원초등학교,초등학교,운영,37.34968188,127.9317518
B000004874,단구초등학교,초등학교,운영,37.32258023,127.9638908
B000004875,구곡초등학교,초등학교,운영,37.32488379,127.952479
B000004876,남원주초등학교,초등학교,운영,37.32275082,127.9509825
B000004877,교동초등학교,초등학교,운영,37.3389582,127.9470691
B000004878,서원주초등학교,초등학교,운영,37.32716911,127.9398707
B000004879,치악초등학교,초등학교,운영,37.33161621,127.9394502
B000004880,원주초등학교,초등학교,운영,37.34784173,127.9588477
B000004881,우산초등학교,초등학교,운영,37.36960628,127.9326151
B000004882,일산초등학교,초등학교,운영,37.34637268,127.9421071
B000004883,태봉초등학교,초등학교,운영,37.38592017,127.9564644
B000004884,태장초등학교,초등학교,운영,37.37621832,127.9514457
B000004885,장양초등학교,초등학교,운영,37.39858148,127.9532647
B000004887,원주삼육초등학교,초등학교,운영,37.3260422,127.9227366
B000004888,문막초등학교,초등학교,운영,37.31291674,127.8205042
B000004889,동화초등학교,초등학교,운영,37.3274788,127.8285781
B000004890,반계초등학교,초등학교,운영,37.29190903,127.7908415
B000004892,부론초등학교,초등학교,운영,37.20796043,127.7487502
B000004893,지정초등학교,초등학교,운영,37.34824579,127.8454526
B000004894,신평초등학교,초등학교,운영,37.38491214,127.8923524
B000004895,교학초등학교,초등학교,운영,37.43538093,128.0553274
B000004896,둔둔초등학교,초등학교,운영,37.44666265,127.9793019
B000004897,소초초등학교,초등학교,운영,37.41767143,128.0046158
B000004898,흥양초등학교,초등학교,운영,37.38126408,127.9965122
B000004899,매지초등학교,초등학교,운영,37.26945131,127.9065605
B000004900,흥업초등학교,초등학교,운영,37.30696646,127.9084451
B000004901,귀래초등학교,초등학교,운영,37.16916835,127.8836318
B000004902,신림초등학교,초등학교,운영,37.23155517,128.0786998
B000004903,서곡초등학교,초등학교,운영,37.29832271,127.9390294
B000004904,금대초등학교,초등학교,운영,37.28882214,127.9973613
B000004905,고산초등학교,초등학교,운영,37.44654061,127.9276932
B000004906,만종초등학교,초등학교,운영,37.3556736,127.9020676
B000004907,호저초등학교,초등학교,운영,37.41176562,127.9255209
B000004908,비두초등학교,초등학교,운영,37.26190381,127.8348305
B000004909,황둔초등학교,초등학교,운영,37.26154816,128.1856828
B000004910,산현초등학교,초등학교,운영,37.42513544,127.8939741
B000004912,초당초등학교,초등학교,운영,37.78168439,128.913111
B000004913,동명초등학교,초등학교,운영,37.77543116,128.9287446
B000004914,명주초등학교,초등학교,운영,37.74277817,128.8784692
B000004915,모산초등학교,초등학교,운영,37.73184003,128.9017805
B000004916,중앙초등학교,초등학교,운영,37.75808663,128.9228517
B000004917,경포대초등학교,초등학교,운영,37.80485771,128.9001388
B000004918,교동초등학교,초등학교,운영,37.76730824,128.8935846
B000004919,경포초등학교,초등학교,운영,37.77000657,128.8798575
B000004920,율곡초등학교,초등학교,운영,37.76623849,128.8816262
B000004921,영동초등학교,초등학교,운영,37.76044419,128.8861601
B000004922,남산초등학교,초등학교,운영,37.74449004,128.892106
B000004923,노암초등학교,초등학교,운영,37.74082297,128.901541
B000004924,옥천초등학교,초등학교,운영,37.75683221,128.9027168
B000004925,성덕초등학교,초등학교,운영,37.75644211,128.910547
B000004926,포남초등학교,초등학교,운영,37.77276174,128.9052949
B000004927,남강초등학교,초등학교,운영,37.7670985,128.9146306
B000004928,강릉초등학교,초등학교,운영,37.75367806,128.887751
B000004929,한솔초등학교,초등학교,운영,37.77444621,128.9141358
B000004930,운산초등학교,초등학교,운영,37.7297797,128.9375871
B000004931,주문진초등학교,초등학교,운영,37.88688223,128.8266399
B000004932,주영초등학교,초등학교,운영,37.89800326,128.8260432
B000004933,신영초등학교,초등학교,운영,37.90706843,128.8232652
B000004935,구정초등학교,초등학교,운영,37.71771534,128.8913615
B000004936,금광초등학교,초등학교,운영,37.70388258,128.9135547
B000004937,강동초등학교,초등학교,운영,37.72474403,128.9623406
B000004938,정동초등학교,초등학교,운영,37.68735318,129.0336174
B000004939,옥계초등학교금진분교장,초등학교,운영,37.63495713,129.0434718
B000004940,옥계초등학교,초등학교,운영,37.6094088,129.0347767
B000004941,성산초등학교,초등학교,운영,37.71907111,128.8337431
B000004942,송양초등학교,초등학교,운영,37.75885165,128.8477386
B000004943,사천초등학교,초등학교,운영,37.82188867,128.8505139
B000004944,운양초등학교,초등학교,운영,37.83710042,128.8586163
B000004945,연곡초등학교,초등학교,운영,37.85709645,128.8292866
B000004946,신왕초등학교,초등학교,운영,37.85361534,128.7873096
B000004947,숲실초등학교,초등학교,운영,37.67721845,128.9689053
B000004948,왕산초등학교,초등학교,운영,37.67359898,128.8368585
B000004949,남호초등학교,초등학교,운영,37.53437365,129.1131685
B000004950,동호초등학교,초등학교,운영,37.54417872,129.1001844
B000004951,묵호초등학교,초등학교,운영,37.55230105,129.1013302
B000004952,창호초등학교,초등학교,운영,37.55924145,129.1081551
B000004953,망상초등학교,초등학교,운영,37.59086742,129.0902466
B000004954,동해초등학교,초등학교,운영,37.51222384,129.1197999743
B000004955,북삼초등학교,초등학교,운영,37.49565579,129.1009681
B000004956,청운초등학교,초등학교,운영,37.48530257,129.1041723
B000004957,북평초등학교,초등학교,운영,37.48224269,129.1242282
B000004958,삼화초등학교,초등학교,운영,37.48462946,129.0677053
B000004959,송정초등학교,초등학교,운영,37.49516696,129.1228649
B000004960,천곡초등학교,초등학교,운영,37.5177868,129.1078871
B000004961,동해중앙초등학교,초등학교,운영,37.52531981,129.1084972
B000004962,동해삼육초등학교,초등학교,운영,37.5220721,129.0997495
B000004963,황지초등학교,초등학교,운영,37.16378702,128.9898295
B000004964,상장초등학교,초등학교,운영,37.14934577,128.9935072
B000004966,함태초등학교,초등학교,운영,37.13878758,128.9767068
B000004967,통리초등학교,초등학교,운영,37.16673527,129.0354652
B000004968,태백초등학교,초등학교,운영,37.10857841,129.005232
B000004969,삼성초등학교,초등학교,운영,37.09757635,129.0235889
B000004970,장성초등학교,초등학교,운영,37.10267933,129.0057684
B000004971,철암초등학교,초등학교,운영,37.12174675,129.0429224
B000004972,동점초등학교,초등학교,운영,37.10057564,129.0498649
B000004973,미동초등학교,초등학교,운영,37.25586205,128.9839195
B000004974,황지중앙초등학교,초등학교,운영,37.1803949,128.9841425
B000004975,태서초등학교,초등학교,운영,37.18003577,128.9824439
B000004976,영랑초등학교,초등학교,운영,38.21791984,128.5905961
B000004977,중앙초등학교,초등학교,운영,38.21065023,128.5845998
B000004978,속초초등학교,초등학교,운영,38.20151592,128.5811892
B000004979,온정초등학교,초등학교,운영,38.1899335,128.5539681
B000004980,소야초등학교,초등학교,운영,38.19964843,128.5667195
B000004981,청대초등학교,초등학교,운영,38.19113174,128.5765618
B000004982,조양초등학교,초등학교,운영,38.18784162,128.598124
B000004983,청봉초등학교,초등학교,운영,38.18838223,128.5870024
B000004984,청호초등학교,초등학교,운영,38.19625118,128.5983368
B000004985,대포초등학교,초등학교,운영,38.17372332,128.6031621
B000004986,설악초등학교,초등학교,운영,38.16405799,128.5402664
B000004987,교동초등학교,초등학교,운영,38.20342899,128.5739638
B000004988,조산초등학교,초등학교,운영,38.11371111,128.6323998
B000004989,양양초등학교,초등학교,운영,38.07732034,128.6217432
B000004990,상평초등학교,초등학교,운영,38.07341515,128.5859389
B000004991,한남초등학교,초등학교,운영,38.05629068,128.6073777
B000004992,손양초등학교,초등학교,운영,38.06030303,128.6429862
B000004993,송포초등학교,초등학교,운영,38.08956539,128.6565001
B000004994,현북초등학교,초등학교,운영,38.01573531,128.6973928
B000004995,광정초등학교,초등학교,운영,38.01858351,128.7251068
B000004996,남애초등학교,초등학교,운영,37.94661618,128.7807802
B000004997,인구초등학교,초등학교,운영,37.968083,128.7583979
B000004998,강현초등학교,초등학교,운영,38.14966307,128.6039841
B000005000,상평초등학교오색분교장,초등학교,운영,38.07434202,128.4792502
B000005001,현성초등학교,초등학교,운영,37.95204184,128.6652332
B000005002,회룡초등학교,초등학교,운영,38.13539555,128.5770198
B000005004,상평초등학교공수전분교장,초등학교,운영,38.0418679,128.5572842
B000005005,삼척중앙초등학교,초등학교,운영,37.46634966,129.1612278
B000005006,삼척남초등학교,초등학교,운영,37.423543,129.1881536
B000005007,서부초등학교,초등학교,운영,37.43938485,129.1500624
B000005008,삼척초등학교,초등학교,운영,37.44968087,129.1676311
B000005009,진주초등학교,초등학교,운영,37.43304777,129.1657583
B000005010,정라초등학교,초등학교,운영,37.44429121,129.1768806
B000005011,임원초등학교,초등학교,운영,37.23608331,129.3422397
B000005012,호산초등학교,초등학교,운영,37.17753531,129.3354334
B000005013,미로초등학교,초등학교,운영,37.41491592,129.1150045
B000005014,근덕초등학교,초등학교,운영,37.38092428,129.2244956
B000005015,맹방초등학교,초등학교,운영,37.39852676,129.2127768
B000005016,신동초등학교,초등학교,운영,37.35038522,129.0819292
B000005017,오저초등학교,초등학교,운영,37.14662042,129.2066741
B000005018,장호초등학교,초등학교,운영,37.28869694,129.3019081
B000005020,도계초등학교,초등학교,운영,37.23334067,129.0446262
B000005021,장원초등학교,초등학교,운영,37.22822776,129.0554571
B000005022,흥전초등학교,초등학교,운영,37.21385827,129.0431938
B000005023,하장초등학교,초등학교,운영,37.34777333,128.9443039
B000005030,석화초등학교,초등학교,운영,37.69725595,127.8928843
B000005031,주봉초등학교,초등학교,운영,37.70896288,127.9139632
B000005032,오안초등학교,초등학교,운영,37.6616897,127.8308979
B000005033,홍천초등학교,초등학교,운영,37.69250906,127.883816
B000005034,남산초등학교,초등학교,운영,37.68258117,127.8784447
B000005036,구송초등학교,초등학교,운영,37.73846005,127.9384056
B000005037,삼포초등학교,초등학교,운영,37.75658982,127.9757306
B000005038,화촌초등학교,초등학교,운영,37.77248726,127.9666208
B000005039,두촌초등학교,초등학교,운영,37.86844665,128.0169715
B000005041,서석초등학교,초등학교,운영,37.71239602,128.1882303
B000005042,내촌초등학교,초등학교,운영,37.81544735,128.085196
B000005043,협신초등학교,초등학교,운영,37.59567064,127.819478
B000005044,매산초등학교,초등학교,운영,37.59114866,127.8467209
B000005045,명덕초등학교,초등학교,운영,37.61960883,127.7674294
B000005046,화계초등학교,초등학교,운영,37.7114982,127.8488434
B000005047,속초초등학교,초등학교,운영,37.67909652,127.9393167
B000005048,삼생초등학교,초등학교,운영,37.70045828,128.2264767
B000005049,원당초등학교,초등학교,운영,37.82063244,128.414524
B000005050,율전초등학교,초등학교,운영,37.74980024,128.3077377
B000005051,창촌초등학교,초등학교,운영,37.76852978,128.3886481
B000005052,대곡초등학교,초등학교,운영,37.62856389,127.6486907
B000005053,반곡초등학교,초등학교,운영,37.6902207,127.6647672
B000005054,한서초등학교,초등학교,운영,37.6925275,127.6019824
B000005055,모곡초등학교,초등학교,운영,37.6768742,127.6006639
B000005058,서석초등학교청량분교장,초등학교,운영,37.68857788,128.191934
B000005067,성남초등학교,초등학교,운영,37.46526355,127.9729081
B000005068,창림초등학교,초등학교,운영,37.49569333,128.0360069
B000005069,성북초등학교,초등학교,운영,37.49023468,127.9918713
B000005070,횡성초등학교,초등학교,운영,37.48745216,127.9796988
B000005071,우천초등학교,초등학교,운영,37.46116506,128.0615769
B000005072,정금초등학교,초등학교,운영,37.50552162,128.1048898
B000005073,안흥초등학교,초등학교,운영,37.42072781,128.1644918
B000005074,둔내초등학교,초등학교,운영,37.51342678,128.2179229
B000005075,갑천초등학교,초등학교,운영,37.55755136,128.107661
B000005076,청일초등학교,초등학교,운영,37.58131788,128.146834
B000005077,공근초등학교,초등학교,운영,37.53371687,127.9609625
B000005079,춘당초등학교,초등학교,운영,37.63030887,128.1447802
B000005080,서원초등학교,초등학교,운영,37.48755011,127.8510704
B000005081,유현초등학교,초등학교,운영,37.52666161,127.874879
B000005082,수백초등학교,초등학교,운영,37.53438292,128.0073002
B000005083,강림초등학교,초등학교,운영,37.35840671,128.1200151
B000005084,안흥초등학교덕천분교장,초등학교,운영,37.46467349,128.153944
B000005089,봉래초등학교,초등학교,운영,37.17711747,128.4749781
B000005090,내성초등학교,초등학교,운영,37.19013485,128.4751137
B000005091,영월초등학교,초등학교,운영,37.18247488,128.4679901
B000005092,청령포초등학교,초등학교,운영,37.18034788,128.4414799
B000005093,연당초등학교,초등학교,운영,37.18653689,128.4023188
B000005094,쌍룡초등학교,초등학교,운영,37.17792101,128.3192001
B000005095,신천초등학교,초등학교,운영,37.23636557,128.3290029
B000005096,주천초등학교,초등학교,운영,37.27201619,128.2676113
B000005097,녹전초등학교,초등학교,운영,37.14775137,128.6815846
B000005098,옥동초등학교,초등학교,운영,37.1304806,128.5698387
B000005099,무릉초등학교,초등학교,운영,37.29034006,128.267914
B000005100,마차초등학교,초등학교,운영,37.25744112,128.4536987
B000005101,구래초등학교,초등학교,운영,37.14185819,128.8390436
B000005109,주진초등학교,초등학교,운영,37.39354985,128.4047391
B000005111,평창초등학교,초등학교,운영,37.3701109,128.3923641
B000005112,미탄초등학교,초등학교,운영,37.34208875,128.5006251
B000005113,대화초등학교,초등학교,운영,37.49794605,128.4567574
B000005114,봉평초등학교,초등학교,운영,37.61588866,128.3813243
B000005115,장평초등학교,초등학교,운영,37.59256373,128.4107169
B000005116,호명초등학교,초등학교,운영,37.64226944,128.5692449
B000005117,진부초등학교,초등학교,운영,37.63947236,128.557074
B000005118,횡계초등학교,초등학교,운영,37.67651721,128.7118375
B000005119,계촌초등학교,초등학교,운영,37.45243883,128.3047597
B000005120,방림초등학교,초등학교,운영,37.42747954,128.3921733
B000005122,안미초등학교,초등학교,운영,37.46067727,128.4344101
B000005123,신리초등학교,초등학교,운영,37.53767918,128.4574601
B000005124,면온초등학교,초등학교,운영,37.56526656,128.349804
B000005125,속사초등학교,초등학교,운영,37.64646041,128.4926046
B000005126,거문초등학교,초등학교,운영,37.60466097,128.5318811
B000005127,대관령초등학교,초등학교,운영,37.6891494,128.6940484
B000005128,도성초등학교,초등학교,운영,37.67082944,128.599366
B000005131,정선초등학교,초등학교,운영,37.38121807,128.659662
B000005132,벽탄초등학교,초등학교,운영,37.3947319,128.601871
B000005133,봉양초등학교,초등학교,운영,37.38603426,128.6689908
B000005134,갈래초등학교,초등학교,운영,37.19487669,128.8657343
B000005135,고한초등학교,초등학교,운영,37.20294319,128.8533378
B000005136,예미초등학교,초등학교,운영,37.22101035,128.6453889
B000005137,함백초등학교,초등학교,운영,37.21635745,128.6732065
B000005138,증산초등학교,초등학교,운영,37.25492831,128.7807294
B000005139,남선초등학교,초등학교,운영,37.26930638,128.740950
B000005140,여량초등학교,초등학교,운영,37.47134571,128.7277245
B000005141,북평초등학교,초등학교,운영,37.4548845,128.6744939
B000005142,남평초등학교,초등학교,운영,37.43121093,128.6628689
B000005143,화동초등학교,초등학교,운영,37.33869626,128.7879549
B000005144,임계초등학교,초등학교,운영,37.49641199,128.8483571
B000005147,백전초등학교,초등학교,운영,37.27434477,128.8728274
B000005148,정선초등학교가수분교장,초등학교,운영,37.3147154,128.6278942
B000005150,예미초등학교운치분교장,초등학교,운영,37.26997882,128.6074041
B000005154,신철원초등학교,초등학교,운영,38.14752189,127.3055544
B000005155,문혜초등학교,초등학교,운영,38.18684432,127.3180704
B000005156,용정초등학교,초등학교,운영,38.16317002,127.241457
B000005158,서면초등학교,초등학교,운영,38.16847615,127.4169341
B000005159,내대초등학교,초등학교,운영,38.20592384,127.2974687
B000005160,토성초등학교,초등학교,운영,38.24101934,127.3455948
B000005161,장흥초등학교,초등학교,운영,38.19337131,127.2668579
B000005162,오덕초등학교,초등학교,운영,38.22299855,127.2321739
B000005163,동송초등학교,초등학교,운영,38.20391455,127.216704
B000005164,묘장초등학교,초등학교,운영,38.26408626,127.1648028
B000005165,철원초등학교,초등학교,운영,38.21350087,127.2111787
B000005166,김화초등학교,초등학교,운영,38.25264662,127.4138388
B000005167,도창초등학교,초등학교,운영,38.26742121,127.3520474
B000005168,청양초등학교,초등학교,운영,38.24533197,127.3772901
B000005169,와수초등학교,초등학교,운영,38.23572423,127.4351403
B000005170,근남초등학교,초등학교,운영,38.23838226,127.4700992
B000005171,화천초등학교,초등학교,운영,38.10474334,127.7088476
B000005172,용암초등학교,초등학교,운영,38.08949697,127.6998338
B000005173,상승초등학교,초등학교,운영,38.15682448,127.6496754
B000005174,산양초등학교,초등학교,운영,38.21257979,127.6631402
B000005176,유촌초등학교,초등학교,운영,38.05575042,127.7913201
B000005177,사내초등학교,초등학교,운영,38.06952254,127.521214
B000005178,원천초등학교,초등학교,운영,38.05970511,127.6665764
B000005179,풍산초등학교,초등학교,운영,38.14775096,127.7414389
B000005180,다목초등학교,초등학교,운영,38.17591682,127.5345915
B000005182,광덕초등학교,초등학교,운영,38.06755874,127.4950837
B000005183,실내초등학교,초등학교,운영,38.12010974,127.5317739
B000005186,비봉초등학교,초등학교,운영,38.11058955,127.9880675
B000005187,양구초등학교,초등학교,운영,38.10290823,127.9914525
B000005188,한전초등학교,초등학교,운영,38.14913098,128.0159854
B000005189,죽리초등학교,초등학교,운영,38.07012862,127.9937958
B000005190,도촌초등학교,초등학교,운영,38.08009801,128.0213746
B000005191,용하초등학교,초등학교,운영,38.1095202,128.0360735
B000005192,원당초등학교,초등학교,운영,38.18860349,128.0435835
B000005193,임당초등학교,초등학교,운영,38.20110769,128.0421702
B000005194,방산초등학교,초등학교,운영,38.20935773,127.9435152
B000005195,해안초등학교,초등학교,운영,38.28940861,128.1375394
B000005197,인제남초등학교,초등학교,운영,38.06409774,128.1706146
B000005198,인제초등학교,초등학교,운영,38.07477612,128.1783515
B000005199,부평초등학교,초등학교,운영,37.96976661,128.0839125
B000005200,원통초등학교,초등학교,운영,38.12033476,128.2010606
B000005201,귀둔초등학교,초등학교,운영,38.01720494,128.3607942
B000005202,어론초등학교,초등학교,운영,37.93211244,128.0617602
B000005203,용대초등학교,초등학교,운영,38.19559876,128.329394
B000005204,월학초등학교,초등학교,운영,38.17074712,128.2093385
B000005205,한계초등학교,초등학교,운영,38.14045235,128.2577083
B000005207,서화초등학교,초등학교,운영,38.22925537,128.2085299
B000005208,상남초등학교,초등학교,운영,37.87306566,128.2606988
B000005209,하남초등학교,초등학교,운영,37.91097536,128.2859685
B000005210,기린초등학교,초등학교,운영,37.95832485,128.3194073
B000005215,기린초등학교진동분교장,초등학교,운영,38.01810769,128.4755403
B000005216,광산초등학교,초등학교,운영,38.37526383,128.4139175
B000005217,간성초등학교,초등학교,운영,38.37730554,128.4687327
B000005218,거성초등학교,초등학교,운영,38.45258108,128.4571606
B000005219,거진초등학교,초등학교,운영,38.43847289,128.4448362
B000005220,공현진초등학교,초등학교,운영,38.35457469,128.5076301
B000005221,죽왕초등학교,초등학교,운영,38.33033639,128.5224096
B000005222,오호초등학교,초등학교,운영,38.31375296,128.5319109
B000005223,동광초등학교,초등학교,운영,38.28847338,128.5434932
B000005224,아야진초등학교,초등학교,운영,38.27348966,128.5493078
B000005225,천진초등학교,초등학교,운영,38.25743795,128.5570899
B000005227,대진초등학교,초등학교,운영,38.49696274,128.4235922
B000005228,도학초등학교,초등학교,운영,38.27189948,128.5009771
B000005229,인흥초등학교,초등학교,운영,38.23702574,128.5511905
B000005233,주성초등학교,초등학교,운영,36.64146533,127.4852543
B000005235,석교초등학교,초등학교,운영,36.6267616,127.494248
B000005236,청남초등학교,초등학교,운영,36.6205119,127.4973891
B000005237,운동초등학교,초등학교,운영,36.6065351,127.5129668
B000005238,용담초등학교,초등학교,운영,36.6361812,127.5014515
B000005239,산성초등학교,초등학교,운영,36.63383768,127.5110801
B000005240,새터초등학교,초등학교,운영,36.66719709,127.4710922
B000005241,사천초등학교,초등학교,운영,36.67069195,127.4797697
B000005242,주중초등학교,초등학교,운영,36.67231062,127.4916819
B000005243,북일초등학교,초등학교,운영,36.6896501,127.4853977
B000005244,금천초등학교,초등학교,운영,36.62731274,127.5057468
B000005245,동주초등학교,초등학교,운영,36.63028787,127.510013
B000005246,청주내덕초등학교,초등학교,운영,36.65607588,127.4951203
B000005247,용암초등학교,초등학교,운영,36.61430188,127.5078289
B000005248,용성초등학교,초등학교,운영,36.62355182,127.5178733
B000005249,우암초등학교,초등학교,운영,36.64746646,127.4904991
B000005250,덕벌초등학교,초등학교,운영,36.65530155,127.4790763
B000005251,율량초등학교,초등학교,운영,36.66809285,127.4916524
B000005252,덕성초등학교,초등학교,운영,36.66746022,127.4841859
B000005253,원봉초등학교,초등학교,운영,36.61284316,127.5018043
B000005255,교동초등학교,초등학교,운영,36.61059184,127.5105265
B000005256,사직초등학교,초등학교,운영,36.63097875,127.4776899
B000005257,샛별초등학교,초등학교,운영,36.60887789,127.4716701
B000005258,산남초등학교,초등학교,운영,36.61163304,127.4623259
B000005259,원평초등학교,초등학교,운영,36.61122559,127.4955871
B000005260,남성초등학교,초등학교,운영,36.60824416,127.4836861
B000005261,남평초등학교,초등학교,운영,36.61174091,127.4890763
B000005262,성화초등학교,초등학교,운영,36.61601411,127.4555849
B000005263,죽림초등학교,초등학교,운영,36.61277773,127.4429239
B000005264,서현초등학교,초등학교,운영,36.61926474,127.429429
B000005265,솔밭초등학교,초등학교,운영,36.64163731,127.4260895
B000005266,직지초등학교,초등학교,운영,36.64007393,127.4377965
B000005267,가경초등학교,초등학교,운영,36.62474354,127.4436191
B000005268,봉정초등학교,초등학교,운영,36.64790625,127.4569031
B000005269,서촌초등학교,초등학교,운영,36.65056358,127.3994464
B000005271,풍광초등학교,초등학교,운영,36.62986002,127.4352559
B000005272,경덕초등학교,초등학교,운영,36.62107877,127.4378341
B000005273,경산초등학교,초등학교,운영,36.62535256,127.4404514
B000005274,서경초등학교,초등학교,운영,36.61831066,127.4417903
B000005275,개신초등학교,초등학교,운영,36.6202731,127.4487624
B000005276,모충초등학교,초등학교,운영,36.62568942,127.478354
B000005278,서원초등학교,초등학교,운영,36.63172154,127.4420502
B000005279,진흥초등학교,초등학교,운영,36.63603988,127.4347116
B000005280,증안초등학교,초등학교,운영,36.63451478,127.4278234
B000005281,봉명초등학교,초등학교,운영,36.63994006,127.456443
B000005282,분평초등학교,초등학교,운영,36.61357774,127.4930652
B000005283,강서초등학교,초등학교,운영,36.62841286,127.4232304
B000005284,한벌초등학교,초등학교,운영,36.63706729,127.4747302
B000005285,창신초등학교,초등학교,운영,36.6293144,127.4644388
B000005286,한솔초등학교,초등학교,운영,36.6187563,127.4759927
B000005287,수곡초등학교,초등학교,운영,36.61836437,127.4711256
B000005288,운천초등학교,초등학교,운영,36.65448725,127.4733856
B000005289,흥덕초등학교,초등학교,운영,36.64563419,127.4737553
B000005290,봉덕초등학교,초등학교,운영,36.65262737,127.4623839
B000005291,청주대성초등학교,초등학교,운영,36.65403128,127.4897886
B000005292,용담초등학교현양원분교장,초등학교,운영,36.6423326,127.5401605
B000005295,국원초등학교,초등학교,운영,36.98134436,127.9444742
B000005296,단월초등학교,초등학교,운영,36.94773188,127.8992691
B000005297,달천초등학교,초등학교,운영,36.96310165,127.8799833
B000005298,칠금초등학교,초등학교,운영,36.98420146,127.9238586
B000005299,충주금릉초등학교,초등학교,운영,36.99439631,127.9304338
B000005300,목행초등학교,초등학교,운영,37.00806042,127.9191523
B000005307,연수초등학교,초등학교,운영,36.98800986,127.9385008
B000005309,탄금초등학교,초등학교,운영,36.98408373,127.9177437
B000005310,주덕초등학교,초등학교,운영,36.97670948,127.7877644
B000005311,덕신초등학교,초등학교,운영,36.99428464,127.7841076
B000005312,대미초등학교,초등학교,운영,37.03388364,127.929558
B000005313,동량초등학교,초등학교,운영,37.02736672,127.9647463
B000005314,금가초등학교,초등학교,운영,37.0442277,127.9225145
B000005315,오석초등학교,초등학교,운영,36.99951108,127.8960579
B000005316,산척초등학교,초등학교,운영,37.07977557,127.9579296
B000005317,엄정초등학교,초등학교,운영,37.08774786,127.916148
B000005319,소태초등학교,초등학교,운영,37.1110504,127.8464666
B000005320,앙성초등학교,초등학교,운영,37.10649251,127.7578074
B000005322,용원초등학교,초등학교,운영,36.99532128,127.7357256
B000005323,용원초등학교동락분교장,초등학교,운영,37.0034506,127.686075
B000005324,노은초등학교,초등학교,운영,37.04849541,127.7556142
B000005326,가흥초등학교,초등학교,운영,37.07683303,127.8542548
B000005327,세성초등학교,초등학교,운영,36.90479486,127.9692482
B000005328,수회초등학교,초등학교,운영,36.8785989,127.974202
B000005329,수안보초등학교,초등학교,운영,36.84512591,127.9993239
B000005332,달천초등학교매현분교장,초등학교,운영,36.90834966,127.8702607
B000005333,남천초등학교,초등학교,운영,37.136378,128.2172663
B000005334,의림초등학교,초등학교,운영,37.14163394,128.2074321
B000005336,홍광초등학교,초등학교,운영,37.16518047,128.2156442
B000005337,남당초등학교,초등학교,운영,37.13106115,128.202003
B000005338,화산초등학교,초등학교,운영,37.12982691,128.2134631
B000005339,명지초등학교,초등학교,운영,37.11882822,128.2054568
B000005340,용두초등학교,초등학교,운영,37.14374225,128.1969402
B000005341,두학초등학교,초등학교,운영,37.13450943,128.2447878
B000005342,내토초등학교,초등학교,운영,37.13423175,128.2285838
B000005343,신백초등학교,초등학교,운영,37.12852468,128.2267634
B000005344,장락초등학교,초등학교,운영,37.1543615,128.222511
B000005345,제천중앙초등학교,초등학교,운영,37.15296506,128.2155464
B000005346,봉양초등학교,초등학교,운영,37.13596778,128.1121142
B000005347,왕미초등학교,초등학교,운영,37.15499012,128.1577661
B000005348,송학초등학교,초등학교,운영,37.18457555,128.2621542
B000005350,금성초등학교,초등학교,운영,37.06745543,128.1652921
B000005351,청풍초등학교,초등학교,운영,36.99628126,128.1648122
B000005352,수산초등학교,초등학교,운영,36.93620174,128.1882506
B000005353,제천덕산초등학교,초등학교,운영,36.90773109,128.1700912
B000005354,백운초등학교,초등학교,운영,37.14063763,128.0209489
B000005355,한송초등학교,초등학교,운영,36.88300948,128.0800468
B000005356,화당초등학교,초등학교,운영,37.16919905,127.9872451
B000005357,비봉초등학교,초등학교,운영,36.71275728,127.4132907
B000005358,수성초등학교,초등학교,운영,36.7192582,127.5267749
B000005359,내수초등학교,초등학교,운영,36.72690548,127.5368015
B000005360,비상초등학교,초등학교,운영,36.71114937,127.5820819
B000005361,수성초등학교구성분교장,초등학교,운영,36.68990362,127.514720
B000005362,한국교원대학교부설월곡초등학교,초등학교,운영,36.62329394,127.3623674
B000005363,남이초등학교,초등학교,운영,36.5770968,127.4542168
B000005364,갈원초등학교,초등학교,운영,36.56860012,127.396593
B000005365,현도초등학교,초등학교,운영,36.47678281,127.4271052
B000005366,옥포초등학교,초등학교,운영,36.49696547,127.4158334
B000005367,문의초등학교,초등학교,운영,36.51865565,127.4935076
B000005368,신송초등학교,초등학교,운영,36.57550025,127.493318
B000005369,동화초등학교,초등학교,운영,36.54734078,127.4922603
B000005370,남일초등학교,초등학교,운영,36.57578681,127.5094731
B000005371,행정초등학교,초등학교,운영,36.53667287,127.5319474
B000005372,가덕초등학교,초등학교,운영,36.5779265,127.5784827
B000005373,낭성초등학교,초등학교,운영,36.62367531,127.6017914
B000005374,미원초등학교,초등학교,운영,36.63579644,127.6598856
B000005375,각리초등학교,초등학교,운영,36.70658201,127.4246729
B000005376,오창초등학교,초등학교,운영,36.74127224,127.4574455
B000005377,강내초등학교,초등학교,운영,36.59763719,127.356890
B000005378,옥산초등학교,초등학교,운영,36.66331951,127.3728418
B000005379,대길초등학교,초등학교,운영,36.73237869,127.5596419
B000005380,북이초등학교,초등학교,운영,36.76125474,127.5560059
B000005381,석성초등학교,초등학교,운영,36.74945995,127.5136869
B000005383,오송초등학교,초등학교,운영,36.61216789,127.3262195
B000005384,만수초등학교,초등학교,운영,36.62730273,127.3293334
B000005385,상봉초등학교,초등학교,운영,36.63825053,127.2861418
B000005387,문의초등학교도원분교장,초등학교,운영,36.51758177,127.4703977
B000005389,미원초등학교금관분교장,초등학교,운영,36.62124183,127.7231513
B000005390,보은삼산초등학교,초등학교,운영,36.48473504,127.7163165
B000005391,종곡초등학교,초등학교,운영,36.50203548,127.7498649
B000005392,동광초등학교,초등학교,운영,36.48800647,127.7188173
B000005393,내북초등학교,초등학교,운영,36.57607599,127.6521285
B000005394,판동초등학교,초등학교,운영,36.39861225,127.7413857
B000005395,판동초등학교송죽분교장,초등학교,운영,36.43797955,127.7343861
B000005396,탄부초등학교,초등학교,운영,36.42534452,127.776841
B000005397,속리초등학교,초등학교,운영,36.47120584,127.7894911
B000005398,관기초등학교,초등학교,운영,36.43617767,127.8212759
B000005399,수정초등학교,초등학교,운영,36.53624179,127.8214248
B000005401,수한초등학교,초등학교,운영,36.45881239,127.7011332
B000005402,회인초등학교,초등학교,운영,36.49204093,127.5954902
B000005403,세중초등학교,초등학교,운영,36.38820237,127.8300616
B000005404,회남초등학교,초등학교,운영,36.44621017,127.5797755
B000005406,죽향초등학교,초등학교,운영,36.31364952,127.5768474
B000005407,군남초등학교,초등학교,운영,36.27818884,127.5818094
B000005408,장야초등학교,초등학교,운영,36.29703588,127.5800442
B000005409,삼양초등학교,초등학교,운영,36.29797308,127.5687561
B000005410,안내초등학교,초등학교,운영,36.39570852,127.6607153
B000005411,안남초등학교,초등학교,운영,36.3552713,127.6722418
B000005412,동이초등학교,초등학교,운영,36.28644506,127.6191717
B000005413,군서초등학교,초등학교,운영,36.27845779,127.5275742
B000005414,증약초등학교,초등학교,운영,36.33441166,127.5234087
B000005415,이원초등학교,초등학교,운영,36.24691053,127.6227848
B000005417,청산초등학교,초등학교,운영,36.34593597,127.7935103
B000005418,청성초등학교,초등학교,운영,36.32892767,127.7590953
B000005420,동이초등학교우산분교장,초등학교,운영,36.27791087,127.6819337
B000005422,이수초등학교,초등학교,운영,36.17745821,127.7766024
B000005423,영동초등학교,초등학교,운영,36.17306958,127.7794533
B000005424,부용초등학교,초등학교,운영,36.16725603,127.7671213
B000005425,양강초등학교,초등학교,운영,36.14516473,127.7474976
B000005427,학산초등학교,초등학교,운영,36.09151431,127.6869653
B000005428,양산초등학교,초등학교,운영,36.12464366,127.6663805
B000005429,초강초등학교,초등학교,운영,36.21677234,127.7138238
B000005430,심천초등학교,초등학교,운영,36.23468928,127.7249774
B000005431,황간초등학교,초등학교,운영,36.22659358,127.9127685
B000005432,매곡초등학교,초등학교,운영,36.1927206,127.9325944
B000005433,상촌초등학교,초등학교,운영,36.14761312,127.9120911
B000005434,추풍령초등학교,초등학교,운영,36.21507951,127.9966215
B000005435,구룡초등학교,초등학교,운영,36.26402003,127.8280838
B000005436,용화초등학교,초등학교,운영,36.02359338,127.765909
B000005437,성암초등학교,초등학교,운영,36.82676286,127.4064783
B000005438,진천상산초등학교,초등학교,운영,36.85582389,127.4379815
B000005439,진천삼수초등학교,초등학교,운영,36.85555244,127.441232
B000005440,백곡초등학교,초등학교,운영,36.88596906,127.3602441
B000005441,이월초등학교,초등학교,운영,36.93107602,127.4319218
B000005442,금구초등학교,초등학교,운영,36.9451216,127.4307038
B000005443,학성초등학교,초등학교,운영,36.89984415,127.4432668
B000005445,만승초등학교,초등학교,운영,36.99231775,127.4420978
B000005447,한천초등학교,초등학교,운영,36.90693407,127.5078988
B000005448,초평초등학교,초등학교,운영,36.84759282,127.5378317
B000005449,구정초등학교,초등학교,운영,36.7810935,127.5358322
B000005450,문백초등학교,초등학교,운영,36.78627514,127.4331518
B000005451,문상초등학교,초등학교,운영,36.83792192,127.4718528
B000005453,괴산명덕초등학교,초등학교,운영,36.80953639,127.7874714
B000005454,동인초등학교,초등학교,운영,36.80554119,127.7892871
B000005455,보광초등학교,초등학교,운영,36.81735263,127.6507401
B000005456,청안초등학교,초등학교,운영,36.77256037,127.6398176
B000005457,백봉초등학교,초등학교,운영,36.70684414,127.7267128
B000005458,청천초등학교,초등학교,운영,36.66091718,127.7370677
B000005459,송면초등학교,초등학교,운영,36.6744549,127.8627684
B000005460,문광초등학교,초등학교,운영,36.79014703,127.7837483
B000005461,칠성초등학교,초등학교,운영,36.78564178,127.8623577
B000005462,장연초등학교,초등학교,운영,36.82515901,127.9550573
B000005463,연풍초등학교,초등학교,운영,36.76327316,127.9964865
B000005464,감물초등학교,초등학교,운영,36.83914154,127.8714687
B000005466,목도초등학교,초등학교,운영,36.87447467,127.8543275
B000005467,소수초등학교,초등학교,운영,36.85456915,127.7449316
B000005469,증평초등학교,초등학교,운영,36.7833882,127.587377
B000005470,죽리초등학교,초등학교,운영,36.75397387,127.6120057
B000005471,삼보초등학교,초등학교,운영,36.77826839,127.5787573
B000005472,도안초등학교,초등학교,운영,36.81736689,127.6109582
B000005473,평곡초등학교,초등학교,운영,36.92907901,127.7012263
B000005474,남신초등학교,초등학교,운영,36.93240014,127.6848075
B000005475,수봉초등학교,초등학교,운영,36.93972277,127.6925993
B000005476,쌍봉초등학교,초등학교,운영,37.00331437,127.5419176
B000005477,무극초등학교,초등학교,운영,36.99174956,127.5988702
B000005478,용천초등학교,초등학교,운영,36.99102149,127.5920467
B000005479,오선초등학교,초등학교,운영,36.97931684,127.5667896
B000005480,맹동초등학교,초등학교,운영,36.92695855,127.5641072
B000005481,부윤초등학교,초등학교,운영,36.94916445,127.524338
B000005482,대소초등학교,초등학교,운영,36.96590875,127.4859135
B000005483,청룡초등학교,초등학교,운영,37.00060002,127.4731028
B000005485,삼성초등학교,초등학교,운영,37.02006765,127.4975038
B000005486,생극초등학교,초등학교,운영,37.03421192,127.6047247
B000005487,오갑초등학교,초등학교,운영,37.11234437,127.6771702
B000005488,원당초등학교,초등학교,운영,37.07435385,127.615542
B000005489,감곡초등학교,초등학교,운영,37.1163163,127.6453912
B000005490,하당초등학교,초등학교,운영,36.90702643,127.6792232
B000005491,원남초등학교,초등학교,운영,36.87880844,127.653810
B000005493,소이초등학교,초등학교,운영,36.9153436,127.7547173
B000005495,단양초등학교,초등학교,운영,36.97950964,128.3690667
B000005496,상진초등학교,초등학교,운영,36.97923789,128.3567131
B000005497,가평초등학교,초등학교,운영,37.07317641,128.282608
B000005498,매포초등학교,초등학교,운영,37.03443987,128.3016823
B000005499,대강초등학교,초등학교,운영,36.92171247,128.3583948
B000005500,가곡초등학교,초등학교,운영,37.02689438,128.3855597
B000005501,단천초등학교,초등학교,운영,36.92657152,128.3388435
B000005502,영춘초등학교별방분교장,초등학교,운영,37.09638456,128.4154073
B000005503,영춘초등학교,초등학교,운영,37.08079639,128.4826146
B000005504,어상천초등학교,초등학교,운영,37.10292793,128.3580195
B000005505,대가초등학교,초등학교,운영,37.03352486,128.2625316
B000005507,가곡초등학교대곡분교장,초등학교,운영,36.99798735,128.4263416
B000005508,가곡초등학교보발분교장(폐교),초등학교,운영,37.02953921,128.4487532
B000005511,천안남산초등학교,초등학교,운영,36.80524599,127.1538932
B000005512,천안일봉초등학교,초등학교,운영,36.79970962,127.1395332
B000005513,천안초등학교,초등학교,운영,36.81410619,127.1525442
B000005514,천안삼거리초등학교,초등학교,운영,36.78974474,127.1633902
B000005515,안서초등학교,초등학교,운영,36.83224681,127.1756645
B000005516,천안청수초등학교,초등학교,운영,36.78894296,127.1509943
B000005517,천안용소초등학교,초등학교,운영,36.78945648,127.1358799
B000005518,천안용곡초등학교,초등학교,운영,36.78680007,127.1316816
B000005519,천안청룡초등학교,초등학교,운영,36.78135876,127.1394952
B000005520,천안신촌초등학교,초등학교,운영,36.7874511,127.1236054
B000005521,천안새샘초등학교,초등학교,운영,36.77099584,127.1309812
B000005522,천안청당초등학교,초등학교,운영,36.78004482,127.1515782
B000005523,천안가온초등학교,초등학교,운영,36.78544107,127.1487613
B000005524,천안봉명초등학교,초등학교,운영,36.80527217,127.1346928
B000005525,천안봉서초등학교,초등학교,운영,36.81255267,127.1310938
B000005526,천안신용초등학교,초등학교,운영,36.7907329,127.1317187
B000005527,천안신부초등학교,초등학교,운영,36.82273006,127.1601639
B000005528,천안구성초등학교,초등학교,운영,36.79296138,127.1585918
B000005529,천안신안초등학교,초등학교,운영,36.81418927,127.162674
B000005530,천안미라초등학교,초등학교,운영,36.80082475,127.1282411
B000005531,천안쌍용초등학교,초등학교,운영,36.80108802,127.1224588
B000005532,천안용암초등학교,초등학교,운영,36.8037223,127.1177619
B000005533,천안와촌초등학교,초등학교,운영,36.80596681,127.1449912
B000005534,천안서초등학교,초등학교,운영,36.82318503,127.139638
B000005535,천안신대초등학교,초등학교,운영,36.83704929,127.1426806
B000005536,천안부대초등학교,초등학교,운영,36.84894817,127.1518968
B000005537,천안업성초등학교,초등학교,운영,36.86130968,127.1413849
B000005538,천안수곡초등학교,초등학교,운영,36.79028464,127.1230967
B000005539,천안월봉초등학교,초등학교,운영,36.79651896,127.115306
B000005540,천안오성초등학교,초등학교,운영,36.83140647,127.1296192
B000005541,천안부성초등학교,초등학교,운영,36.83524216,127.1366621
B000005542,천안두정초등학교,초등학교,운영,36.83623391,127.1471658
B000005543,천안쌍정초등학교,초등학교,운영,36.78729264,127.1149315
B000005544,천안성정초등학교,초등학교,운영,36.81534909,127.1402122
B000005545,환서초등학교,초등학교,운영,36.82890323,127.1225335
B000005546,천안백석초등학교,초등학교,운영,36.82032135,127.1225212
B000005547,천안서당초등학교,초등학교,운영,36.80393919,127.1135046
B000005548,천안불당초등학교,초등학교,운영,36.8058474,127.1087613
B000005549,목천초등학교,초등학교,운영,36.78791236,127.2357226
B000005550,도장초등학교,초등학교,운영,36.74741778,127.1803506
B000005551,천안부영초등학교,초등학교,운영,36.75954884,127.1753964
B000005552,신흥초등학교,초등학교,운영,36.77386655,127.2166091
B000005553,신계초등학교,초등학교,운영,36.76851662,127.2021965
B000005554,신가초등학교,초등학교,운영,36.95101251,127.1145182
B000005555,대홍초등학교,초등학교,운영,36.94919431,127.146516
B000005556,도하초등학교,초등학교,운영,36.94878658,127.1668847
B000005557,성환초등학교,초등학교,운영,36.91804635,127.1324178
B000005558,성신초등학교,초등학교,운영,36.91908802,127.1290902
B000005559,신방초등학교,초등학교,운영,36.92907818,127.0875873
B000005560,직산초등학교,초등학교,운영,36.9036886,127.1620052
B000005561,양당초등학교,초등학교,운영,36.87847714,127.1137964
B000005562,삼은초등학교,초등학교,운영,36.87800639,127.1484453
B000005563,성거초등학교,초등학교,운영,36.87170263,127.1996945
B000005564,소망초등학교,초등학교,운영,36.87590687,127.1623964
B000005565,행정초등학교,초등학교,운영,36.68689565,127.1566132
B000005566,은석초등학교,초등학교,운영,36.78825846,127.2576334
B000005567,병천초등학교,초등학교,운영,36.76627256,127.3013196
B000005568,천동초등학교,초등학교,운영,36.77813893,127.3489413
B000005569,수신초등학교,초등학교,운영,36.73328424,127.2831008
B000005570,신사초등학교,초등학교,운영,36.74254584,127.2379059
B000005571,성남초등학교,초등학교,운영,36.72744812,127.2510197
B000005572,미죽초등학교,초등학교,운영,36.73782757,127.1504944
B000005573,용정초등학교,초등학교,운영,36.74521565,127.1013919
B000005574,풍세초등학교,초등학교,운영,36.72629021,127.1183519
B000005575,보산원초등학교,초등학교,운영,36.68573333,127.0763129
B000005576,광덕초등학교,초등학교,운영,36.69846774,127.1101358
B000005577,양대초등학교,초등학교,운영,36.91519115,127.2270714
B000005578,입장초등학교,초등학교,운영,36.91362916,127.2197582
B000005579,위례초등학교,초등학교,운영,36.82477941,127.2743564
B000005580,공주교육대학교부설초등학교,초등학교,운영,36.44162064,127.1177911
B000005581,공주중동초등학교,초등학교,운영,36.45417852,127.1251343
B000005582,공주봉황초등학교,초등학교,운영,36.44976819,127.1207384
B000005583,공주금학초등학교,초등학교,운영,36.44777116,127.1250397
B000005584,공주교동초등학교,초등학교,운영,36.46024304,127.1169204
B000005586,효포초등학교,초등학교,운영,36.42880609,127.1475428
B000005587,공주신월초등학교,초등학교,운영,36.47323734,127.1490393
B000005588,신관초등학교,초등학교,운영,36.47562336,127.1388638
B000005589,구산초등학교,초등학교,운영,36.55192605,126.9578623
B000005590,유구초등학교,초등학교,운영,36.55450238,126.949794
B000005592,의당초등학교,초등학교,운영,36.53092158,127.1539311
B000005593,수촌초등학교,초등학교,운영,36.51732896,127.1351742
B000005594,정안초등학교,초등학교,운영,36.60284687,127.116568
B000005595,석송초등학교,초등학교,운영,36.56492635,127.114513
B000005596,경천초등학교,초등학교,운영,36.32448999,127.1496592
B000005597,계룡초등학교,초등학교,운영,36.35800965,127.1417953
B000005598,이인초등학교,초등학교,운영,36.36159031,127.0604326
B000005600,탄천초등학교,초등학교,운영,36.33045395,127.0319922
B000005601,귀산초등학교,초등학교,운영,36.49997011,127.1130512
B000005602,상서초등학교,초등학교,운영,36.4794569,127.0782396
B000005603,우성초등학교,초등학교,운영,36.47164993,127.0484855
B000005604,호계초등학교,초등학교,운영,36.50761149,127.024183
B000005605,마곡초등학교,초등학교,운영,36.55895547,127.0177427
B000005606,신풍초등학교,초등학교,운영,36.51770841,126.952439
B000005608,반포초등학교,초등학교,운영,36.3996797,127.2450046
B000005609,학봉초등학교,초등학교,운영,36.36079324,127.252790
B000005611,덕암초등학교,초등학교,운영,36.63032479,126.970008
B000005612,대남초등학교,초등학교,운영,36.35189113,126.5938495
B000005613,명천초등학교,초등학교,운영,36.33876235,126.6112956
B000005614,대관초등학교,초등학교,운영,36.35734587,126.5848642
B000005615,대천초등학교,초등학교,운영,36.35411552,126.6006772
B000005616,대천동대초등학교,초등학교,운영,36.35252052,126.6145713
B000005617,한내초등학교,초등학교,운영,36.34214728,126.6012397
B000005618,청룡초등학교,초등학교,운영,36.31986736,126.5381945
B000005619,청파초등학교,초등학교,운영,36.31804667,126.5115176
B000005620,관당초등학교,초등학교,운영,36.24624557,126.5579522
B000005621,대창초등학교,초등학교,운영,36.23189462,126.6060206
B000005622,웅천초등학교,초등학교,운영,36.23988788,126.5923196
B000005624,천북초등학교,초등학교,운영,36.48189418,126.531690
B000005625,청소초등학교,초등학교,운영,36.4514277,126.5923295
B000005626,주포초등학교,초등학교,운영,36.41603611,126.5907737
B000005627,오천초등학교,초등학교,운영,36.43847221,126.5231089
B000005628,주산초등학교,초등학교,운영,36.19977173,126.6347835
B000005629,남포초등학교,초등학교,운영,36.30505159,126.6095589
B000005630,송학초등학교,초등학교,운영,36.38000245,126.5269447
B000005631,관창초등학교,초등학교,운영,36.38538759,126.5833631
B000005632,청파초등학교외연도분교장,초등학교,운영,36.22869439,126.0817256
B000005633,광명초등학교,초등학교,운영,36.37142647,126.431173
B000005634,미산초등학교,초등학교,운영,36.28886989,126.6770858
B000005635,월전초등학교,초등학교,운영,36.27166098,126.5681814
B000005636,청보초등학교,초등학교,운영,36.38876618,126.6564639
B000005637,청라초등학교,초등학교,운영,36.39065311,126.6730505
B000005638,옥계초등학교,초등학교,운영,36.41213897,126.6460592
B000005639,개화초등학교,초등학교,운영,36.30679749,126.6542039
B000005640,성주초등학교,초등학교,운영,36.3418082,126.6539728
B000005642,청룡초등학교장고분교장,초등학교,운영,36.38896166,126.3361657
B000005643,오천초등학교삽시분교장,초등학교,운영,36.3500578,126.3584592
B000005645,온양중앙초등학교,초등학교,운영,36.77683313,127.0017571
B000005646,온양온천초등학교,초등학교,운영,36.78330048,127.0088156
B000005647,온양천도초등학교,초등학교,운영,36.78697584,126.9921982
B000005648,온양신정초등학교,초등학교,운영,36.78788684,126.986805
B000005649,온양권곡초등학교,초등학교,운영,36.7906592,127.0140449
B000005650,충무초등학교,초등학교,운영,36.79072048,127.0202957
B000005651,용화초등학교,초등학교,운영,36.77311778,126.9963725
B000005652,온양풍기초등학교,초등학교,운영,36.77471039,127.0184599
B000005653,온양초사초등학교,초등학교,운영,36.75121131,126.9735287
B000005654,신광초등학교,초등학교,운영,36.78920487,126.969444
B000005656,온양초등학교,초등학교,운영,36.76061021,127.0180678
B000005657,온양동신초등학교,초등학교,운영,36.77959365,127.0170824
B000005658,염티초등학교,초등학교,운영,36.81663447,126.9781331
B000005659,송곡초등학교,초등학교,운영,36.80778508,127.0183468
B000005660,배방초등학교,초등학교,운영,36.77101185,127.0629455
B000005661,아산북수초등학교,초등학교,운영,36.76804498,127.0768091
B000005662,모산초등학교,초등학교,운영,36.76944617,127.0519061
B000005664,금곡초등학교,초등학교,운영,36.75001577,127.0406113
B000005665,연화초등학교,초등학교,운영,36.78720115,127.0950563
B000005666,신화초등학교,초등학교,운영,36.88605233,126.9684063
B000005667,영인초등학교,초등학교,운영,36.85488507,126.9541726
B000005668,인주초등학교,초등학교,운영,36.87620339,126.896343
B000005669,금성초등학교,초등학교,운영,36.84466242,126.8797723
B000005670,탕정초등학교,초등학교,운영,36.80203334,127.0661893
B000005671,동덕초등학교,초등학교,운영,36.82086735,127.0842567
B000005673,음봉초등학교,초등학교,운영,36.84940229,127.011361
B000005674,쌍룡초등학교,초등학교,운영,36.88046015,127.0742097
B000005675,둔포초등학교,초등학교,운영,36.92723184,127.0388142
B000005676,관대초등학교,초등학교,운영,36.8984738,127.0369043
B000005677,남창초등학교,초등학교,운영,36.92089087,127.0012655
B000005678,아산남성초등학교,초등학교,운영,36.7872406,126.9566272
B000005679,신창초등학교,초등학교,운영,36.78056823,126.933166
B000005680,오목초등학교,초등학교,운영,36.80853919,126.9278256
B000005681,선장초등학교,초등학교,운영,36.78878323,126.8639353
B000005682,도고초등학교,초등학교,운영,36.74654967,126.8988007
B000005683,도고온천초등학교,초등학교,운영,36.7576106,126.8754528
B000005684,송남초등학교,초등학교,운영,36.73304478,127.0101564
B000005685,거산초등학교,초등학교,운영,36.69191811,126.9898673
B000005687,서령초등학교,초등학교,운영,36.74421665,126.4470036
B000005688,서림초등학교,초등학교,운영,36.76782027,126.4602697
B000005689,오산초등학교,초등학교,운영,36.74557169,126.4823893
B000005690,서동초등학교,초등학교,운영,36.78376295,126.4675228
B000005691,서산동문초등학교,초등학교,운영,36.78819285,126.4665339
B000005692,서산초등학교,초등학교,운영,36.78007112,126.4553808
B000005693,부춘초등학교,초등학교,운영,36.77942889,126.4456225
B000005694,학돌초등학교,초등학교,운영,36.78512909,126.444561
B000005695,서산예천초등학교,초등학교,운영,36.76996604,126.4497409
B000005696,서산석림초등학교,초등학교,운영,36.76987632,126.4653595
B000005697,서산대진초등학교,초등학교,운영,36.97758254,126.3844579
B000005698,명지초등학교,초등학교,운영,36.97168634,126.4100648
B000005699,대산초등학교,초등학교,운영,36.940215,126.4349309
B000005700,고북초등학교,초등학교,운영,36.66739341,126.5297944
B000005701,언암초등학교,초등학교,운영,36.70829477,126.5114937
B000005702,해미초등학교,초등학교,운영,36.7177321,126.5428746
B000005703,운산초등학교,초등학교,운영,36.8118233,126.582473
B000005704,운신초등학교,초등학교,운영,36.75674273,126.5618274
B000005705,음암초등학교,초등학교,운영,36.80084184,126.5193384
B000005706,동암초등학교,초등학교,운영,36.7624768,126.5116865
B000005708,부성초등학교,초등학교,운영,36.86502688,126.4362635
B000005709,인지초등학교,초등학교,운영,36.75615023,126.4249945
B000005710,차동초등학교,초등학교,운영,36.7768321,126.4005489
B000005711,가사초등학교,초등학교,운영,36.75264082,126.3723301
B000005712,강당초등학교,초등학교,운영,36.66171742,126.4017836
B000005713,부석초등학교,초등학교,운영,36.71699797,126.3923519
B000005714,팔봉초등학교,초등학교,운영,36.82743127,126.3623658
B000005717,부석초등학교간월도분교장,초등학교,운영,36.61046955,126.4192714
B000005719,금산중앙초등학교,초등학교,운영,36.10074274,127.486372
B000005720,금산초등학교,초등학교,운영,36.10379297,127.4899096
B000005721,금산동초등학교,초등학교,운영,36.10406962,127.4985449
B000005722,제원초등학교,초등학교,운영,36.11320959,127.5450354
B000005723,용문초등학교,초등학교,운영,36.13455714,127.5025327
B000005724,군북초등학교,초등학교,운영,36.16757788,127.5273939
B000005725,부리초등학교,초등학교,운영,36.06245438,127.5550295
B000005726,남일초등학교,초등학교,운영,36.04352247,127.5029095
B000005727,남이초등학교,초등학교,운영,36.05079361,127.4366644
B000005728,금성초등학교,초등학교,운영,36.1309473,127.4540942
B000005729,복수초등학교,초등학교,운영,36.16619225,127.397808
B000005730,신대초등학교,초등학교,운영,36.21001084,127.3781352
B000005731,진산초등학교,초등학교,운영,36.14364394,127.3683372
B000005732,추부초등학교,초등학교,운영,36.19114528,127.4687764
B000005733,성대초등학교,초등학교,운영,36.22513075,127.5093351
B000005734,금성초등학교금계분교장,초등학교,운영,36.16120393,127.4794103
B000005735,상곡초등학교,초등학교,운영,36.20631913,127.5712904
B000005736,조치원교동초등학교,초등학교,운영,36.60522794,127.2979422
B000005737,조치원명동초등학교,초등학교,운영,36.60098735,127.3047859
B000005738,조치원대동초등학교,초등학교,운영,36.59695506,127.2941193
B000005739,조치원신봉초등학교,초등학교,운영,36.60379343,127.2885208
B000005740,참샘초등학교,초등학교,운영,36.47907501,127.2585179
B000005741,연서초등학교,초등학교,운영,36.58297946,127.2543503
B000005742,연봉초등학교,초등학교,운영,36.56445274,127.2820714
B000005743,세종도원초등학교,초등학교,운영,36.58587778,127.2873598
B000005744,수왕초등학교,초등학교,운영,36.54347359,127.2522261
B000005745,연남초등학교,초등학교,운영,36.54388083,127.277847
B000005746,감성초등학교,초등학교,운영,36.44365923,127.2893654
B000005747,금남초등학교,초등학교,운영,36.47270089,127.2882756
B000005748,전동초등학교,초등학교,운영,36.65657465,127.2657944
B000005749,전의초등학교,초등학교,운영,36.68012036,127.2023331
B000005750,연동초등학교,초등학교,운영,36.55959264,127.3259496
B000005751,소정초등학교,초등학교,운영,36.72060698,127.1583789
B000005752,쌍류초등학교,초등학교,운영,36.5993997,127.209739
B000005755,논산반월초등학교,초등학교,운영,36.20380803,127.0839721
B000005793,송간초등학교,초등학교,운영,36.30793023,126.9569873
B000005794,대왕초등학교,초등학교,운영,36.26892595,126.9275871
B000005795,궁남초등학교,초등학교,운영,36.27514763,126.9058786
B000005796,백제초등학교,초등학교,운영,36.27794156,126.9151036
B000005797,부여초등학교,초등학교,운영,36.28576814,126.9229518
B000005798,백강초등학교,초등학교,운영,36.29607579,126.8910189
B000005799,규암초등학교,초등학교,운영,36.27571146,126.8807696
B000005800,합송초등학교,초등학교,운영,36.26647509,126.8460033
B000005801,은산초등학교,초등학교,운영,36.31389574,126.8535308
B000005802,구룡초등학교,초등학교,운영,36.25363816,126.8131023
B000005804,홍산초등학교,초등학교,운영,36.21772249,126.7618269
B000005807,옥산초등학교,초등학교,운영,36.19070506,126.7319642
B000005808,내산초등학교,초등학교,운영,36.28189932,126.7766005
B000005809,외산초등학교,초등학교,운영,36.31548236,126.7164422
B000005810,장암초등학교,초등학교,운영,36.24133094,126.8956639
B000005811,임천초등학교,초등학교,운영,36.19104513,126.8927134
B000005812,양화초등학교,초등학교,운영,36.12891192,126.8571817
B000005814,세도초등학교,초등학교,운영,36.17568091,126.9467526
B000005815,석양초등학교석성분교장,초등학교,운영,36.22414945,126.9892445
B000005816,석양초등학교,초등학교,운영,36.25412033,126.9982215
B000005817,초촌초등학교,초등학교,운영,36.26352128,127.0248452
B000005818,서천초등학교,초등학교,운영,36.07853356,126.6877891
B000005819,장항초등학교,초등학교,운영,36.0205643,126.7001921
B000005820,송림초등학교,초등학교,운영,36.02948795,126.6839669
B000005821,장항중앙초등학교,초등학교,운영,36.01336316,126.6906546
B000005823,마동초등학교,초등학교,운영,36.02493256,126.7144149
B000005824,송석초등학교,초등학교,운영,36.07302865,126.6439086
B000005825,오성초등학교,초등학교,운영,36.15503152,126.6834189
B000005826,기산초등학교,초등학교,운영,36.07441487,126.7676001
B000005827,한산초등학교,초등학교,운영,36.08595821,126.8040056
B000005828,화양초등학교,초등학교,운영,36.04326989,126.7762555
B000005829,마산초등학교,초등학교,운영,36.12106798,126.7946442
B000005830,부내초등학교,초등학교,운영,36.10261833,126.646760
B000005831,비인초등학교,초등학교,운영,36.14244436,126.6020313
B000005832,서면초등학교,초등학교,운영,36.15384185,126.5555658
B000005833,서도초등학교,초등학교,운영,36.1527577,126.5206567
B000005834,시초초등학교,초등학교,운영,36.1222289,126.7520043
B000005837,청송초등학교,초등학교,운영,36.44963291,126.7881253
B000005838,청양초등학교,초등학교,운영,36.45392517,126.8058399
B000005839,정산초등학교,초등학교,운영,36.41592486,126.9463888
B000005840,합천초등학교,초등학교,운영,36.42586476,126.7146112
B000005841,장평초등학교,초등학교,운영,36.34605303,126.8995062
B000005843,청남초등학교,초등학교,운영,36.35539933,126.9517215
B000005844,남양초등학교,초등학교,운영,36.40133943,126.776955
B000005845,목면초등학교,초등학교,운영,36.42152913,127.0041989
B000005846,운곡초등학교,초등학교,운영,36.52488765,126.8462863
B000005847,가남초등학교,초등학교,운영,36.51658243,126.7888904
B000005848,수정초등학교,초등학교,운영,36.44545343,126.8278853
B000005850,홍남초등학교,초등학교,운영,36.59381344,126.6689868
B000005852,홍성초등학교,초등학교,운영,36.598586,126.6563579
B000005854,광천초등학교,초등학교,운영,36.50655301,126.6285811
B000005858,서해삼육초등학교,초등학교,운영,36.50662283,126.6269267
B000005859,홍동초등학교,초등학교,운영,36.55735047,126.6888488
B000005860,금당초등학교,초등학교,운영,36.56855942,126.7244302
B000005861,금마초등학교,초등학교,운영,36.61406155,126.7320903
B000005862,배양초등학교,초등학교,운영,36.61442669,126.7088497
B000005864,용봉초등학교,초등학교,운영,36.63174613,126.6501145
B000005865,구항초등학교,초등학교,운영,36.58368735,126.607446
B000005866,대정초등학교,초등학교,운영,36.54760196,126.637663
B000005868,갈산초등학교,초등학교,운영,36.60252317,126.5536653
B000005869,신당초등학교,초등학교,운영,36.54777193,126.4730622
B000005870,서부초등학교,초등학교,운영,36.57924376,126.5107505
B000005871,결성초등학교,초등학교,운영,36.52465416,126.5440628
B000005872,은하초등학교,초등학교,운영,36.52947336,126.5887704
B000005873,장곡초등학교,초등학교,운영,36.50495838,126.6923341
B000005876,금오초등학교,초등학교,운영,36.69039625,126.8335947
B000005877,예산초등학교,초등학교,운영,36.68402002,126.8495103
B000005878,신례원초등학교,초등학교,운영,36.72568143,126.8421305
B000005879,예산중앙초등학교,초등학교,운영,36.68418744,126.8314072
B000005880,삽교초등학교,초등학교,운영,36.68900678,126.7433539
B000005881,용동초등학교,초등학교,운영,36.70257204,126.7155136
B000005883,대술초등학교,초등학교,운영,36.65667977,126.8960835
B000005884,신양초등학교,초등학교,운영,36.60229518,126.8691805
B000005885,평촌초등학교,초등학교,운영,36.63487824,126.7854935
B000005886,응봉초등학교,초등학교,운영,36.65638487,126.7704003
B000005887,대흥초등학교,초등학교,운영,36.60754788,126.7898866
B000005888,웅산초등학교,초등학교,운영,36.55117416,126.7733983
B000005889,신암초등학교,초등학교,운영,36.73305598,126.8205322
B000005890,조림초등학교,초등학교,운영,36.73872526,126.785458
B000005891,양신초등학교,초등학교,운영,36.70662321,126.7849552
B000005892,오가초등학교,초등학교,운영,36.68795455,126.7944348
B000005893,시량초등학교,초등학교,운영,36.68575301,126.6431428
B000005894,덕산초등학교,초등학교,운영,36.70611057,126.668446
B000005895,구만초등학교,초등학교,운영,36.73310028,126.7326603
B000005896,고덕초등학교,초등학교,운영,36.74817429,126.7027689
B000005897,예덕초등학교,초등학교,운영,36.77793613,126.7166492
B000005898,봉산초등학교,초등학교,운영,36.74898947,126.6803486
B000005899,수덕초등학교,초등학교,운영,36.64035312,126.6054401
B000005900,태안초등학교,초등학교,운영,36.75918853,126.2954083
B000005901,송암초등학교,초등학교,운영,36.7356117,126.3003085
B000005902,백화초등학교,초등학교,운영,36.75287062,126.3083724
B000005903,화동초등학교,초등학교,운영,36.75375689,126.3204052
B000005904,방포초등학교,초등학교,운영,36.50683663,126.3474688
B000005905,안면초등학교,초등학교,운영,36.52811286,126.3473859
B000005906,창기초등학교,초등학교,운영,36.57969933,126.3380062
B000005907,대기초등학교,초등학교,운영,36.8004952,126.2567406
B000005908,원북초등학교,초등학교,운영,36.8262041,126.2585619
B000005909,이원초등학교,초등학교,운영,36.86935881,126.2809829
B000005910,모항초등학교,초등학교,운영,36.77312142,126.1398756
B000005911,시목초등학교,초등학교,운영,36.76890096,126.2453598
B000005912,소원초등학교,초등학교,운영,36.76371456,126.1938261
B000005915,근흥초등학교,초등학교,운영,36.71455657,126.2278942
B000005916,남면초등학교,초등학교,운영,36.67354349,126.3001728
B000005917,삼성초등학교,초등학교,운영,36.62215406,126.3116312
B000005918,고남초등학교,초등학교,운영,36.42644407,126.4042788
B000005919,안중초등학교,초등학교,운영,36.47401169,126.3722967
B000005921,이원초등학교관동분교장,초등학교,운영,36.90131383,126.2989341
B000005924,성당초등학교,초등학교,운영,36.83666229,126.6051168
B000005925,당진초등학교,초등학교,운영,36.89181359,126.6334616
B000005926,계성초등학교,초등학교,운영,36.89847725,126.6392846
B000005927,탑동초등학교,초등학교,운영,36.89736111,126.6231851
B000005928,원당초등학교,초등학교,운영,36.90220954,126.6389171
B000005929,기지초등학교,초등학교,운영,36.90209392,126.6937158
B000005930,송악초등학교,초등학교,운영,36.9406386,126.7432868
B000005931,전대초등학교,초등학교,운영,36.90930752,126.749578
B000005932,상록초등학교,초등학교,운영,36.95857344,126.7697651
B000005933,신촌초등학교,초등학교,운영,36.76300799,126.7653217
B000005934,합덕초등학교,초등학교,운영,36.80407168,126.7786054
B000005935,합도초등학교,초등학교,운영,36.81044064,126.7545521
B000005936,서정초등학교,초등학교,운영,36.88036049,126.7553747
B000005937,신평초등학교,초등학교,운영,36.88633871,126.7721767
B000005938,한정초등학교,초등학교,운영,36.89356137,126.8052742
B000005939,당산초등학교,초등학교,운영,36.93625546,126.6500418
B000005940,송산초등학교,초등학교,운영,36.93193222,126.6791646
B000005941,유곡초등학교,초등학교,운영,36.96039897,126.6948977
B000005942,고산초등학교,초등학교,운영,36.95731451,126.5727152
B000005943,고대초등학교,초등학교,운영,36.93634843,126.5939222
B000005944,삼봉초등학교,초등학교,운영,37.01333046,126.539239
B000005945,석문초등학교,초등학교,운영,36.986960,126.5893859
B000005946,천의초등학교,초등학교,운영,36.87735114,126.5730354
B000005947,정미초등학교,초등학교,운영,36.85615745,126.5541835
B000005948,조금초등학교,초등학교,운영,36.90137115,126.5000496
B000005952,북창초등학교,초등학교,운영,36.85027732,126.7643702
B000005953,순성초등학교,초등학교,운영,36.84264269,126.7104664
B000005954,우강초등학교,초등학교,운영,36.82534136,126.7888095
B000005955,초락초등학교,초등학교,운영,36.9930801,126.5104722
B000005956,삼봉초등학교난지분교장,초등학교,운영,37.04854328,126.4333797
B000005957,전주교육대학교전주부설초등학교,초등학교,운영,35.80845873,127.1511138
B000005958,전주중앙초등학교,초등학교,운영,35.81504675,127.1513304
B000005959,전주초등학교,초등학교,운영,35.82255286,127.1396496
B000005960,전주풍남초등학교,초등학교,운영,35.82100253,127.1541845
B000005961,전주남초등학교,초등학교,운영,35.80318261,127.1510675
B000005962,전주완산초등학교,초등학교,운영,35.81056438,127.1432813
B000005963,전주완산서초등학교,초등학교,운영,35.8067646,127.1336242
B000005964,전주서천초등학교,초등학교,운영,35.83217864,127.1082808
B000005965,전주화산초등학교,초등학교,운영,35.80939327,127.1299903
B000005966,전주한들초등학교,초등학교,운영,35.82139815,127.1169855
B000005967,전주대성초등학교,초등학교,운영,35.79759727,127.1777868
B000005968,전주평화초등학교,초등학교,운영,35.79945862,127.1394668
B000005969,전주문정초등학교,초등학교,운영,35.77555003,127.1280733
B000005970,전주삼천남초등학교,초등학교,운영,35.79648986,127.1237587
B000005971,전주용흥초등학교,초등학교,운영,35.79494464,127.1117956
B000005972,전주중인초등학교,초등학교,운영,35.77133085,127.0979383
B000005973,전주우림초등학교,초등학교,운영,35.80662618,127.0982863
B000005974,전주용와초등학교,초등학교,운영,35.79121932,127.1147101
B000005975,전주삼천초등학교,초등학교,운영,35.80084303,127.1236915
B000005976,전주서신초등학교,초등학교,운영,35.8296453,127.1248121
B000005977,전주서문초등학교,초등학교,운영,35.82984999,127.1120592
B000005978,전주여울초등학교,초등학교,운영,35.83743707,127.1111606
B000005979,전주서일초등학교,초등학교,운영,35.83624593,127.1147515
B000005980,전주동초등학교,초등학교,운영,35.82952144,127.1524688
B000005981,전주중산초등학교,초등학교,운영,35.81746652,127.1196127
B000005982,전주효자초등학교,초등학교,운영,35.80324965,127.1227522
B000005983,전주서원초등학교,초등학교,운영,35.80930758,127.1186619
B000005984,전주효문초등학교,초등학교,운영,35.80153545,127.1164974
B000005985,전주효림초등학교,초등학교,운영,35.80299582,127.1130419
B000005986,전주대정초등학교,초등학교,운영,35.78585162,127.1256189
B000005987,전주양지초등학교,초등학교,운영,35.79251889,127.125929
B000005988,전주신성초등학교,초등학교,운영,35.7898653,127.1338498
B000005989,전주우전초등학교,초등학교,운영,35.80597309,127.1073752
B000005990,전주서곡초등학교,초등학교,운영,35.83306061,127.1008952
B000005991,전주지곡초등학교,초등학교,운영,35.78433159,127.1329066
B000005992,전주문학초등학교,초등학교,운영,35.82825061,127.1026766
B000005993,전주금암초등학교,초등학교,운영,35.83809479,127.1368539
B000005994,전주덕진초등학교,초등학교,운영,35.84126266,127.1242898
B000005995,전주북초등학교,초등학교,운영,35.85655402,127.1515186
B000005996,전주만수초등학교,초등학교,운영,35.86298745,127.1476434
B000005997,전주초포초등학교,초등학교,운영,35.87717541,127.1397004
B000005998,전주아중초등학교,초등학교,운영,35.82769773,127.1756551
B000005999,전주기린초등학교,초등학교,운영,35.83508761,127.1591784
B000006000,전주용소초등학교,초등학교,운영,35.86268677,127.1174747
B000006001,전주신동초등학교,초등학교,운영,35.86895422,127.1266587
B000006002,전주미산초등학교,초등학교,운영,35.88395549,127.1096907
B000006003,전주팔복초등학교,초등학교,운영,35.8635417,127.0948122
B000006004,전주조촌초등학교,초등학교,운영,35.86952543,127.0758772
B000006006,전주장동초등학교,초등학교,운영,35.84928596,127.0601031
B000006007,전주반월초등학교,초등학교,운영,35.8753551,127.0737414
B000006008,전주용덕초등학교,초등학교,운영,35.87694865,127.0514662
B000006009,전주원동초등학교,초등학교,운영,35.8511411,127.0334949
B000006010,전주송북초등학교,초등학교,운영,35.86337797,127.1243496
B000006011,전주송천초등학교,초등학교,운영,35.85682245,127.1199819
B000006012,전주송원초등학교,초등학교,운영,35.86154103,127.1110038
B000006013,전주동신초등학교,초등학교,운영,35.85182009,127.1563738
B000006014,전주인봉초등학교,초등학교,운영,35.82691771,127.1650204
B000006015,전주전라초등학교,초등학교,운영,35.83919242,127.152228
B000006016,전주북일초등학교,초등학교,운영,35.84208627,127.1559492
B000006017,전주금평초등학교,초등학교,운영,35.8433282,127.1467912
B000006018,전주인후초등학교,초등학교,운영,35.8318225,127.1623981
B000006019,전주전일초등학교,초등학교,운영,35.83036037,127.1375719
B000006020,전주덕일초등학교,초등학교,운영,35.84855719,127.1117899
B000006021,전주동북초등학교,초등학교,운영,35.83899099,127.1444129
B000006022,전주진북초등학교,초등학교,운영,35.82531307,127.1320076
B000006023,전주오송초등학교,초등학교,운영,35.86597905,127.1304116
B000006024,군산아리울초등학교,초등학교,운영,35.96771396,126.7203082
B000006027,군산중앙초등학교,초등학교,운영,35.98147183,126.7162723
B000006028,군산금광초등학교,초등학교,운영,35.98219065,126.7062198
B000006030,군산흥남초등학교,초등학교,운영,35.97177485,126.7086852
B000006031,군산남초등학교,초등학교,운영,35.97826042,126.714884
B000006032,군산풍문초등학교,초등학교,운영,35.97727412,126.7187459
B000006033,군산서초등학교,초등학교,운영,35.99063512,126.7065216
B000006035,군산진포초등학교,초등학교,운영,35.96584164,126.7050252
B000006036,군산나운초등학교,초등학교,운영,35.97270666,126.6922692
B000006037,군산신흥초등학교,초등학교,운영,35.96810988,126.706831
B000006038,미룡초등학교,초등학교,운영,35.95086947,126.6851152
B000006039,군산용문초등학교,초등학교,운영,35.94228639,126.6886769
B000006040,군산수송초등학교,초등학교,운영,35.97281679,126.7164444
B000006041,군산푸른솔초등학교,초등학교,운영,35.96146082,126.7113629
B000006042,군산미장초등학교,초등학교,운영,35.96569908,126.7275065
B000006043,군산지곡초등학교,초등학교,운영,35.95759841,126.7070538
B000006044,군산동초등학교,초등학교,운영,35.96496069,126.7381229
B000006045,해성초등학교,초등학교,운영,35.95872636,126.6306434
B000006046,군산산북초등학교,초등학교,운영,35.96427778,126.681832
B000006047,군산구암초등학교,초등학교,운영,35.9807728,126.7319763
B000006048,군산신풍초등학교,초등학교,운영,35.96377098,126.6957922
B000006049,군산서해초등학교,초등학교,운영,35.95964591,126.6998994
B000006050,군산문화초등학교,초등학교,운영,35.9747088,126.7034661
B000006051,문창초등학교,초등학교,운영,35.95624713,126.6549529
B000006052,소룡초등학교,초등학교,운영,35.97466179,126.6824766
B000006053,군산경포초등학교,초등학교,운영,35.97659337,126.7347144
B000006054,군산미성초등학교,초등학교,운영,35.95792208,126.6743162
B000006056,옥구초등학교,초등학교,운영,35.9224527,126.6801779
B000006057,당북초등학교,초등학교,운영,35.94666143,126.717003
B000006058,옥산초등학교,초등학교,운영,35.94073243,126.7494349
B000006059,오봉초등학교,초등학교,운영,35.88835686,126.7255771
B000006060,회현초등학교,초등학교,운영,35.91555527,126.7525759
B000006061,성산초등학교,초등학교,운영,35.99058423,126.7858263
B000006062,창오초등학교,초등학교,운영,35.98533822,126.8168377
B000006063,나포초등학교,초등학교,운영,36.0304495,126.8336366
B000006064,대야초등학교,초등학교,운영,35.94883591,126.8181746
B000006065,대야남초등학교,초등학교,운영,35.9193117,126.8200781
B000006066,발산초등학교,초등학교,운영,35.95859858,126.7966627
B000006067,개정초등학교,초등학교,운영,35.96317048,126.7690744
B000006068,임피초등학교,초등학교,운영,35.98780018,126.8499764
B000006069,술산초등학교,초등학교,운영,35.95713333,126.8623024
B000006072,서수초등학교,초등학교,운영,35.98269619,126.8767945
B000006073,옥봉초등학교,초등학교,운영,35.92704123,126.641888
B000006078,무녀도초등학교,초등학교,운영,35.80466804,126.4237472
B000006083,이리중앙초등학교,초등학교,운영,35.93568016,126.9508726
B000006084,이리동남초등학교,초등학교,운영,35.93132058,126.9707108
B000006085,이리동산초등학교,초등학교,운영,35.93185398,126.9639742
B000006086,이리송학초등학교,초등학교,운영,35.9369867,126.9407056
B000006087,이리서초등학교,초등학교,운영,35.94527011,126.9489539
B000006088,이리남초등학교,초등학교,운영,35.91425607,126.9301944
B000006089,이리신흥초등학교,초등학교,운영,35.93481066,126.9790026
B000006090,이리마한초등학교,초등학교,운영,35.962384,126.9787336
B000006091,이리백제초등학교,초등학교,운영,35.9623371,126.9739481
B000006092,이리동초등학교,초등학교,운영,35.95764207,126.9769617
B000006093,이리북일초등학교,초등학교,운영,35.96278758,126.9592211
B000006094,이리계문초등학교,초등학교,운영,35.97365679,126.9442257
B000006095,익산초등학교,초등학교,운영,35.95459599,126.979541
B000006096,익산어양초등학교,초등학교,운영,35.96162472,126.9833593
B000006097,이리팔봉초등학교,초등학교,운영,35.96759569,127.0130223
B000006098,이리석암초등학교,초등학교,운영,35.93518731,127.0081764
B000006099,익산한벌초등학교,초등학교,운영,35.95887949,126.9945279
B000006100,익산궁동초등학교,초등학교,운영,35.96237926,126.9939129
B000006101,이리삼성초등학교,초등학교,운영,35.98832641,126.9759497
B000006102,천서초등학교,초등학교,운영,35.94618401,127.0366528
B000006103,이리북초등학교,초등학교,운영,35.95263577,126.9611933
B000006104,이리남창초등학교,초등학교,운영,35.94520028,126.953875
B000006105,익산옥야초등학교,초등학교,운영,35.92227222,126.959991
B000006106,이리초등학교,초등학교,운영,35.93866494,126.9594139
B000006107,이리고현초등학교,초등학교,운영,35.95210271,126.9468976
B000006108,이리모현초등학교,초등학교,운영,35.94552389,126.9399632
B000006109,이리부천초등학교,초등학교,운영,35.95655039,126.9855239
B000006110,이리부송초등학교,초등학교,운영,35.95523555,126.9937055
B000006111,이리신동초등학교,초등학교,운영,35.96164474,126.9672193
B000006112,이리동북초등학교,초등학교,운영,35.94912628,126.9690244
B000006113,이리영등초등학교,초등학교,운영,35.95300377,126.9723737
B000006114,다송초등학교,초등학교,운영,36.04144728,126.9550746
B000006115,함열초등학교,초등학교,운영,36.07786198,126.966003
B000006116,황등남초등학교,초등학교,운영,36.0033501,126.9387491
B000006117,용산초등학교,초등학교,운영,36.04017955,126.938305
B000006118,황등초등학교,초등학교,운영,36.009277,126.9451566
B000006119,삼기초등학교,초등학교,운영,36.02006653,126.9854993
B000006120,석불초등학교,초등학교,운영,36.02994903,127.005968
B000006121,웅포초등학교,초등학교,운영,36.0650017,126.8782942
B000006122,함라초등학교,초등학교,운영,36.05926101,126.9109042
B000006123,성당초등학교,초등학교,운영,36.1000014,126.9262099
B000006125,용안초등학교,초등학교,운영,36.12068685,126.954445
B000006126,용남초등학교,초등학교,운영,36.09555238,126.9626158
B000006127,용북초등학교,초등학교,운영,36.13432786,126.9477189
B000006128,흥왕초등학교,초등학교,운영,36.10502448,126.9965489
B000006129,성북초등학교,초등학교,운영,36.1465224,127.0081046
B000006130,망성초등학교,초등학교,운영,36.12069957,127.0286424
B000006131,용성초등학교,초등학교,운영,36.05656593,126.9996425
B000006132,낭산초등학교,초등학교,운영,36.0666994,127.0149858
B000006133,금마초등학교,초등학교,운영,35.99106771,127.055920
B000006134,미륵초등학교,초등학교,운영,36.00138197,127.0226167
B000006135,오산남초등학교,초등학교,운영,35.92784436,126.8934248
B000006136,영만초등학교,초등학교,운영,35.94770926,126.9309766
B000006137,오산초등학교,초등학교,운영,35.94190381,126.9158496
B000006138,여산초등학교,초등학교,운영,36.05857695,127.0876745
B000006139,왕궁초등학교,초등학교,운영,35.96630478,127.0898836
B000006140,왕북초등학교,초등학교,운영,35.99101532,127.1040758
B000006141,왕궁남초등학교,초등학교,운영,35.92708238,127.0755188
B000006142,춘포초등학교,초등학교,운영,35.90170167,127.0107764
B000006143,영산초등학교,초등학교,운영,35.59908625,126.8625184
B000006144,정읍동초등학교,초등학교,운영,35.56695559,126.8620383
B000006145,동신초등학교,초등학교,운영,35.55834349,126.8650518
B000006146,정읍남초등학교,초등학교,운영,35.56040042,126.8491459
B000006147,정읍북초등학교,초등학교,운영,35.57908609,126.8490501
B000006148,서신초등학교,초등학교,운영,35.56334996,126.8217716
B000006149,교암초등학교,초등학교,운영,35.52603685,126.8457849
B000006150,내장초등학교,초등학교,운영,35.53504252,126.8930989
B000006151,정일초등학교,초등학교,운영,35.58979214,126.8199201
B000006152,한솔초등학교,초등학교,운영,35.56149114,126.8731418
B000006153,정읍초등학교,초등학교,운영,35.58784148,126.8635952
B000006154,정읍수성초등학교,초등학교,운영,35.58437716,126.857349
B000006155,정읍서초등학교,초등학교,운영,35.57046845,126.8474924
B000006156,신태인초등학교,초등학교,운영,35.68619174,126.8896769
B000006157,보성초등학교,초등학교,운영,35.60334076,126.9278565
B000006158,북면초등학교,초등학교,운영,35.60314489,126.8882648
B000006159,정우초등학교,초등학교,운영,35.65195192,126.8798099
B000006160,정남초등학교,초등학교,운영,35.62208315,126.8644279
B000006162,덕천초등학교,초등학교,운영,35.62081047,126.8442762
B000006163,이평초등학교,초등학교,운영,35.66231646,126.8385969
B000006164,영원초등학교,초등학교,운영,35.65552711,126.7836134
B000006166,고부초등학교,초등학교,운영,35.62075142,126.7722149
B000006167,소성초등학교,초등학교,운영,35.55442787,126.777239
B000006168,입암초등학교,초등학교,운영,35.50551794,126.7968706
B000006169,대흥초등학교,초등학교,운영,35.52520002,126.8079807
B000006170,능교초등학교,초등학교,운영,35.56762269,127.0317155
B000006171,감곡초등학교,초등학교,운영,35.71813902,126.9255381
B000006172,태인초등학교,초등학교,운영,35.65381454,126.9466315
B000006173,옹동초등학교,초등학교,운영,35.64728052,126.9763458
B000006174,백암초등학교,초등학교,운영,35.61175953,126.9502612
B000006175,칠보초등학교,초등학교,운영,35.60649429,126.9899785
B000006176,산외초등학교,초등학교,운영,35.62040891,127.0404365
B000006178,수곡초등학교,초등학교,운영,35.56783407,126.9585692
B000006179,남원교룡초등학교,초등학교,운영,35.41665571,127.3782083
B000006180,남원노암초등학교,초등학교,운영,35.39594928,127.3764888
B000006181,남원왕치초등학교,초등학교,운영,35.43458682,127.3822648
B000006182,남원도통초등학교,초등학교,운영,35.413792,127.3947577
B000006183,남원중앙초등학교,초등학교,운영,35.41299312,127.3901121
B000006184,남원월락초등학교,초등학교,운영,35.42367061,127.4044804
B000006185,인월초등학교,초등학교,운영,35.46409032,127.6018315
B000006186,남원초등학교,초등학교,운영,35.40242332,127.3746726
B000006187,남원용성초등학교,초등학교,운영,35.40936565,127.3798565
B000006188,운봉초등학교,초등학교,운영,35.44128653,127.5330641
B000006189,보절초등학교,초등학교,운영,35.51427905,127.4006298
B000006190,원천초등학교,초등학교,운영,35.38845557,127.4454244
B000006191,이백초등학교,초등학교,운영,35.42974152,127.4612147
B000006192,오동초등학교,초등학교,운영,35.42730863,127.4233385
B000006193,산내초등학교,초등학교,운영,35.41992104,127.6275656
B000006194,아영초등학교,초등학교,운영,35.50589395,127.6097024
B000006195,산동초등학교,초등학교,운영,35.49231232,127.4767197
B000006196,사매초등학교,초등학교,운영,35.49953263,127.3604016
B000006197,덕과초등학교,초등학교,운영,35.51421746,127.3537633
B000006198,수지초등학교,초등학교,운영,35.33700444,127.3735189
B000006199,송동초등학교,초등학교,운영,35.35528251,127.3361893
B000006200,주생초등학교,초등학교,운영,35.38325303,127.325880
B000006201,금지초등학교,초등학교,운영,35.33345585,127.2934695
B000006203,대강초등학교,초등학교,운영,35.34630332,127.229151
B000006204,남원대산초등학교,초등학교,운영,35.43207083,127.3270162
B000006205,남원서원초등학교,초등학교,운영,35.4046548,127.3434735
B000006206,김제북초등학교,초등학교,운영,35.81496393,126.9338485
B000006207,백석초등학교,초등학교,운영,35.82867224,126.893416
B000006208,월성초등학교,초등학교,운영,35.76016231,126.910175
B000006209,월촌초등학교,초등학교,운영,35.7891504,126.8681157
B000006210,김제검산초등학교,초등학교,운영,35.80626934,126.8999237
B000006211,김제동초등학교,초등학교,운영,35.79479281,126.9009833
B000006212,김제중앙초등학교,초등학교,운영,35.8009089,126.8887509
B000006213,김제초등학교,초등학교,운영,35.80175343,126.887372
B000006214,청하초등학교,초등학교,운영,35.89335357,126.8586861
B000006215,만경초등학교,초등학교,운영,35.8541727,126.8229525
B000006216,벽량초등학교,초등학교,운영,35.73014148,126.8481832
B000006217,죽산초등학교,초등학교,운영,35.77239966,126.8176645
B000006218,성덕초등학교,초등학교,운영,35.82015047,126.807215
B000006219,광활초등학교,초등학교,운영,35.8339488,126.7403601
B000006220,진봉초등학교,초등학교,운영,35.84731438,126.7831996
B000006222,종정초등학교,초등학교,운영,35.85217451,126.9053671
B000006223,난산초등학교,초등학교,운영,35.8774561,126.9958992
B000006224,백구초등학교,초등학교,운영,35.88643131,126.9702089
B000006225,치문초등학교,초등학교,운영,35.90638956,126.9362332
B000006226,부용초등학교,초등학교,운영,35.87623076,126.951677
B000006227,공덕초등학교,초등학교,운영,35.89465475,126.9116039
B000006228,황강초등학교,초등학교,운영,35.87608915,126.9246759
B000006229,남양초등학교,초등학교,운영,35.78316833,126.974558
B000006230,황산초등학교,초등학교,운영,35.79637779,126.9446909
B000006231,금구초등학교,초등학교,운영,35.7744982,127.0125018
B000006232,청운초등학교,초등학교,운영,35.81054766,126.9826412
B000006233,봉남초등학교,초등학교,운영,35.76382853,126.952235
B000006234,초처초등학교,초등학교,운영,35.73907155,126.9548912
B000006235,금산초등학교,초등학교,운영,35.72072233,127.0321781
B000006238,원평초등학교,초등학교,운영,35.71738385,126.9944178
B000006239,용지초등학교,초등학교,운영,35.85413529,126.9586371
B000006240,비룡초등학교,초등학교,운영,35.84412437,126.9898157
B000006241,용동초등학교,초등학교,운영,35.85457978,127.003365
B000006242,삼례중앙초등학교,초등학교,운영,35.91952201,127.0815038
B000006244,삼례초등학교,초등학교,운영,35.9107679,127.0688479
B000006246,봉성초등학교,초등학교,운영,35.92298566,127.1549096
B000006247,용봉초등학교,초등학교,운영,35.90580105,127.1559487
B000006248,봉서초등학교,초등학교,운영,35.96231406,127.1251474
B000006249,봉동초등학교,초등학교,운영,35.93849374,127.1621833
B000006250,간중초등학교,초등학교,운영,35.89126699,127.1817903
B000006251,용진초등학교,초등학교,운영,35.85750982,127.1769587
B000006252,대덕초등학교,초등학교,운영,35.66076431,127.1106128
B000006253,청명초등학교,초등학교,운영,35.7516826,127.1250329
B000006254,태봉초등학교,초등학교,운영,35.7455962,127.1496079
B000006255,구이초등학교,초등학교,운영,35.7209104,127.1186562
B000006256,남관초등학교,초등학교,운영,35.72331461,127.2336338
B000006257,상관초등학교,초등학교,운영,35.77231085,127.2059173
B000006258,송광초등학교,초등학교,운영,35.88560926,127.245242
B000006259,소양서초등학교,초등학교,운영,35.8598927,127.2106093
B000006260,동양초등학교,초등학교,운영,35.84407494,127.2712298
B000006261,소양초등학교,초등학교,운영,35.85688149,127.2342029
B000006262,이성초등학교,초등학교,운영,35.79757103,127.0450394
B000006263,이서초등학교,초등학교,운영,35.82001346,127.0248579
B000006264,삼우초등학교,초등학교,운영,35.9673005,127.1805596
B000006265,고산초등학교,초등학교,운영,35.97543375,127.2141308
B000006266,비봉초등학교,초등학교,운영,35.99799132,127.1395036
B000006267,화산초등학교,초등학교,운영,36.03522699,127.2040183
B000006268,운주초등학교,초등학교,운영,36.09215567,127.277917
B000006269,가천초등학교,초등학교,운영,36.03286211,127.2642321
B000006271,동상초등학교,초등학교,운영,35.95777997,127.2937521
B000006272,오천초등학교,초등학교,운영,35.77627462,127.4928803
B000006273,진안중앙초등학교,초등학교,운영,35.79574813,127.4361866
B000006274,진안초등학교,초등학교,운영,35.79123409,127.4241464
B000006275,조림초등학교,초등학교,운영,35.87246256,127.4302902
B000006276,주천초등학교,초등학교,운영,35.9764169,127.4262607
B000006277,안천초등학교,초등학교,운영,35.90029728,127.5601694
B000006278,동향초등학교,초등학교,운영,35.83944175,127.5656987
B000006279,마령초등학교,초등학교,운영,35.73550676,127.3691924
B000006280,백운초등학교,초등학교,운영,35.69173286,127.3992627
B000006281,외궁초등학교,초등학교,운영,35.70655516,127.3259108
B000006282,부귀초등학교,초등학교,운영,35.83740299,127.3608077
B000006283,장승초등학교,초등학교,운영,35.79937969,127.3345875
B000006284,송풍초등학교,초등학교,운영,35.9652011,127.5185427
B000006285,무주초등학교,초등학교,운영,36.01027836,127.6603152
B000006286,무주중앙초등학교,초등학교,운영,36.01276658,127.6645466
B000006287,설천초등학교,초등학교,운영,36.00928507,127.7888836
B000006288,무풍초등학교,초등학교,운영,35.96756925,127.848361
B000006289,적상초등학교,초등학교,운영,35.93175778,127.6558167
B000006290,안성초등학교,초등학교,운영,35.86576627,127.6553047
B000006291,구천초등학교,초등학교,운영,35.90923733,127.7771967
B000006292,괴목초등학교,초등학교,운영,35.9466345,127.7160372
B000006293,부남초등학교,초등학교,운영,35.97290779,127.5597288
B000006294,부당초등학교,초등학교,운영,36.01559786,127.5802828
B000006295,수남초등학교,초등학교,운영,35.6253493,127.5073013
B000006296,장수초등학교,초등학교,운영,35.64829382,127.5226281
B000006297,번암초등학교,초등학교,운영,35.53434901,127.5470425
B000006298,산서초등학교,초등학교,운영,35.5878591,127.3952909
B000006299,계남초등학교,초등학교,운영,35.70217071,127.577846
B000006300,장계초등학교,초등학교,운영,35.73154157,127.5820143
B000006301,천천초등학교,초등학교,운영,35.73553877,127.5335668
B000006302,계북초등학교,초등학교,운영,35.78718361,127.6175041
B000006304,임실기림초등학교,초등학교,운영,35.62896743,127.2898513
B000006305,임실초등학교,초등학교,운영,35.60726306,127.2707555
B000006306,관촌초등학교,초등학교,운영,35.67655579,127.270434
B000006307,대리초등학교,초등학교,운영,35.65975688,127.269925
B000006308,신평초등학교,초등학교,운영,35.65760459,127.2263267
B000006310,마암초등학교,초등학교,운영,35.60310732,127.1045917
B000006311,운암초등학교,초등학교,운영,35.66390758,127.1564253
B000006312,청웅초등학교,초등학교,운영,35.57142583,127.2049038
B000006313,갈담초등학교,초등학교,운영,35.53183596,127.1659993
B000006314,덕치초등학교,초등학교,운영,35.49562323,127.1481295
B000006315,성수초등학교,초등학교,운영,35.6297244,127.3303375
B000006316,오수초등학교,초등학교,운영,35.54270606,127.3273432
B000006317,삼계초등학교,초등학교,운영,35.50688093,127.2772255
B000006318,지사초등학교,초등학교,운영,35.56432033,127.3566615
B000006319,옥천초등학교,초등학교,운영,35.37302512,127.1464854
B000006320,순창중앙초등학교,초등학교,운영,35.37769818,127.1445028
B000006321,순창초등학교,초등학교,운영,35.37514363,127.1391902
B000006322,적성초등학교,초등학교,운영,35.39793881,127.2095532
B000006323,동계초등학교,초등학교,운영,35.44079904,127.2400533
B000006324,유등초등학교,초등학교,운영,35.36210949,127.1884292
B000006325,풍산초등학교,초등학교,운영,35.33714861,127.1380791
B000006326,금과초등학교,초등학교,운영,35.33996644,127.0871534
B000006327,팔덕초등학교,초등학교,운영,35.39289622,127.0976555
B000006328,구림초등학교,초등학교,운영,35.45297226,127.100401
B000006329,복흥초등학교,초등학교,운영,35.43121875,126.9319795
B000006330,쌍치초등학교,초등학교,운영,35.50160511,127.0026687
B000006331,인계초등학교,초등학교,운영,35.41427145,127.1589261
B000006332,동산초등학교,초등학교,운영,35.45593279,126.9204916
B000006333,시산초등학교,초등학교,운영,35.49136038,126.9813806
B000006334,고창초등학교,초등학교,운영,35.43636851,126.703322
B000006335,고창남초등학교,초등학교,운영,35.42919412,126.6975415
B000006336,성내초등학교,초등학교,운영,35.53805506,126.7447764
B000006337,흥덕초등학교,초등학교,운영,35.51965176,126.701510
B000006338,신림초등학교,초등학교,운영,35.49424843,126.7001969
B000006339,고수초등학교,초등학교,운영,35.40447498,126.6859986
B000006340,성송초등학교,초등학교,운영,35.35625104,126.6435418
B000006341,대산초등학교,초등학교,운영,35.32857453,126.5637267
B000006342,매산초등학교,초등학교,운영,35.34022886,126.5945381
B000006344,공음초등학교,초등학교,운영,35.3768941,126.5114306
B000006345,무장초등학교,초등학교,운영,35.41440168,126.5644772
B000006346,동호초등학교,초등학교,운영,35.50756379,126.4941685
B000006347,해리초등학교,초등학교,운영,35.4659049,126.5359774
B000006348,상하초등학교,초등학교,운영,35.44443328,126.4880367
B000006349,심원초등학교,초등학교,운영,35.52571291,126.5523901
B000006350,대아초등학교,초등학교,운영,35.43949724,126.6335135
B000006351,아산초등학교,초등학교,운영,35.48332243,126.6054618
B000006352,고창부안초등학교,초등학교,운영,35.51185576,126.6632169
B000006353,봉암초등학교,초등학교,운영,35.55832647,126.6277495
B000006354,가평초등학교,초등학교,운영,35.47791066,126.738514
B000006355,부안초등학교,초등학교,운영,35.72802981,126.7340266
B000006356,부안남초등학교,초등학교,운영,35.70209371,126.7343654
B000006357,부안동초등학교,초등학교,운영,35.71639463,126.7383324
B000006358,동진초등학교,초등학교,운영,35.75233638,126.7430445
B000006359,동북초등학교,초등학교,운영,35.77573678,126.7308938
B000006361,창북초등학교,초등학교,운영,35.76227237,126.6941612
B000006362,행안초등학교,초등학교,운영,35.71986766,126.7168239
B000006366,격포초등학교,초등학교,운영,35.62524514,126.4743847
B000006367,변산초등학교,초등학교,운영,35.66251905,126.5280199
B000006368,우덕초등학교,초등학교,운영,35.68361214,126.6761647
B000006369,상서초등학교,초등학교,운영,35.70784637,126.6599137
B000006370,영전초등학교,초등학교,운영,35.6117248,126.6697575
B000006371,줄포초등학교,초등학교,운영,35.59193076,126.6809229
B000006372,곰소초등학교,초등학교,운영,35.596183,126.5995936
B000006373,주산초등학교,초등학교,운영,35.66647663,126.7146639
B000006374,백룡초등학교,초등학교,운영,35.71883494,126.8100597
B000006375,백산초등학교,초등학교,운영,35.70207422,126.7881032
B000006376,위도초등학교,초등학교,운영,35.59607225,126.2923328
B000006379,목포서산초등학교,초등학교,운영,34.78207321,126.374876
B000006380,목포유달초등학교,초등학교,운영,34.78528417,126.379525
B000006381,목포남초등학교,초등학교,운영,34.79171024,126.3915809
B000006382,목포중앙초등학교,초등학교,운영,34.79530348,126.3855154
B000006383,목포북교초등학교,초등학교,운영,34.79579781,126.3776929
B000006384,목포대성초등학교,초등학교,운영,34.79969623,126.3797871
B000006385,목포산정초등학교,초등학교,운영,34.80147619,126.3903242
B000006386,목포연동초등학교,초등학교,운영,34.79682313,126.3949956
B000006387,목포서부초등학교,초등학교,운영,34.8036042,126.3721384
B000006388,목포용호초등학교,초등학교,운영,34.79969579,126.4009368
B000006389,목포서해초등학교,초등학교,운영,34.81046663,126.3811008
B000006390,목포연산초등학교,초등학교,운영,34.81098142,126.3807697
B000006391,목포대연초등학교,초등학교,운영,34.82081753,126.3991809
B000006392,목포한빛초등학교,초등학교,운영,34.80359383,126.4223053
B000006393,목포하당초등학교,초등학교,운영,34.80668423,126.4191416
B000006394,목포상동초등학교,초등학교,운영,34.8139865,126.4113702
B000006395,목포애향초등학교,초등학교,운영,34.808847,126.4415076
B000006396,목포영산초등학교,초등학교,운영,34.80804601,126.4499952
B000006397,목포옥암초등학교,초등학교,운영,34.81132458,126.4529571
B000006398,목포미항초등학교,초등학교,운영,34.80130085,126.4393875
B000006399,목포부영초등학교,초등학교,운영,34.80311132,126.4340543
B000006400,목포동초등학교,초등학교,운영,34.81005004,126.387662
B000006401,목포삼학초등학교,초등학교,운영,34.79100802,126.4008226
B000006402,목포항도초등학교,초등학교,운영,34.81610097,126.4153938
B000006403,목포신흥초등학교,초등학교,운영,34.79940669,126.4246583
B000006404,목포임성초등학교,초등학교,운영,34.8246294,126.4354617
B000006405,목포석현초등학교,초등학교,운영,34.81497858,126.4245201
B000006406,목포청호초등학교,초등학교,운영,34.81028938,126.4278786
B000006407,목포이로초등학교,초등학교,운영,34.80511875,126.4068368
B000006408,목포용해초등학교,초등학교,운영,34.81858406,126.3969949
B000006412,죽림초등학교,초등학교,운영,34.76627777,127.6378962
B000006413,여수종고초등학교,초등학교,운영,34.7498493,127.7436519
B000006414,여수동초등학교,초등학교,운영,34.74702083,127.7405576
B000006415,여수중앙초등학교,초등학교,운영,34.74109415,127.7445079
B000006416,여수남산초등학교,초등학교,운영,34.73730763,127.7299173
B000006417,여수서초등학교,초등학교,운영,34.7407915,127.7249875
B000006418,여수봉산초등학교,초등학교,운영,34.73549535,127.7272231
B000006419,여수남초등학교,초등학교,운영,34.73149324,127.7208239
B000006420,여수구봉초등학교,초등학교,운영,34.73654301,127.714896
B000006421,여수신월초등학교,초등학교,운영,34.72724441,127.7138894
B000006422,여수문수초등학교,초등학교,운영,34.75123041,127.6942465
B000006423,여수북초등학교,초등학교,운영,34.77786361,127.742980
B000006424,여수양지초등학교,초등학교,운영,34.77282882,127.701083
B000006425,여수미평초등학교,초등학교,운영,34.76400145,127.7067081
B000006426,여수부영초등학교,초등학교,운영,34.74592027,127.7008722
B000006427,여수진남초등학교,초등학교,운영,34.7525861,127.7268795
B000006428,여수여문초등학교,초등학교,운영,34.75590032,127.7099465
B000006429,여수한려초등학교,초등학교,운영,34.75609365,127.703696
B000006430,여수좌수영초등학교,초등학교,운영,34.75260395,127.6926971
B000006431,무선초등학교,초등학교,운영,34.77232437,127.6460959
B000006432,시전초등학교,초등학교,운영,34.75674017,127.6714081
B000006433,도원초등학교,초등학교,운영,34.76482502,127.6504956
B000006434,안심초등학교,초등학교,운영,34.73997649,127.6464509
B000006435,소호초등학교,초등학교,운영,34.74724451,127.6543449
B000006436,웅천초등학교,초등학교,운영,34.74995596,127.6743149
B000006437,성산초등학교,초등학교,운영,34.77694732,127.6405096
B000006438,여천초등학교,초등학교,운영,34.78812434,127.6545391
B000006439,상암초등학교,초등학교,운영,34.82628803,127.7312644
B000006440,신기초등학교,초등학교,운영,34.76088349,127.6755727
B000006441,쌍봉초등학교,초등학교,운영,34.76413649,127.6682167
B000006442,여도초등학교,초등학교,운영,34.7841399,127.6943999
B000006445,백초초등학교,초등학교,운영,34.72950215,127.7444558
B000006446,동백초등학교,초등학교,운영,34.71753966,127.7531897
B000006447,돌산초등학교,초등학교,운영,34.61744899,127.7287764
B000006448,봉덕초등학교,초등학교,운영,34.64184228,127.7779807
B000006451,관기초등학교,초등학교,운영,34.74976816,127.6265965
B000006452,소라초등학교,초등학교,운영,34.79614617,127.6307344
B000006453,나진초등학교,초등학교,운영,34.70909083,127.6122169
B000006454,화양초등학교,초등학교,운영,34.68651944,127.5946105
B000006455,율촌초등학교,초등학교,운영,34.88215561,127.5765143
B000006456,신풍초등학교,초등학교,운영,34.84351525,127.6100251
B000006457,소라초등학교소라남분교장,초등학교,운영,34.76131964,127.6080119
B000006458,소라초등학교사곡분교장,초등학교,운영,34.78755429,127.5827272
B000006463,안일초등학교,초등학교,운영,34.64006984,127.6265818
B000006464,화정초등학교,초등학교,운영,34.57068963,127.6596288
B000006465,여남초등학교,초등학교,운영,34.51213296,127.7668038
B000006472,상암초등학교묘도분교장,초등학교,운영,34.87574075,127.7095454
B000006474,안일초등학교백야분교장,초등학교,운영,34.62154056,127.6392772
B000006477,돌산초등학교두라분교장,초등학교,운영,34.56880889,127.7348207
B000006484,순천북초등학교,초등학교,운영,34.96452429,127.4837201
B000006485,순천연향초등학교,초등학교,운영,34.94370333,127.5169694
B000006486,순천부영초등학교,초등학교,운영,34.94685099,127.5199164
B000006487,순천율산초등학교,초등학교,운영,34.93877026,127.525558
B000006488,순천남초등학교,초등학교,운영,34.95083261,127.4825505
B000006489,순천도사초등학교,초등학교,운영,34.9138432,127.5002293
B000006491,순천왕조초등학교,초등학교,운영,34.96068279,127.5138625
B000006492,순천봉화초등학교,초등학교,운영,34.9566722,127.5139387
B000006493,순천비봉초등학교,초등학교,운영,34.96653246,127.5187576
B000006494,순천조례초등학교,초등학교,운영,34.95606289,127.522479
B000006495,순천신흥초등학교,초등학교,운영,34.95399932,127.528059
B000006496,순천왕운초등학교,초등학교,운영,34.97384789,127.5253017
B000006497,순천성남초등학교,초등학교,운영,34.94242419,127.4896402
B000006498,순천성동초등학교,초등학교,운영,34.95433182,127.4866707
B000006499,순천삼산초등학교,초등학교,운영,34.96665916,127.4882643
B000006500,순천향림초등학교,초등학교,운영,34.9736355,127.4740347
B000006501,순천용당초등학교,초등학교,운영,34.9755721,127.4899534
B000006502,순천왕지초등학교,초등학교,운영,34.95705413,127.534497
B000006503,순천중앙초등학교,초등학교,운영,34.94229501,127.5005092
B000006504,순천남산초등학교,초등학교,운영,34.93854622,127.4953675
B000006505,순천대석초등학교,초등학교,운영,34.94345276,127.5257459
B000006506,순천풍덕초등학교,초등학교,운영,34.93360933,127.5125207
B000006507,순천이수초등학교,초등학교,운영,34.95034339,127.5117201
B000006508,승주초등학교,초등학교,운영,35.0172223,127.380161
B000006509,동산초등학교,초등학교,운영,34.99383659,127.4943051
B000006510,황전초등학교,초등학교,운영,35.10107982,127.4301357
B000006511,월등초등학교,초등학교,운영,35.09273259,127.3778723
B000006512,주암초등학교,초등학교,운영,35.07682225,127.2396513
B000006513,창촌초등학교,초등학교,운영,35.06045691,127.2772973
B000006514,팔마초등학교,초등학교,운영,34.95013238,127.5311411
B000006515,해룡초등학교,초등학교,운영,34.91265972,127.5355029
B000006516,동명초등학교,초등학교,운영,34.94809003,127.5271918
B000006517,상사초등학교,초등학교,운영,34.94378905,127.4453763
B000006518,송산초등학교,초등학교,운영,34.85013762,127.4162533
B000006519,별량초등학교,초등학교,운영,34.87574964,127.4521136
B000006520,낙안초등학교,초등학교,운영,34.90922425,127.3428744
B000006521,외서초등학교,초등학교,운영,34.91607164,127.2739432
B000006522,외서초등학교송광분교장,초등학교,운영,34.96121555,127.2669769
B000006527,나주중앙초등학교,초등학교,운영,35.03907903,126.7187473
B000006528,나주초등학교,초등학교,운영,35.0277614,126.7189162
B000006529,나주북초등학교,초등학교,운영,35.04811858,126.7277708
B000006530,영강초등학교,초등학교,운영,35.00697423,126.7125668
B000006531,영산포초등학교,초등학교,운영,34.99410988,126.7150077
B000006532,남평초등학교,초등학교,운영,35.04294525,126.8450952
B000006533,노안초등학교,초등학교,운영,35.08058678,126.7183105
B000006534,노안남초등학교,초등학교,운영,35.06767017,126.751206
B000006535,금천초등학교,초등학교,운영,35.03431139,126.7546329
B000006536,산포초등학교,초등학교,운영,35.03344695,126.8061216
B000006537,봉황초등학교,초등학교,운영,34.95765349,126.7881463
B000006538,다도초등학교,초등학교,운영,34.95792185,126.8265124
B000006539,세지초등학교,초등학교,운영,34.91939667,126.7474347
B000006540,양산초등학교,초등학교,운영,34.97023065,126.7056739
B000006541,왕곡초등학교,초등학교,운영,34.96366649,126.654988
B000006542,공산초등학교,초등학교,운영,34.9415827,126.6135064
B000006543,동강초등학교,초등학교,운영,34.93844915,126.5645388
B000006544,반남초등학교,초등학교,운영,34.91199768,126.6589649
B000006545,다시초등학교,초등학교,운영,35.01776043,126.6399994
B000006546,문평초등학교,초등학교,운영,35.05875584,126.6033097
B000006548,골약초등학교,초등학교,운영,34.91051134,127.6609604
B000006549,성황초등학교,초등학교,운영,34.94027734,127.6829377
B000006550,광양마동초등학교,초등학교,운영,34.95549419,127.6891258
B000006551,광양가야초등학교,초등학교,운영,34.96704652,127.7127294
B000006552,광영초등학교,초등학교,운영,34.96363224,127.7207773
B000006553,광양중앙초등학교,초등학교,운영,34.94565129,127.6938054
B000006554,광양중마초등학교,초등학교,운영,34.94744474,127.6859808
B000006555,광양중진초등학교,초등학교,운영,34.93270942,127.6927934
B000006556,광양백운초등학교,초등학교,운영,34.93736999,127.6918725
B000006557,광양중동초등학교,초등학교,운영,34.93330608,127.6960212
B000006558,태인초등학교,초등학교,운영,34.94596703,127.743948
B000006559,광양제철초등학교,초등학교,운영,34.94597436,127.7297225
B000006560,광양제철남초등학교,초등학교,운영,34.93404133,127.7205274
B000006561,광양용강초등학교,초등학교,운영,34.97577009,127.6104747
B000006563,광양덕례초등학교,초등학교,운영,34.9687521,127.5702953
B000006564,세풍초등학교,초등학교,운영,34.94394605,127.5822252
B000006565,광양북초등학교,초등학교,운영,34.97691665,127.5938584
B000006566,광양서초등학교,초등학교,운영,34.97200594,127.5832672
B000006567,광양동초등학교,초등학교,운영,34.97116552,127.586744
B000006568,광양칠성초등학교,초등학교,운영,34.97942564,127.5786744
B000006569,봉강초등학교,초등학교,운영,35.01223171,127.5809482
B000006570,옥룡북초등학교,초등학교,운영,35.04164541,127.6164125
B000006571,옥룡초등학교,초등학교,운영,35.01583924,127.6184125
B000006572,옥곡초등학교,초등학교,운영,34.99090412,127.6960009
B000006573,진상초등학교,초등학교,운영,35.02005784,127.7165222
B000006576,다압초등학교,초등학교,운영,35.12126772,127.6914758
B000006578,담주초등학교,초등학교,운영,35.30066059,126.9761908
B000006579,담양동초등학교,초등학교,운영,35.32030646,126.983573
B000006580,담양남초등학교,초등학교,운영,35.31815859,126.9865635
B000006581,금성초등학교,초등학교,운영,35.34476228,127.0247891
B000006582,용면초등학교,초등학교,운영,35.36351272,126.9900463
B000006583,월산초등학교,초등학교,운영,35.34066021,126.9505438
B000006584,무정초등학교,초등학교,운영,35.29084847,127.0403349
B000006585,봉산초등학교,초등학교,운영,35.27716017,126.9570887
B000006586,고서초등학교,초등학교,운영,35.22463672,126.9736336
B000006587,가사문학초등학교,초등학교,운영,35.17821105,127.0264237
B000006588,창평초등학교,초등학교,운영,35.24075371,127.0187413
B000006589,만덕초등학교,초등학교,운영,35.24933453,127.0356302
B000006590,수북초등학교,초등학교,운영,35.30120545,126.9301515
B000006591,한재초등학교,초등학교,운영,35.27851184,126.8892583
B000006593,곡성중앙초등학교,초등학교,운영,35.28496935,127.2915493
B000006594,고달초등학교,초등학교,운영,35.29669226,127.3420813
B000006595,죽곡초등학교,초등학교,운영,35.15328594,127.3180357
B000006596,석곡초등학교,초등학교,운영,35.13498905,127.2534001
B000006597,삼기초등학교,초등학교,운영,35.2367768,127.2092089
B000006598,옥과초등학교,초등학교,운영,35.27757742,127.1435075
B000006599,오산초등학교,초등학교,운영,35.23903564,127.1210694
B000006600,입면초등학교,초등학교,운영,35.30660498,127.1852577
B000006601,구례중앙초등학교,초등학교,운영,35.20407439,127.4648798
B000006602,구례북초등학교,초등학교,운영,35.21010054,127.4596048
B000006603,문척초등학교,초등학교,운영,35.19214636,127.4898958
B000006604,용방초등학교,초등학교,운영,35.25072657,127.4331235
B000006605,중동초등학교,초등학교,운영,35.31854336,127.4658329
B000006606,원촌초등학교,초등학교,운영,35.3162475,127.4387736
B000006607,광의초등학교,초등학교,운영,35.25937074,127.4457859
B000006608,청천초등학교,초등학교,운영,35.22136646,127.4875833
B000006609,토지초등학교,초등학교,운영,35.19720195,127.5278302
B000006610,간문초등학교,초등학교,운영,35.17740528,127.5421012
B000006612,고흥동초등학교,초등학교,운영,34.60816846,127.2913551
B000006613,녹동초등학교,초등학교,운영,34.52957742,127.1398098
B000006614,점암초등학교,초등학교,운영,34.65221284,127.3816019
B000006615,과역초등학교,초등학교,운영,34.68041501,127.3575871
B000006616,남양초등학교,초등학교,운영,34.72892065,127.3546307
B000006617,동강초등학교,초등학교,운영,34.78220706,127.3326067
B000006618,대서초등학교,초등학교,운영,34.77256018,127.2838518
B000006619,두원초등학교,초등학교,운영,34.64741494,127.2758084
B000006620,포두초등학교,초등학교,운영,34.56941232,127.3407178
B000006621,도화초등학교,초등학교,운영,34.51119136,127.3184628
B000006622,풍남초등학교,초등학교,운영,34.52363116,127.2445032
B000006623,풍양초등학교,초등학교,운영,34.5756492,127.2435938
B000006624,도덕초등학교,초등학교,운영,34.5672727,127.1740985
B000006625,봉래초등학교,초등학교,운영,34.46915806,127.4659162
B000006628,영남초등학교,초등학교,운영,34.60371858,127.4550231
B000006629,금산초등학교,초등학교,운영,34.46167859,127.1288838
B000006630,백양초등학교,초등학교,운영,34.50384983,127.4662583
B000006636,보성초등학교,초등학교,운영,34.77187605,127.0780274
B000006637,보성남초등학교,초등학교,운영,34.77008423,127.0784261
B000006638,낙성초등학교,초등학교,운영,34.87688396,127.3137967
B000006639,벌교초등학교,초등학교,운영,34.84399454,127.3424333
B000006640,벌교중앙초등학교,초등학교,운영,34.83769051,127.342322
B000006642,미력초등학교,초등학교,운영,34.79989045,127.0858575
B000006643,복내초등학교,초등학교,운영,34.89871886,127.1282108
B000006644,문덕초등학교,초등학교,운영,34.91973602,127.1753535
B000006645,율어초등학교,초등학교,운영,34.8724607,127.1857594
B000006646,겸백초등학교,초등학교,운영,34.8314239,127.1510822
B000006647,회천초등학교,초등학교,운영,34.67280083,127.0850726
B000006650,조성남초등학교,초등학교,운영,34.7899804,127.215023
B000006651,조성초등학교,초등학교,운영,34.81022654,127.2486624
B000006652,득량남초등학교,초등학교,운영,34.75200007,127.1864242
B000006653,예당초등학교,초등학교,운영,34.77949041,127.1955483
B000006654,노동초등학교,초등학교,운영,34.82428089,127.0485426
B000006657,화순초등학교,초등학교,운영,35.0655645,126.9841424
B000006658,화순만연초등학교,초등학교,운영,35.06132821,126.9949405
B000006659,화순제일초등학교,초등학교,운영,35.05623971,126.9948105
B000006660,능주초등학교,초등학교,운영,34.98816675,126.9562754
B000006661,도곡초등학교,초등학교,운영,35.01354818,126.9078251
B000006662,도곡중앙초등학교,초등학교,운영,34.98770233,126.9106761
B000006663,천태초등학교,초등학교,운영,34.94593762,126.8927556
B000006664,춘양초등학교,초등학교,운영,34.94903568,126.9590944
B000006665,사평초등학교,초등학교,운영,35.00822955,127.0923337
B000006666,동복초등학교,초등학교,운영,35.07254258,127.1277428
B000006667,한천초등학교,초등학교,운영,34.97962383,127.0039893
B000006668,이양초등학교,초등학교,운영,34.88345668,126.9891144
B000006669,청풍초등학교,초등학교,운영,34.87555762,126.9701959
B000006670,동면초등학교,초등학교,운영,35.03180417,127.0414431
B000006671,아산초등학교,초등학교,운영,35.16837024,127.1324783
B000006673,화순초등학교이서분교장,초등학교,운영,35.11710815,127.0435206
B000006674,장흥초등학교,초등학교,운영,34.68371634,126.9073842
B000006675,장흥남초등학교,초등학교,운영,34.66575882,126.889803
B000006676,장흥서초등학교,초등학교,운영,34.67482619,126.9017718
B000006677,관산남초등학교,초등학교,운영,34.52650949,126.9540729
B000006678,관산초등학교,초등학교,운영,34.56155862,126.9393805
B000006679,대덕초등학교,초등학교,운영,34.50028653,126.8891773
B000006680,부산초등학교,초등학교,운영,34.72291091,126.9012723
B000006681,유치초등학교,초등학교,운영,34.80273525,126.8355698
B000006682,장동초등학교,초등학교,운영,34.74661882,126.9940426
B000006683,장평초등학교,초등학교,운영,34.77591718,126.9713447
B000006684,안양초등학교,초등학교,운영,34.65189261,126.9731519
B000006686,용산초등학교,초등학교,운영,34.61668729,126.9139463
B000006687,회진초등학교,초등학교,운영,34.47994076,126.9356843
B000006688,명덕초등학교,초등학교,운영,34.47911715,126.9665976
B000006689,강진동초등학교,초등학교,운영,34.6411847,126.7762172
B000006691,강진중앙초등학교,초등학교,운영,34.63710067,126.7668408
B000006692,성전초등학교,초등학교,운영,34.69368286,126.7066366
B000006693,작천초등학교,초등학교,운영,34.70349276,126.7716382
B000006694,병영초등학교,초등학교,운영,34.71457422,126.8125703
B000006695,옴천초등학교,초등학교,운영,34.74512481,126.7953564
B000006696,계산초등학교,초등학교,운영,34.64573334,126.7859217
B000006697,군동초등학교,초등학교,운영,34.64801104,126.8164006
B000006698,칠량초등학교,초등학교,운영,34.57360504,126.8004306
B000006699,대구초등학교,초등학교,운영,34.49270374,126.7978166
B000006700,도암초등학교,초등학교,운영,34.55138705,126.7255067
B000006701,신전초등학교,초등학교,운영,34.50002418,126.7096163
B000006702,마량초등학교,초등학교,운영,34.45626853,126.8113934
B000006703,해남서초등학교,초등학교,운영,34.5723139,126.5970282
B000006704,해남동초등학교,초등학교,운영,34.57008093,126.6048828
B000006705,송지초등학교,초등학교,운영,34.36892168,126.5204055
B000006706,삼산초등학교,초등학교,운영,34.51550015,126.6071982
B000006707,옥천초등학교,초등학교,운영,34.56810446,126.6491129
B000006708,계곡초등학교,초등학교,운영,34.64623575,126.6574783
B000006709,마산초등학교,초등학교,운영,34.61914159,126.5729778
B000006710,산이초등학교,초등학교,운영,34.64388582,126.4478008
B000006711,산이서초등학교,초등학교,운영,34.67684527,126.4108342
B000006712,황산초등학교,초등학교,운영,34.5759939,126.4285291
B000006714,우수영초등학교,초등학교,운영,34.60385228,126.3127386
B000006716,화원초등학교,초등학교,운영,34.67310553,126.3333999
B000006717,화산초등학교,초등학교,운영,34.49235887,126.5165441
B000006719,현산초등학교,초등학교,운영,34.45943692,126.5535613
B000006720,현산초등학교현산남분교장,초등학교,운영,34.42855255,126.5851432
B000006721,송호초등학교,초등학교,운영,34.316782,126.518588
B000006722,어란진초등학교,초등학교,운영,34.35150476,126.477243
B000006723,북평초등학교,초등학교,운영,34.40811581,126.6312206
B000006724,북일초등학교,초등학교,운영,34.46739379,126.6767433
B000006725,마산초등학교용전분교장,초등학교,운영,34.59630735,126.5452399
B000006727,서정초등학교,초등학교,운영,34.38936076,126.5607716
B000006730,영암초등학교,초등학교,운영,34.79734224,126.687803
B000006731,서창초등학교,초등학교,운영,34.72846588,126.5322936
B000006732,삼호서초등학교,초등학교,운영,34.74619061,126.3779446
B000006733,용당초등학교,초등학교,운영,34.76191557,126.3996953
B000006734,대불초등학교,초등학교,운영,34.75709137,126.4606424
B000006735,삼호중앙초등학교,초등학교,운영,34.74745202,126.4700099
B000006736,신북초등학교,초등학교,운영,34.89137583,126.6958284
B000006737,덕진초등학교,초등학교,운영,34.82148382,126.6987819
B000006738,도포초등학교,초등학교,운영,34.83655067,126.635338
B000006739,시종초등학교,초등학교,운영,34.86770683,126.6074631
B000006740,구림초등학교,초등학교,운영,34.763740,126.6322822
B000006741,장천초등학교,초등학교,운영,34.75603152,126.5830263
B000006742,학산초등학교,초등학교,운영,34.72055944,126.5967904
B000006743,독천초등학교,초등학교,운영,34.7283174,126.5644577
B000006744,미암초등학교,초등학교,운영,34.69947493,126.5734211
B000006745,금정초등학교,초등학교,운영,34.86128538,126.7534747
B000006748,무안초등학교,초등학교,운영,34.99135858,126.4764621
B000006749,일로동초등학교,초등학교,운영,34.87289992,126.5089436
B000006750,일로초등학교,초등학교,운영,34.85125077,126.4939999
B000006751,오룡초등학교,초등학교,운영,34.80716561,126.4747218
B000006752,몽탄초등학교,초등학교,운영,34.92937429,126.5014993
B000006753,남악초등학교,초등학교,운영,34.81277169,126.4740206
B000006754,삼향북초등학교,초등학교,운영,34.87964244,126.4198494
B000006755,삼향초등학교,초등학교,운영,34.84241514,126.4333669
B000006756,삼향동초등학교,초등학교,운영,34.83797038,126.4777745
B000006757,청계초등학교,초등학교,운영,34.92598508,126.4293014
B000006758,청계북초등학교,초등학교,운영,34.95758422,126.4464108
B000006759,청계남초등학교,초등학교,운영,34.88436229,126.4372978
B000006760,현경초등학교,초등학교,운영,35.01985617,126.4144185
B000006761,현경북초등학교,초등학교,운영,35.05993325,126.3609455
B000006762,망운초등학교,초등학교,운영,35.01497906,126.3920392
B000006763,운남초등학교,초등학교,운영,34.95953938,126.338273
B000006764,해제남초등학교,초등학교,운영,35.08244622,126.2955578
B000006765,해제초등학교,초등학교,운영,35.11476343,126.2962896
B000006768,기산초등학교,초등학교,운영,35.06782404,126.516739
B000006769,함평초등학교,초등학교,운영,35.06217336,126.5121134
B000006770,학다리중앙초등학교,초등학교,운영,35.01411894,126.5365035
B000006771,엄다초등학교,초등학교,운영,35.0115439,126.5136275
B000006772,대동향교초등학교,초등학교,운영,35.0676068,126.5327688
B000006773,손불초등학교,초등학교,운영,35.14572447,126.4338246
B000006774,손불서초등학교,초등학교,운영,35.15634224,126.4067729
B000006775,신광초등학교,초등학교,운영,35.15741493,126.4994889
B000006776,나산초등학교,초등학교,운영,35.11684917,126.6065285
B000006777,해보초등학교,초등학교,운영,35.17740361,126.6034646
B000006778,월야초등학교,초등학교,운영,35.17695236,126.632075
B000006780,영광중앙초등학교,초등학교,운영,35.27974887,126.5051262
B000006781,영광초등학교,초등학교,운영,35.27893779,126.5134871
B000006782,홍농초등학교,초등학교,운영,35.39936444,126.4478897
B000006783,홍농서초등학교,초등학교,운영,35.41844112,126.4401078
B000006784,백수초등학교,초등학교,운영,35.28210037,126.4206225
B000006785,백수서초등학교,초등학교,운영,35.28254149,126.3968736
B000006788,대마초등학교,초등학교,운영,35.30313983,126.5818292
B000006789,묘량중앙초등학교,초등학교,운영,35.26772929,126.5505411
B000006790,불갑초등학교,초등학교,운영,35.21163482,126.5080132
B000006791,군서초등학교,초등학교,운영,35.25713697,126.4781573
B000006792,군남초등학교,초등학교,운영,35.23652447,126.4574779
B000006793,염산초등학교,초등학교,운영,35.22093525,126.3665496
B000006795,법성포초등학교,초등학교,운영,35.35934393,126.4551286
B000006798,염산초등학교낙월분교장,초등학교,운영,35.20205571,126.1365216
B000006800,장성성산초등학교,초등학교,운영,35.32656411,126.8063826
B000006801,장성중앙초등학교,초등학교,운영,35.29904751,126.7871233
B000006802,월평초등학교,초등학교,운영,35.2908465,126.7758889
B000006803,서삼초등학교,초등학교,운영,35.33362081,126.7685853
B000006804,북일초등학교,초등학교,운영,35.38462631,126.7948523
B000006805,북이초등학교,초등학교,운영,35.43408726,126.8047139
B000006806,약수초등학교,초등학교,운영,35.40826513,126.8814243
B000006807,동화초등학교,초등학교,운영,35.27410799,126.7363951
B000006808,사창초등학교,초등학교,운영,35.2603955,126.6667564
B000006809,삼서초등학교,초등학교,운영,35.22994687,126.6536729
B000006810,분향초등학교,초등학교,운영,35.23915963,126.8020646
B000006811,진원초등학교,초등학교,운영,35.26278212,126.8218822
B000006812,진원동초등학교,초등학교,운영,35.26041173,126.8635995
B000006813,완도중앙초등학교,초등학교,운영,34.3219399,126.7401072
B000006814,완도초등학교,초등학교,운영,34.3133974,126.761013
B000006815,화흥초등학교,초등학교,운영,34.32557169,126.7011771
B000006816,청해초등학교,초등학교,운영,34.35941617,126.7278075
B000006817,군외초등학교,초등학교,운영,34.37942593,126.6466228
B000006819,청산초등학교,초등학교,운영,34.1829054,126.8599052
B000006820,소안초등학교,초등학교,운영,34.17255622,126.6542943
B000006821,노화초등학교,초등학교,운영,34.1958644,126.5699868
B000006822,노화북초등학교,초등학교,운영,34.2162396,126.5776793
B000006823,넙도초등학교,초등학교,운영,34.18846082,126.5042111
B000006825,보길동초등학교,초등학교,운영,34.16332678,126.5925685
B000006826,보길초등학교,초등학교,운영,34.16213528,126.5551306
B000006827,신지동초등학교,초등학교,운영,34.32717979,126.8506172
B000006828,신지초등학교,초등학교,운영,34.33793185,126.8297638
B000006829,고금초등학교,초등학교,운영,34.39613046,126.8000493
B000006830,약산초등학교,초등학교,운영,34.39402843,126.896467
B000006831,금일초등학교,초등학교,운영,34.3554143,127.033303
B000006832,금일동초등학교,초등학교,운영,34.34049637,127.054975
B000006833,금당초등학교,초등학교,운영,34.44104293,127.0612612
B000006834,생영초등학교,초등학교,운영,34.33302248,126.9963682
B000006835,청산초등학교모도분교장,초등학교,운영,34.20074067,126.7536425
B000006836,넙도초등학교서리분교장,초등학교,운영,34.18482811,126.4838272
B000006838,진도초등학교,초등학교,운영,34.48662154,126.2651196
B000006839,진도서초등학교,초등학교,운영,34.49834553,126.2402369
B000006840,고성초등학교,초등학교,운영,34.49894633,126.3219546
B000006841,오산초등학교,초등학교,운영,34.49194619,126.3417858
B000006842,금성초등학교,초등학교,운영,34.53771713,126.2930439
B000006843,의신초등학교,초등학교,운영,34.44080894,126.2772495
B000006844,석교초등학교,초등학교,운영,34.40639758,126.192128
B000006845,지산초등학교,초등학교,운영,34.42237279,126.1667783
B000006846,군내북초등학교,초등학교,운영,34.56436761,126.2892594
B000006849,조도초등학교,초등학교,운영,34.29582028,126.0492423
B000006851,의신초등학교모도분교장,초등학교,운영,34.40772277,126.3555982
B000006852,의신초등학교접도분교장,초등학교,운영,34.3861786,126.2955945
B000006853,진도서초등학교가사도분교장,초등학교,운영,34.47867212,126.0479278
B000006856,조도초등학교거차분교장,초등학교,운영,34.25591614,125.9153767
B000006858,지도초등학교,초등학교,운영,35.0637421,126.2071496
B000006859,압해서초등학교,초등학교,운영,34.86299359,126.2738479
B000006860,압해초등학교,초등학교,운영,34.86781748,126.3092741
B000006861,압해동초등학교,초등학교,운영,34.84124642,126.3549562
B000006862,증도초등학교,초등학교,운영,35.00214094,126.1373159
B000006863,임자초등학교,초등학교,운영,35.09024963,126.1016533
B000006864,임자남초등학교,초등학교,운영,35.08424026,126.0770739
B000006865,안좌초등학교,초등학교,운영,34.7545382,126.1239619
B000006866,팔금초등학교,초등학교,운영,34.78652587,126.1447774
B000006867,암태초등학교,초등학교,운영,34.82929935,126.1076357
B000006868,자은초등학교,초등학교,운영,34.89071154,126.0468935
B000006869,비금동초등학교,초등학교,운영,34.78465103,125.9798266
B000006870,비금초등학교,초등학교,운영,34.76104317,125.9211635
B000006871,도초초등학교,초등학교,운영,34.69022871,125.9626266
B000006872,가거도초등학교,초등학교,운영,34.05255202,125.1302548
B000006873,흑산초등학교,초등학교,운영,34.68443825,125.4276444
B000006874,장산초등학교,초등학교,운영,34.63816011,126.1442085
B000006875,하의초등학교,초등학교,운영,34.60036073,126.035946
B000006876,신의초등학교,초등학교,운영,34.58338507,126.0958204
B000006890,흑산초등학교흑산동분교장,초등학교,운영,34.73144241,125.4647307
B000006891,흑산초등학교홍도분교장,초등학교,운영,34.68544984,125.1923169
B000006896,포항송곡초등학교,초등학교,운영,36.09225433,129.3844524
B000006897,대해초등학교,초등학교,운영,36.0225583,129.3668559
B000006898,대도초등학교,초등학교,운영,36.01411913,129.3619104
B000006899,송림초등학교,초등학교,운영,36.03022626,129.3750548
B000006900,효자초등학교,초등학교,운영,36.00566763,129.3375142
B000006901,상대초등학교,초등학교,운영,36.02247775,129.3615845
B000006902,대이초등학교,초등학교,운영,36.02239263,129.3456479
B000006903,이동초등학교,초등학교,운영,36.02742299,129.3433485
B000006904,신흥초등학교,초등학교,운영,36.01299121,129.3535944
B000006905,포항송도초등학교,초등학교,운영,36.03313356,129.3804407
B000006906,인덕초등학교,초등학교,운영,35.98466002,129.4021453
B000006907,청림초등학교,초등학교,운영,35.99599147,129.4043879
B000006908,포항초등학교,초등학교,운영,36.04266575,129.3639959
B000006910,포항동부초등학교,초등학교,운영,36.06264177,129.3809745
B000006911,용흥초등학교,초등학교,운영,36.03913743,129.3488775
B000006912,포항항도초등학교,초등학교,운영,36.05231017,129.3690341
B000006913,양학초등학교,초등학교,운영,36.03231332,129.343980
B000006914,포항양덕초등학교,초등학교,운영,36.07987036,129.4032233
B000006915,포항해맞이초등학교,초등학교,운영,36.07115931,129.3911055
B000006916,항구초등학교,초등학교,운영,36.07101614,129.4007243
B000006917,두호남부초등학교,초등학교,운영,36.06169902,129.3739623
B000006918,포항남부초등학교,초등학교,운영,36.02852541,129.3559732
B000006919,포항대흥초등학교,초등학교,운영,36.04619379,129.3517682
B000006920,장량초등학교,초등학교,운영,36.07138899,129.3803877
B000006921,장성초등학교,초등학교,운영,36.06988537,129.3718877
B000006922,포항영흥초등학교,초등학교,운영,36.03096662,129.3680916
B000006923,죽도초등학교,초등학교,운영,36.02204016,129.3561765
B000006924,대잠초등학교,초등학교,운영,36.01983557,129.3530687
B000006925,두호초등학교,초등학교,운영,36.06410405,129.3680876
B000006926,창포초등학교,초등학교,운영,36.06681756,129.3689623
B000006927,포항장흥초등학교,초등학교,운영,36.07891759,129.3928961
B000006928,포항장원초등학교,초등학교,운영,36.08170438,129.3849196
B000006930,포항제철지곡초등학교,초등학교,운영,36.02938044,129.320147
B000006931,포항제철초등학교,초등학교,운영,36.0128242,129.3278912
B000006932,구룡포초등학교,초등학교,운영,35.99090277,129.5517505
B000006933,연일초등학교,초등학교,운영,35.99583173,129.3467459
B000006934,연일형산초등학교,초등학교,운영,35.99856175,129.341746
B000006935,유강초등학교,초등학교,운영,36.00402752,129.3143894
B000006936,문충초등학교,초등학교,운영,35.93057688,129.3982632
B000006937,포항원동초등학교,초등학교,운영,35.96542504,129.401098
B000006938,구정초등학교,초등학교,운영,35.98089045,129.4085773
B000006939,오천초등학교,초등학교,운영,35.96966679,129.4169587
B000006940,문덕초등학교,초등학교,운영,35.96051432,129.4093466
B000006941,죽천초등학교,초등학교,운영,36.09827248,129.4279056
B000006942,곡강초등학교,초등학교,운영,36.13070709,129.3487108
B000006943,흥해남산초등학교,초등학교,운영,36.10434495,129.3456006
B000006944,학천초등학교,초등학교,운영,36.07685042,129.3278417
B000006945,달전초등학교,초등학교,운영,36.06349578,129.3346892
B000006946,흥해서부초등학교,초등학교,운영,36.11580419,129.3144392
B000006947,흥해초등학교,초등학교,운영,36.11466179,129.3465007
B000006949,대보초등학교,초등학교,운영,36.07852985,129.5572291
B000006950,남성초등학교,초등학교,운영,35.97036651,129.3594509
B000006951,대송초등학교,초등학교,운영,35.98387652,129.362628
B000006952,동해초등학교,초등학교,운영,35.98792404,129.4410742
B000006953,장기초등학교,초등학교,운영,35.89700969,129.4943247
B000006954,양포초등학교,초등학교,운영,35.87573109,129.5131575
B000006955,기계초등학교,초등학교,운영,36.07222872,129.2035901
B000006956,기북초등학교,초등학교,운영,36.12939435,129.1676241
B000006957,송라초등학교,초등학교,운영,36.22890963,129.3557513
B000006958,신광초등학교,초등학교,운영,36.12951876,129.2619452
B000006959,청하초등학교,초등학교,운영,36.19870883,129.3377771
B000006960,월포초등학교,초등학교,운영,36.20319678,129.3674938
B000006964,죽장초등학교,초등학교,운영,36.15986725,129.0914071
B000006966,계림초등학교,초등학교,운영,35.84927108,129.2123552
B000006968,화랑초등학교,초등학교,운영,35.84213524,129.2299971
B000006969,동방초등학교,초등학교,운영,35.80363889,129.2619004
B000006970,경주초등학교,초등학교,운영,35.84265145,129.1897497
B000006971,서라벌초등학교,초등학교,운영,35.83088915,129.2793929
B000006972,불국사초등학교,초등학교,운영,35.77810292,129.3012807
B000006973,월성초등학교,초등학교,운영,35.84296322,129.208142
B000006974,동천초등학교,초등학교,운영,35.84838019,129.2270343
B000006975,신라초등학교,초등학교,운영,35.83486428,129.2043684
B000006976,흥무초등학교,초등학교,운영,35.84977628,129.2041594
B000006977,황성초등학교,초등학교,운영,35.85939912,129.2233132
B000006978,용강초등학교,초등학교,운영,35.87601714,129.2294758
B000006979,용황초등학교,초등학교,운영,35.86427367,129.2215598
B000006980,유림초등학교,초등학교,운영,35.86872219,129.2128593
B000006981,산대초등학교,초등학교,운영,36.00308319,129.1977363
B000006982,사방초등학교,초등학교,운영,35.9386291,129.2256525
B000006984,옥산초등학교,초등학교,운영,35.9953331,129.169713
B000006985,안강초등학교,초등학교,운영,35.99112905,129.2291697
B000006986,안강제일초등학교,초등학교,운영,35.99441293,129.2210344
B000006987,연안초등학교,초등학교,운영,35.72788519,129.3183095
B000006988,괘릉초등학교,초등학교,운영,35.76040764,129.322567
B000006989,석계초등학교,초등학교,운영,35.67874018,129.3094092
B000006990,영지초등학교,초등학교,운영,35.75417641,129.2948611
B000006991,모화초등학교,초등학교,운영,35.67737588,129.3331768
B000006992,입실초등학교,초등학교,운영,35.71694791,129.3244037
B000006993,감포초등학교,초등학교,운영,35.80962697,129.5013972
B000006994,건천초등학교,초등학교,운영,35.85054046,129.1037329
B000006995,천포초등학교,초등학교,운영,35.84495203,129.0941433
B000006996,모량초등학교,초등학교,운영,35.82349213,129.1303473
B000006997,나산초등학교,초등학교,운영,35.69779356,129.4699776
B000006998,양남초등학교,초등학교,운영,35.67543863,129.4606116
B000006999,내남초등학교,초등학교,운영,35.76482206,129.1960584
B000007000,아화초등학교,초등학교,운영,35.89297744,129.0529245
B000007001,천북초등학교,초등학교,운영,35.89725013,129.2676817
B000007002,모아초등학교,초등학교,운영,35.9206086,129.2466225
B000007003,의곡초등학교,초등학교,운영,35.75473513,129.0480229
B000007004,양북초등학교,초등학교,운영,35.78544291,129.4435608
B000007005,강동초등학교,초등학교,운영,35.99182974,129.2766172
B000007006,양동초등학교,초등학교,운영,35.99831849,129.2538154
B000007007,현곡초등학교,초등학교,운영,35.88659478,129.1799843
B000007008,금장초등학교,초등학교,운영,35.87373881,129.2052935
B000007009,나원초등학교,초등학교,운영,35.87020443,129.2032784
B000007015,김천모암초등학교,초등학교,운영,36.12582704,128.1246518
B000007016,김천동부초등학교,초등학교,운영,36.11859869,128.1380241
B000007018,김천서부초등학교,초등학교,운영,36.12287432,128.1071018
B000007019,김천부곡초등학교,초등학교,운영,36.12486641,128.0950564
B000007020,김천다수초등학교,초등학교,운영,36.12630771,128.0761682
B000007021,김천동신초등학교,초등학교,운영,36.1314424,128.1218127
B000007022,금릉초등학교,초등학교,운영,36.13952427,128.0920276
B000007023,김천초등학교,초등학교,운영,36.11816095,128.120613
B000007024,김천중앙초등학교,초등학교,운영,36.1205445,128.1175874
B000007025,김천신일초등학교,초등학교,운영,36.14368748,128.1210968
B000007026,아포초등학교,초등학교,운영,36.16018299,128.2457468
B000007029,대룡초등학교,초등학교,운영,36.12461201,128.0491589
B000007030,직지초등학교,초등학교,운영,36.12308553,128.0218428
B000007031,봉계초등학교,초등학교,운영,36.14384665,128.0641047
B000007033,아천초등학교,초등학교,운영,36.17875562,128.116470
B000007034,개령초등학교,초등학교,운영,36.16803685,128.187037
B000007035,개령서부초등학교,초등학교,운영,36.15735643,128.1523267
B000007037,위량초등학교,초등학교,운영,36.20153933,128.1611646
B000007040,감천초등학교,초등학교,운영,36.06541918,128.1263812
B000007041,조마초등학교,초등학교,운영,36.03270244,128.0992255
B000007044,대덕초등학교,초등학교,운영,35.91751839,127.9716617
B000007045,아천초등학교능치분교장,초등학교,운영,36.23218714,128.0650792
B000007047,증산초등학교,초등학교,운영,35.90227047,128.0357072
B000007049,안동용상초등학교,초등학교,운영,36.55772365,128.7528722
B000007050,안동동부초등학교,초등학교,운영,36.56652963,128.7370009
B000007051,안동초등학교,초등학교,운영,36.56433294,128.728175
B000007052,안동서부초등학교,초등학교,운영,36.56757498,128.7190351
B000007053,영남초등학교,초등학교,운영,36.57345844,128.7208656
B000007054,안동송현초등학교,초등학교,운영,36.57341204,128.6958373
B000007055,복주초등학교,초등학교,운영,36.56297712,128.6982812
B000007056,안동영호초등학교,초등학교,운영,36.56044654,128.6917948
B000007057,송천초등학교,초등학교,운영,36.54623042,128.7922552
B000007058,안동강남초등학교,초등학교,운영,36.55004548,128.731732
B000007059,길주초등학교,초등학교,운영,36.55560202,128.7604284
B000007060,영가초등학교,초등학교,운영,36.56311031,128.7160563
B000007061,서선초등학교,초등학교,운영,36.59104215,128.6392902
B000007062,풍북초등학교,초등학교,운영,36.59761694,128.5345229
B000007063,풍산초등학교,초등학교,운영,36.57674106,128.5738238
B000007066,서후초등학교,초등학교,운영,36.61679819,128.6630648
B000007067,임하초등학교,초등학교,운영,36.52648463,128.8280839
B000007068,길안초등학교,초등학교,운영,36.45486558,128.8961109
B000007069,임동초등학교,초등학교,운영,36.57013556,128.9207865
B000007070,남선초등학교,초등학교,운영,36.5248718,128.7686926
B000007071,남후초등학교,초등학교,운영,36.52129829,128.6913443
B000007072,일직초등학교,초등학교,운영,36.48404728,128.6566145
B000007073,북후초등학교,초등학교,운영,36.67630212,128.6970915
B000007074,와룡초등학교,초등학교,운영,36.6195593,128.7685479
B000007075,녹전초등학교,초등학교,운영,36.74105651,128.7741181
B000007076,온혜초등학교,초등학교,운영,36.74997314,128.8311678
B000007077,월곡초등학교,초등학교,운영,36.66188227,128.8880198
B000007079,신성초등학교,초등학교,운영,36.52552991,128.4624575
B000007080,길안초등학교길송분교장,초등학교,운영,36.36896815,128.9287611
B000007081,녹전초등학교원천분교장,초등학교,운영,36.79161262,128.7567404
B000007082,월곡초등학교삼계분교장,초등학교,운영,36.7191532,128.9254678
B000007083,도봉초등학교,초등학교,운영,36.14222705,128.3169424
B000007084,야은초등학교,초등학교,운영,36.14861927,128.3214988
B000007085,비산초등학교,초등학교,운영,36.11829707,128.3747684
B000007086,원남초등학교,초등학교,운영,36.12921007,128.3211902
B000007087,신기초등학교,초등학교,운영,36.1262437,128.3652454
B000007088,광평초등학교,초등학교,운영,36.11297054,128.3625345
B000007089,구미사곡초등학교,초등학교,운영,36.09990116,128.3605588
B000007090,상모초등학교,초등학교,운영,36.09079516,128.3563833
B000007091,정수초등학교,초등학교,운영,36.09074836,128.3515292
B000007092,구미왕산초등학교,초등학교,운영,36.08612317,128.3654769
B000007093,오태초등학교,초등학교,운영,36.07019424,128.3494353
B000007094,구미오산초등학교,초등학교,운영,36.0720382,128.3530127
B000007095,지산초등학교,초등학교,운영,36.14049036,128.3445445
B000007096,구평초등학교,초등학교,운영,36.09113802,128.451961
B000007097,천생초등학교,초등학교,운영,36.09406998,128.4381111
B000007098,구평남부초등학교,초등학교,운영,36.09097726,128.4368463
B000007099,인동초등학교,초등학교,운영,36.10688422,128.4220825
B000007100,인의초등학교,초등학교,운영,36.1019003,128.4272447
B000007101,진평초등학교,초등학교,운영,36.09135257,128.4274392
B000007102,양포초등학교,초등학교,운영,36.14481291,128.4158036
B000007103,옥계동부초등학교,초등학교,운영,36.13910909,128.427625
B000007104,구미봉곡초등학교,초등학교,운영,36.15338802,128.3038166
B000007105,선주초등학교,초등학교,운영,36.15110034,128.3113637
B000007106,옥계초등학교,초등학교,운영,36.1404745,128.414387
B000007107,도량초등학교,초등학교,운영,36.14429831,128.3195954
B000007108,도산초등학교,초등학교,운영,36.14155308,128.3329637
B000007109,송정초등학교,초등학교,운영,36.11400605,128.3479355
B000007110,구미신평초등학교,초등학교,운영,36.12191861,128.3658616
B000007111,금오초등학교,초등학교,운영,36.12344066,128.3347517
B000007112,구미초등학교,초등학교,운영,36.13017165,128.333859
B000007113,형일초등학교,초등학교,운영,36.11514504,128.3299423
B000007114,형곡초등학교,초등학교,운영,36.10975713,128.338673
B000007115,형남초등학교,초등학교,운영,36.10124649,128.3350452
B000007116,황상초등학교,초등학교,운영,36.11900674,128.4269202
B000007117,선산초등학교,초등학교,운영,36.24392309,128.3013276
B000007118,고아초등학교,초등학교,운영,36.21239194,128.3287157
B000007119,구운초등학교,초등학교,운영,36.17098392,128.3689813
B000007120,문장초등학교,초등학교,운영,36.14857959,128.3327624
B000007121,원호초등학교,초등학교,운영,36.15448652,128.3318944
B000007122,남계초등학교,초등학교,운영,36.18109403,128.3484376
B000007124,무을초등학교,초등학교,운영,36.26353895,128.1970182
B000007125,옥성초등학교,초등학교,운영,36.29683396,128.276015
B000007126,덕촌초등학교,초등학교,운영,36.26323373,128.2545434
B000007127,장천초등학교,초등학교,운영,36.13082394,128.4944932
B000007128,산동초등학교,초등학교,운영,36.16727794,128.4465059
B000007129,도개초등학교,초등학교,운영,36.30017994,128.3322189
B000007130,해평초등학교,초등학교,운영,36.20259644,128.3916218
B000007132,영주남부초등학교,초등학교,운영,36.80780111,128.6176686
B000007133,영주서부초등학교,초등학교,운영,36.8320289,128.6122128
B000007134,영주초등학교,초등학교,운영,36.82879964,128.6253863
B000007135,영일초등학교,초등학교,운영,36.82631365,128.6149064
B000007136,영주중앙초등학교,초등학교,운영,36.82637344,128.6260532
B000007137,영주동부초등학교,초등학교,운영,36.82123423,128.631397
B000007138,남산초등학교,초등학교,운영,36.81554753,128.6267744
B000007139,풍기북부초등학교,초등학교,운영,36.87949336,128.5256436
B000007140,풍기초등학교,초등학교,운영,36.87137728,128.5252186
B000007141,순흥초등학교,초등학교,운영,36.91222279,128.5772975
B000007142,부석초등학교,초등학교,운영,36.98104929,128.6553061
B000007143,옥대초등학교,초등학교,운영,36.95096282,128.6200584
B000007144,이산초등학교,초등학교,운영,36.83011458,128.6818803
B000007146,장수초등학교,초등학교,운영,36.77610603,128.576552
B000007147,안정초등학교,초등학교,운영,36.84491626,128.5549628
B000007148,문수초등학교,초등학교,운영,36.77437224,128.6337769
B000007149,봉현초등학교,초등학교,운영,36.8475943,128.5258092
B000007151,영천중앙초등학교,초등학교,운영,35.97182956,128.9323548
B000007152,영천초등학교,초등학교,운영,35.9617556,128.9314309
B000007153,영화초등학교,초등학교,운영,35.96520959,128.9222042
B000007154,영천동부초등학교,초등학교,운영,35.97821931,128.9601298
B000007155,포은초등학교,초등학교,운영,35.98019503,128.9508541
B000007157,거여초등학교,초등학교,운영,35.93171765,128.9099101
B000007158,금호초등학교,초등학교,운영,35.93461511,128.8805476
B000007159,신녕초등학교,초등학교,운영,36.04723628,128.7899383
B000007160,자천초등학교,초등학교,운영,36.10985883,128.9206879
B000007161,지곡초등학교,초등학교,운영,36.06015095,128.8911205
B000007162,단포초등학교,초등학교,운영,35.9810174,128.974840
B000007163,고경초등학교,초등학교,운영,36.00316189,129.0683103
B000007164,화산초등학교,초등학교,운영,36.02021026,128.8545314
B000007166,임고초등학교,초등학교,운영,36.02164368,128.9733645
B000007167,평천초등학교,초등학교,운영,36.04375596,128.9861551
B000007168,북안초등학교,초등학교,운영,35.91479143,129.0104191
B000007169,청통초등학교,초등학교,운영,35.99525397,128.8236067
B000007170,대창초등학교,초등학교,운영,35.86963698,128.9058147
B000007172,자천초등학교보현분교장,초등학교,운영,36.13344029,129.0466863
B000007173,성동초등학교,초등학교,운영,36.41470707,128.1709229
B000007174,상산초등학교,초등학교,운영,36.42298409,128.1609933
B000007175,상주초등학교,초등학교,운영,36.41625837,128.1575571
B000007176,상주남부초등학교,초등학교,운영,36.36349148,128.1506701
B000007177,상주동부초등학교,초등학교,운영,36.41774729,128.2080396
B000007178,상영초등학교,초등학교,운영,36.40845531,128.1607154
B000007179,상주중앙초등학교,초등학교,운영,36.41093652,128.1574674
B000007180,함창초등학교,초등학교,운영,36.57087786,128.1803293
B000007181,함창중앙초등학교,초등학교,운영,36.57369102,128.1774827
B000007182,이안초등학교,초등학교,운영,36.57921604,128.1443639
B000007183,공검초등학교,초등학교,운영,36.51514991,128.1544734
B000007184,청리초등학교,초등학교,운영,36.33349003,128.130475
B000007186,옥산초등학교,초등학교,운영,36.28781258,128.0970012
B000007187,낙서초등학교,초등학교,운영,36.40719611,128.0206482
B000007188,화령초등학교,초등학교,운영,36.4466099,127.951894
B000007189,화동초등학교,초등학교,운영,36.39271618,127.9512487
B000007190,모서초등학교,초등학교,운영,36.34306815,127.9610605
B000007191,중모초등학교,초등학교,운영,36.30116134,127.9594056
B000007192,모동초등학교,초등학교,운영,36.31772679,127.9589805
B000007193,외서초등학교,초등학교,운영,36.48007269,128.1070759
B000007194,백원초등학교,초등학교,운영,36.48016569,128.1721632
B000007195,은척초등학교,초등학교,운영,36.53191343,128.0709192
B000007196,중동초등학교,초등학교,운영,36.42963056,128.2683195
B000007198,낙동초등학교,초등학교,운영,36.37644343,128.247890
B000007199,사벌초등학교,초등학교,운영,36.46783291,128.2084231
B000007200,외남초등학교,초등학교,운영,36.36460418,128.1000806
B000007204,화북초등학교,초등학교,운영,36.5676314,127.9107595
B000007206,화북초등학교입석분교장,초등학교,운영,36.6380326,127.8861412
B000007207,은척초등학교무릉분교장,초등학교,운영,36.57790301,128.0884235
B000007209,호서남초등학교,초등학교,운영,36.6054252,128.2035759
B000007210,점촌초등학교,초등학교,운영,36.59193812,128.194970
B000007211,모전초등학교,초등학교,운영,36.59189499,128.180954
B000007212,점촌중앙초등학교,초등학교,운영,36.59925426,128.1942526
B000007213,호계초등학교,초등학교,운영,36.63476508,128.205357
B000007214,산양초등학교,초등학교,운영,36.61034882,128.2521074
B000007215,산북초등학교,초등학교,운영,36.65582033,128.2577157
B000007216,영순초등학교,초등학교,운영,36.57857969,128.2451451
B000007217,농암초등학교,초등학교,운영,36.60220156,128.0035004
B000007218,신기초등학교,초등학교,운영,36.64004812,128.168488
B000007219,점촌북초등학교,초등학교,운영,36.62658366,128.1573755
B000007220,용흥초등학교,초등학교,운영,36.7876337,128.1587901
B000007221,당포초등학교,초등학교,운영,36.75243156,128.1525805
B000007222,문경초등학교,초등학교,운영,36.73683265,128.1048407
B000007223,동로초등학교,초등학교,운영,36.7715572,128.3153048
B000007224,동성초등학교,초등학교,운영,36.68232706,128.1273632
B000007225,가은초등학교,초등학교,운영,36.64373946,128.0630824
B000007229,경산초등학교,초등학교,운영,35.81535083,128.7398902
B000007230,옥곡초등학교,초등학교,운영,35.8149512,128.7325183
B000007231,장산초등학교,초등학교,운영,35.821190,128.7237082
B000007232,경산서부초등학교,초등학교,운영,35.82728316,128.7290591
B000007233,성암초등학교,초등학교,운영,35.82607981,128.7192859
B000007234,경산동부초등학교,초등학교,운영,35.81751977,128.7482366
B000007235,임당초등학교,초등학교,운영,35.841579,128.743619
B000007236,사동초등학교,초등학교,운영,35.81380612,128.7609949
B000007237,평산초등학교,초등학교,운영,35.80752195,128.7569479
B000007238,남성초등학교,초등학교,운영,35.8131081,128.776772
B000007239,정평초등학교,초등학교,운영,35.83320452,128.7310588
B000007240,경산중앙초등학교,초등학교,운영,35.82210228,128.731119
B000007241,봉황초등학교,초등학교,운영,35.88300255,128.8237438
B000007242,하양초등학교,초등학교,운영,35.91296227,128.8195828
B000007243,진성초등학교,초등학교,운영,35.85382263,128.8155105
B000007244,부림초등학교,초등학교,운영,35.89819117,128.8254479
B000007245,다문초등학교,초등학교,운영,35.87165268,128.8515232
B000007246,진량초등학교,초등학교,운영,35.87617625,128.8156575
B000007247,금락초등학교,초등학교,운영,35.91124903,128.8240814
B000007248,청천초등학교,초등학교,운영,35.88446318,128.7732826
B000007249,하주초등학교,초등학교,운영,35.92020163,128.8122639
B000007251,현흥초등학교,초등학교,운영,35.86167457,128.7729881
B000007252,압량중학교,중학교,운영,35.84381785,128.7614826
B000007253,계당초등학교,초등학교,운영,35.9284247,128.8513378
B000007254,와촌초등학교,초등학교,운영,35.93644816,128.8349215
B000007255,대동초등학교,초등학교,운영,35.95932943,128.8036717
B000007256,자인초등학교,초등학교,운영,35.82128203,128.8239064
B000007257,남산초등학교,초등학교,운영,35.79260959,128.8365922
B000007258,용성초등학교,초등학교,운영,35.79327235,128.8746678
B000007259,남천초등학교,초등학교,운영,35.76762632,128.7249619
B000007260,대구군위초등학교,초등학교,운영,36.23912975,128.5682032
B000007261,대구송원초등학교,초등학교,운영,36.25434194,128.4760713
B000007262,대구효령초등학교,초등학교,운영,36.15676228,128.5860147
B000007263,대구고매초등학교,초등학교,운영,36.09704449,128.582054
B000007264,대구부계초등학교,초등학교,운영,36.10164233,128.6628172
B000007266,대구의흥초등학교,초등학교,운영,36.17526237,128.7181122
B000007270,의성남부초등학교,초등학교,운영,36.34314897,128.7023528
B000007271,의성북부초등학교,초등학교,운영,36.36195518,128.6925139
B000007272,의성초등학교,초등학교,운영,36.35161263,128.695283
B000007273,단촌초등학교,초등학교,운영,36.42556714,128.6711122
B000007274,점곡초등학교,초등학교,운영,36.42506667,128.7609423
B000007275,옥전초등학교,초등학교,운영,36.39401458,128.806148
B000007276,금성초등학교,초등학교,운영,36.26310773,128.6797522
B000007277,가음초등학교,초등학교,운영,36.2314752,128.728877
B000007278,춘산초등학교,초등학교,운영,36.23756045,128.8123548
B000007279,안평초등학교,초등학교,운영,36.37667859,128.5810573
B000007280,도리원초등학교,초등학교,운영,36.30040379,128.578571
B000007281,비안초등학교,초등학교,운영,36.33748618,128.4949144
B000007282,안계초등학교,초등학교,운영,36.38160912,128.4451833
B000007283,구천초등학교,초등학교,운영,36.35003075,128.4315478
B000007286,다인초등학교,초등학교,운영,36.44939853,128.3580928
B000007289,안평초등학교신평분교장,초등학교,운영,36.47387598,128.5047199
B000007290,청송초등학교,초등학교,운영,36.43564089,129.0552141
B000007291,진보초등학교,초등학교,운영,36.52942494,129.0484952
B000007292,파천초등학교,초등학교,운영,36.44516556,129.0317869
B000007294,도평초등학교,초등학교,운영,36.29054501,129.0198248
B000007295,안덕초등학교,초등학교,운영,36.29349794,128.9607692
B000007296,화목초등학교,초등학교,운영,36.27569536,128.8949717
B000007297,이전초등학교,초등학교,운영,36.35751933,129.1552229
B000007298,부남초등학교,초등학교,운영,36.31369626,129.0973443
B000007299,영양중앙초등학교,초등학교,운영,36.66393138,129.1200897
B000007300,영양초등학교,초등학교,운영,36.66632258,129.1105844
B000007301,석보초등학교,초등학교,운영,36.55842246,129.1230854
B000007302,입암초등학교,초등학교,운영,36.59971644,129.0873689
B000007303,일월초등학교,초등학교,운영,36.70164558,129.1278352
B000007304,수비초등학교,초등학교,운영,36.76613558,129.2012532
B000007305,일월초등학교청기분교장,초등학교,운영,36.69961857,129.0583446
B000007307,영덕야성초등학교,초등학교,운영,36.41312696,129.3685077
B000007310,영해초등학교,초등학교,운영,36.53886544,129.411846
B000007311,강구초등학교,초등학교,운영,36.35744045,129.3781617
B000007312,축산항초등학교,초등학교,운영,36.50982647,129.4423101
B000007313,남정초등학교,초등학교,운영,36.2840961,129.3722058
B000007314,원황초등학교,초등학교,운영,36.56932097,129.3933999
B000007315,병곡초등학교,초등학교,운영,36.60185573,129.4091254
B000007316,지품초등학교,초등학교,운영,36.45028925,129.2813712
B000007317,창수초등학교,초등학교,운영,36.54497048,129.3432508
B000007320,창수초등학교인천분교장,초등학교,운영,36.63373095,129.2947468
B000007321,유천초등학교,초등학교,운영,35.57306921,128.7657884
B000007322,청도중앙초등학교,초등학교,운영,35.64730845,128.7520707
B000007323,화양초등학교,초등학교,운영,35.64771064,128.7067775
B000007324,남성현초등학교,초등학교,운영,35.69646032,128.7163815
B000007325,청도초등학교,초등학교,운영,35.64768689,128.7305707
B000007326,각남초등학교,초등학교,운영,35.64280159,128.6571697
B000007327,풍각초등학교,초등학교,운영,35.64348049,128.6159422
B000007328,덕산초등학교,초등학교,운영,35.70521788,128.5834749
B000007329,이서초등학교,초등학교,운영,35.66337201,128.6688865
B000007330,동산초등학교,초등학교,운영,35.66745663,128.8547025
B000007332,금천초등학교,초등학교,운영,35.67930523,128.8945639
B000007336,고령초등학교,초등학교,운영,35.7343807,128.2695344
B000007337,박곡초등학교,초등학교,운영,35.763473,128.3786105
B000007338,성산초등학교,초등학교,운영,35.74918152,128.3610757
B000007339,운수초등학교,초등학교,운영,35.77036659,128.2911211
B000007340,쌍림초등학교,초등학교,운영,35.6818751,128.2428707
B000007342,덕곡초등학교,초등학교,운영,35.77919619,128.2343144
B000007343,다산초등학교,초등학교,운영,35.82332214,128.4516765
B000007345,우곡초등학교,초등학교,운영,35.63378231,128.3673188
B000007346,개진초등학교,초등학교,운영,35.71676088,128.3697462
B000007347,성주초등학교,초등학교,운영,35.91945837,128.2847469
B000007348,성주중앙초등학교,초등학교,운영,35.9167031,128.2864406
B000007349,초전초등학교,초등학교,운영,35.97624634,128.2631599
B000007351,벽진초등학교,초등학교,운영,35.95145615,128.2164282
B000007352,선남초등학교,초등학교,운영,35.9065645,128.3520062
B000007353,도원초등학교,초등학교,운영,35.89652807,128.3815617
B000007355,대동초등학교,초등학교,운영,35.85825821,128.3579618
B000007356,월항초등학교,초등학교,운영,35.94814289,128.3129884
B000007357,대가초등학교,초등학교,운영,35.90893665,128.2222818
B000007358,가천초등학교,초등학교,운영,35.88522982,128.167633
B000007359,수륜초등학교,초등학교,운영,35.83407566,128.1918436
B000007361,월항초등학교지방분교장,초등학교,운영,35.98701194,128.2890308
B000007364,낙산초등학교,초등학교,운영,35.94516578,128.4026207
B000007365,매원초등학교,초등학교,운영,35.99503684,128.4294419
B000007366,왜관중앙초등학교,초등학교,운영,35.99840091,128.4061661
B000007367,왜관동부초등학교,초등학교,운영,35.98566413,128.4080264
B000007368,왜관초등학교,초등학교,운영,35.98515175,128.3960664
B000007369,대교초등학교,초등학교,운영,36.07549588,128.3983623
B000007371,장곡초등학교,초등학교,운영,36.07528356,128.4186575
B000007372,북삼초등학교,초등학교,운영,36.06412974,128.3427989
B000007373,숭산초등학교,초등학교,운영,36.05385834,128.3144914
B000007374,인평초등학교,초등학교,운영,36.07202562,128.3367896
B000007376,관호초등학교,초등학교,운영,36.02053733,128.3802466
B000007377,약목초등학교,초등학교,운영,36.03287409,128.3605338
B000007378,신동초등학교,초등학교,운영,35.95623956,128.4905842
B000007379,지천초등학교,초등학교,운영,35.90591428,128.498252
B000007380,약동초등학교,초등학교,운영,35.98491099,128.3814201
B000007381,가산초등학교,초등학교,운영,36.07916349,128.5402165
B000007382,다부초등학교,초등학교,운영,36.04524356,128.5198431
B000007383,학림초등학교,초등학교,운영,36.10495876,128.4908599
B000007384,동명초등학교,초등학교,운영,35.98706031,128.5544814
B000007385,동명동부초등학교,초등학교,운영,36.00618566,128.5929951
B000007386,예천남부초등학교,초등학교,운영,36.65045199,128.4625867
B000007387,예천동부초등학교,초등학교,운영,36.66182247,128.4590097
B000007388,예천초등학교,초등학교,운영,36.65581127,128.4502002
B000007389,용궁초등학교,초등학교,운영,36.60922341,128.2769829
B000007390,용문초등학교,초등학교,운영,36.69033237,128.4086156
B000007391,지보초등학교,초등학교,운영,36.54769325,128.3885904
B000007392,풍양초등학교,초등학교,운영,36.51203002,128.299058
B000007393,은풍초등학교,초등학교,운영,36.748144,128.4423732
B000007394,유천초등학교,초등학교,운영,36.63691112,128.3785308
B000007395,감천초등학교,초등학교,운영,36.7226563,128.5263537
B000007396,상리초등학교,초등학교,운영,36.77778584,128.4206941
B000007397,도촌초등학교,초등학교,운영,36.87944467,128.6862066
B000007398,봉화초등학교,초등학교,운영,36.89264584,128.7403704
B000007399,내성초등학교,초등학교,운영,36.88581477,128.7354991
B000007400,상운초등학교,초등학교,운영,36.83037739,128.753414
B000007401,물야초등학교,초등학교,운영,36.97971505,128.7372147
B000007402,법전중앙초등학교,초등학교,운영,36.91466157,128.8776519
B000007403,춘양초등학교,초등학교,운영,36.93888345,128.9147266
B000007404,봉성초등학교,초등학교,운영,36.88557445,128.8148779
B000007405,동양초등학교,초등학교,운영,36.9133089,128.7914403
B000007406,명호초등학교,초등학교,운영,36.85644351,128.8990184
B000007408,서벽초등학교,초등학교,운영,37.00881425,128.8336222
B000007409,재산초등학교,초등학교,운영,36.8171639,128.9630644
B000007410,소천초등학교,초등학교,운영,36.93823299,129.0018681
B000007411,석포초등학교,초등학교,운영,37.04634526,129.0639033
B000007415,소천초등학교두음분교장,초등학교,운영,36.88620366,129.0560671
B000007419,울진초등학교,초등학교,운영,36.99559263,129.4005924
B000007420,울진남부초등학교,초등학교,운영,36.98734035,129.3994708
B000007422,평해초등학교,초등학교,운영,36.72335376,129.4390461
B000007423,죽변초등학교,초등학교,운영,37.06368803,129.4220502
B000007424,후포초등학교,초등학교,운영,36.68067379,129.4415751
B000007425,후포동부초등학교,초등학교,운영,36.68634553,129.4631155
B000007426,온정초등학교,초등학교,운영,36.72552957,129.3461279
B000007428,기성초등학교,초등학교,운영,36.79788853,129.4493165
B000007429,매화초등학교,초등학교,운영,36.9139246,129.3815405
B000007430,노음초등학교,초등학교,운영,36.95873936,129.3916661
B000007431,부구초등학교,초등학교,운영,37.10258912,129.3719829
B000007433,삼근초등학교,초등학교,운영,36.93557512,129.2461092
B000007437,부구초등학교삼당분교장,초등학교,운영,37.04065875,129.3223236
B000007438,울릉초등학교,초등학교,운영,37.48615946,130.902732
B000007439,저동초등학교,초등학교,운영,37.49628925,130.9027987
B000007440,남양초등학교,초등학교,운영,37.46912916,130.8400802
B000007441,천부초등학교,초등학교,운영,37.5366566,130.8715273
B000007444,내서초등학교,초등학교,운영,35.23819306,128.5454459
B000007445,양덕초등학교,초등학교,운영,35.23385991,128.5885008
B000007446,마산중앙초등학교,초등학교,운영,35.24832356,128.6025946
B000007447,구암초등학교,초등학교,운영,35.25826967,128.5943421
B000007448,봉덕초등학교,초등학교,운영,35.2224257,128.5947895
B000007449,석전초등학교,초등학교,운영,35.23226945,128.5761882
B000007450,북성초등학교,초등학교,운영,35.23179348,128.5700226
B000007451,가고파초등학교,초등학교,운영,35.22578392,128.580473
B000007452,팔룡초등학교,초등학교,운영,35.24223175,128.5939532
B000007453,합성초등학교,초등학교,운영,35.24278276,128.5819015
B000007454,회원초등학교,초등학교,운영,35.21982858,128.5667167
B000007455,교동초등학교,초등학교,운영,35.22140544,128.5625193
B000007456,상남초등학교,초등학교,운영,35.21277759,128.5772354
B000007457,성호초등학교,초등학교,운영,35.2092723,128.5713543
B000007458,월영초등학교,초등학교,운영,35.19167165,128.5628724
B000007459,월포초등학교,초등학교,운영,35.18301572,128.5574966
B000007460,가포초등학교,초등학교,운영,35.15921481,128.5752292
B000007461,교방초등학교,초등학교,운영,35.21351763,128.5650545
B000007462,산호초등학교,초등학교,운영,35.21972208,128.5795948
B000007463,용마초등학교,초등학교,운영,35.21579113,128.5846544
B000007464,합포초등학교,초등학교,운영,35.21233241,128.5841074
B000007465,완월초등학교,초등학교,운영,35.20036632,128.5631695
B000007466,월성초등학교,초등학교,운영,35.19601945,128.5604733
B000007467,해운초등학교,초등학교,운영,35.17620554,128.5578346
B000007468,마산신월초등학교,초등학교,운영,35.17099201,128.5565457
B000007469,무학초등학교,초등학교,운영,35.20360532,128.5675079
B000007471,용남초등학교,초등학교,운영,35.23586998,128.6798045
B000007472,명도초등학교,초등학교,운영,35.25593918,128.644023
B000007473,사화초등학교,초등학교,운영,35.25227232,128.6172751
B000007474,창원초등학교,초등학교,운영,35.26563495,128.6197066
B000007475,중동초등학교,초등학교,운영,35.25948046,128.6234138
B000007476,대원초등학교,초등학교,운영,35.23361611,128.6510559
B000007477,도계초등학교,초등학교,운영,35.25869742,128.6393103
B000007478,명서초등학교,초등학교,운영,35.25038734,128.6440392
B000007479,명곡초등학교,초등학교,운영,35.24293744,128.6448386
B000007480,상북초등학교,초등학교,운영,35.24690926,128.6532662
B000007481,봉림초등학교,초등학교,운영,35.24624844,128.6779048
B000007482,소답초등학교,초등학교,운영,35.26515855,128.6288761
B000007483,창원신월초등학교,초등학교,운영,35.22576279,128.6931512
B000007484,용호초등학교,초등학교,운영,35.23370775,128.6756645
B000007485,평산초등학교,초등학교,운영,35.25083296,128.616710
B000007486,내동초등학교,초등학교,운영,35.22548514,128.6624836
B000007487,안민초등학교,초등학교,운영,35.18783651,128.6878501
B000007488,삼정자초등학교,초등학교,운영,35.2009006,128.7090978
B000007489,양곡초등학교,초등학교,운영,35.20225826,128.6268883
B000007490,남정초등학교,초등학교,운영,35.21084962,128.6921158
B000007491,성주초등학교,초등학교,운영,35.20550265,128.6987849
B000007492,창원남산초등학교,초등학교,운영,35.20593325,128.7045163
B000007493,남양초등학교,초등학교,운영,35.21206224,128.6982595
B000007494,대방초등학교,초등학교,운영,35.2113475,128.7068757
B000007495,안남초등학교,초등학교,운영,35.20909049,128.7103746
B000007496,대암초등학교,초등학교,운영,35.20586609,128.7094383
B000007497,반송초등학교,초등학교,운영,35.23736464,128.6697187
B000007498,유목초등학교,초등학교,운영,35.24478384,128.6637449
B000007499,토월초등학교,초등학교,운영,35.22742263,128.6985448
B000007500,사파초등학교,초등학교,운영,35.21931683,128.6972338
B000007501,웅남초등학교,초등학교,운영,35.21766862,128.6876607
B000007502,동산초등학교,초등학교,운영,35.214198,128.6901559
B000007503,창원상남초등학교,초등학교,운영,35.22158721,128.6894705
B000007504,외동초등학교,초등학교,운영,35.21671652,128.6813319
B000007505,용지초등학교,초등학교,운영,35.22889716,128.6719623
B000007506,도천초등학교,초등학교,운영,35.15274364,128.653898
B000007507,진해남산초등학교,초등학교,운영,35.14784036,128.6633177
B000007508,제황초등학교,초등학교,운영,35.14871995,128.6693135
B000007509,진해중앙초등학교,초등학교,운영,35.15542082,128.6754726
B000007510,동부초등학교,초등학교,운영,35.15575164,128.7023746
B000007511,석동초등학교,초등학교,운영,35.15781268,128.7068682
B000007512,장복초등학교,초등학교,운영,35.15786437,128.6951594
B000007513,풍호초등학교,초등학교,운영,35.13943503,128.710545
B000007514,덕산초등학교,초등학교,운영,35.14587867,128.7052484
B000007515,자은초등학교,초등학교,운영,35.14965907,128.7120764
B000007516,장천초등학교,초등학교,운영,35.12623873,128.7071896
B000007518,웅동초등학교,초등학교,운영,35.12709443,128.7838078
B000007519,용원초등학교,초등학교,운영,35.09744075,128.8182285
B000007520,안청초등학교,초등학교,운영,35.09984346,128.8065674
B000007521,안골포초등학교,초등학교,운영,35.10398498,128.8062297
B000007522,경화초등학교,초등학교,운영,35.15742814,128.6875009
B000007523,대야초등학교,초등학교,운영,35.15954661,128.6644414
B000007525,감천초등학교,초등학교,운영,35.20718738,128.5154752
B000007526,전안초등학교,초등학교,운영,35.21797225,128.5020761
B000007527,광려초등학교,초등학교,운영,35.22812274,128.5031333
B000007528,삼계초등학교,초등학교,운영,35.23266923,128.5004328
B000007529,안계초등학교,초등학교,운영,35.23141529,128.4944201
B000007530,중리초등학교,초등학교,운영,35.25598878,128.5200668
B000007531,호계초등학교,초등학교,운영,35.26562301,128.5228101
B000007532,상일초등학교,초등학교,운영,35.24457516,128.5069525
B000007533,봉강초등학교,초등학교,운영,35.35080275,128.6552335
B000007534,화양초등학교,초등학교,운영,35.30562566,128.6520009
B000007535,자여초등학교,초등학교,운영,35.27284821,128.7056635
B000007536,신방초등학교,초등학교,운영,35.28735623,128.6783653
B000007537,우산초등학교,초등학교,운영,35.10498551,128.478791
B000007538,진동초등학교,초등학교,운영,35.11862978,128.4900974
B000007539,하북초등학교,초등학교,운영,35.11618318,128.4697599
B000007540,진전초등학교,초등학교,운영,35.11022237,128.4150907
B000007541,반동초등학교,초등학교,운영,35.08771693,128.5843228
B000007542,구산초등학교,초등학교,운영,35.12047404,128.5791559
B000007544,온천초등학교,초등학교,운영,35.34942032,128.6049255
B000007545,대산초등학교,초등학교,운영,35.34028326,128.7095142
B000007546,일동초등학교,초등학교,운영,35.36860322,128.6872942
B000007547,신등초등학교,초등학교,운영,35.32101037,128.6991891
B000007548,우암초등학교,초등학교,운영,35.3339527,128.7303991
B000007550,하천초등학교,초등학교,운영,35.36926399,128.6046833
B000007551,구산초등학교구서분교장,초등학교,운영,35.12143941,128.538013
B000007554,진주교육대학교부설초등학교,초등학교,운영,35.18582508,128.0679281
B000007555,진주초등학교,초등학교,운영,35.19342956,128.0783609
B000007556,봉곡초등학교,초등학교,운영,35.19410351,128.0757823
B000007557,봉원초등학교,초등학교,운영,35.20145991,128.0702711
B000007558,봉래초등학교,초등학교,운영,35.20016135,128.0861878
B000007559,주약초등학교,초등학교,운영,35.17211514,128.0920596
B000007560,가좌초등학교,초등학교,운영,35.14957784,128.103332
B000007561,정촌초등학교,초등학교,운영,35.16077984,128.1082729
B000007562,도동초등학교,초등학교,운영,35.19015527,128.1176781
B000007563,초전초등학교,초등학교,운영,35.20787261,128.1144688
B000007565,망경초등학교,초등학교,운영,35.17888792,128.0823863
B000007566,남강초등학교,초등학교,운영,35.18377511,128.1097162
B000007567,가람초등학교,초등학교,운영,35.17359538,128.1014516
B000007568,배영초등학교,초등학교,운영,35.17667563,128.0670954
B000007569,신안초등학교,초등학교,운영,35.18258605,128.0680015
B000007571,촉석초등학교,초등학교,운영,35.19029789,128.0623635
B000007572,선학초등학교,초등학교,운영,35.19593369,128.1231397
B000007573,금성초등학교,초등학교,운영,35.19843972,128.1154788
B000007574,천전초등학교,초등학교,운영,35.18551147,128.0910377
B000007575,평거초등학교,초등학교,운영,35.16902176,128.045705
B000007576,신진초등학교,초등학교,운영,35.17486075,128.0664729
B000007577,동진초등학교,초등학교,운영,35.18779911,128.1245508
B000007578,문산초등학교,초등학교,운영,35.1706124,128.1626334
B000007579,내동초등학교,초등학교,운영,35.16512296,128.0676691
B000007580,관봉초등학교,초등학교,운영,35.13711732,128.1431455
B000007582,금곡초등학교,초등학교,운영,35.0900106,128.1852532
B000007583,진성초등학교,초등학교,운영,35.17030711,128.2246874
B000007584,반성초등학교,초등학교,운영,35.17007701,128.2857396
B000007585,이반성초등학교,초등학교,운영,35.17329962,128.3290479
B000007586,사봉초등학교,초등학교,운영,35.18935277,128.2691482
B000007587,지수초등학교,초등학교,운영,35.23347031,128.252440
B000007588,대곡초등학교,초등학교,운영,35.2581082,128.1770878
B000007589,금호초등학교,초등학교,운영,35.21901721,128.1436601
B000007590,금산초등학교,초등학교,운영,35.21530273,128.1443217
B000007591,집현초등학교,초등학교,운영,35.24215242,128.0927587
B000007592,미천초등학교,초등학교,운영,35.31901846,128.0880737
B000007593,명석초등학교,초등학교,운영,35.21810609,128.0402584
B000007595,수곡초등학교,초등학교,운영,35.20117977,127.9317405
B000007596,충렬초등학교,초등학교,운영,34.84759683,128.4164652
B000007597,두룡초등학교,초등학교,운영,34.83808852,128.4112521
B000007598,남포초등학교,초등학교,운영,34.82440195,128.4324231
B000007599,한려초등학교,초등학교,운영,34.82727303,128.4211386
B000007600,인평초등학교,초등학교,운영,34.84242728,128.394788
B000007601,통영초등학교,초등학교,운영,34.86305562,128.4250064
B000007602,진남초등학교,초등학교,운영,34.83310775,128.4090936
B000007603,유영초등학교,초등학교,운영,34.85139673,128.4262242
B000007604,충무초등학교,초등학교,운영,34.84838052,128.4303429
B000007605,산양초등학교,초등학교,운영,34.80165861,128.3898948
B000007607,도산초등학교,초등학교,운영,34.90216809,128.3614704
B000007608,광도초등학교,초등학교,운영,34.90077642,128.4060355
B000007609,벽방초등학교,초등학교,운영,34.94845464,128.4099257
B000007610,죽림초등학교,초등학교,운영,34.87681622,128.4168275
B000007611,용남초등학교,초등학교,운영,34.8703482,128.4432272
B000007612,원평초등학교,초등학교,운영,34.89474931,128.4585749
B000007613,욕지초등학교,초등학교,운영,34.63547636,128.2618999
B000007615,사량초등학교,초등학교,운영,34.84663343,128.2198383
B000007618,욕지초등학교연화분교장,초등학교,운영,34.64862618,128.3532992
B000007621,산양초등학교풍화분교장,초등학교,운영,34.82677989,128.3580467
B000007628,삼천포초등학교,초등학교,운영,34.92992167,128.0736344
B000007629,남양초등학교,초등학교,운영,34.97750101,128.064704
B000007630,대성초등학교,초등학교,운영,34.95330229,128.0774839
B000007631,용산초등학교,초등학교,운영,34.94342091,128.0987287
B000007632,노산초등학교,초등학교,운영,34.9300336,128.0837627
B000007633,문선초등학교,초등학교,운영,34.93483361,128.0789293
B000007634,대방초등학교,초등학교,운영,34.9318961,128.0658446
B000007635,사천초등학교,초등학교,운영,35.08367231,128.0927132
B000007636,수양초등학교,초등학교,운영,35.07899441,128.0893651
B000007637,축동초등학교,초등학교,운영,35.10779206,128.0906241
B000007638,서포초등학교,초등학교,운영,35.00851336,127.9767902
B000007639,곤양초등학교,초등학교,운영,35.0589275,127.9619438
B000007640,곤명초등학교,초등학교,운영,35.13028337,127.9743022
B000007641,정동초등학교,초등학교,운영,35.05779074,128.1240479
B000007642,동성초등학교,초등학교,운영,35.07620419,128.0869426
B000007643,삼성초등학교,초등학교,운영,35.0544403,128.0753912
B000007644,사남초등학교,초등학교,운영,35.05918948,128.065912
B000007645,용현초등학교,초등학교,운영,35.01321986,128.0628809
B000007651,김해동광초등학교,초등학교,운영,35.23641021,128.8871928
B000007652,김해합성초등학교,초등학교,운영,35.23732635,128.880242
B000007653,구산초등학교,초등학교,운영,35.25410197,128.8744875
B000007654,김해신명초등학교,초등학교,운영,35.27091324,128.864408
B000007655,삼계초등학교,초등학교,운영,35.267561,128.8638478
B000007656,화정초등학교,초등학교,운영,35.26302063,128.8655039
B000007657,분성초등학교,초등학교,운영,35.26543191,128.8731782
B000007658,임호초등학교,초등학교,운영,35.23377808,128.8695253
B000007659,봉명초등학교,초등학교,운영,35.23226514,128.8624912
B000007660,김해봉황초등학교,초등학교,운영,35.2224178,128.8698872
B000007661,칠산초등학교,초등학교,운영,35.21001649,128.8515415
B000007662,어방초등학교,초등학교,운영,35.24007876,128.8991838
B000007663,신어초등학교,초등학교,운영,35.24421072,128.9119003
B000007664,김해활천초등학교,초등학교,운영,35.23181885,128.9194783
B000007665,구봉초등학교,초등학교,운영,35.24083851,128.8737724
B000007666,김해구지초등학교,초등학교,운영,35.25298107,128.8697306
B000007667,우암초등학교,초등학교,운영,35.24330338,128.8667451
B000007668,김해내동초등학교,초등학교,운영,35.24264984,128.8589373
B000007669,경운초등학교,초등학교,운영,35.23842172,128.8606855
B000007670,삼방초등학교,초등학교,운영,35.24892927,128.9077058
B000007671,영운초등학교,초등학교,운영,35.25449932,128.9072397
B000007672,김해삼성초등학교,초등학교,운영,35.23307866,128.9006647
B000007673,김해대곡초등학교,초등학교,운영,35.24416034,128.8990264
B000007674,김해외동초등학교,초등학교,운영,35.23306056,128.8578757
B000007675,김해가야초등학교,초등학교,운영,35.23685032,128.8518857
B000007676,금산초등학교,초등학교,운영,35.29191269,128.7089201
B000007677,진영대창초등학교,초등학교,운영,35.30127033,128.7397152
B000007678,진영금병초등학교,초등학교,운영,35.30970084,128.7347751
B000007679,진영대흥초등학교,초등학교,운영,35.30400633,128.7253477
B000007680,금동초등학교,초등학교,운영,35.30876696,128.9295779
B000007681,이작초등학교,초등학교,운영,35.36068384,128.8370608
B000007682,생림초등학교,초등학교,운영,35.33245732,128.8477918
B000007683,장유초등학교,초등학교,운영,35.20509683,128.8118572
B000007684,계동초등학교,초등학교,운영,35.1847881,128.7956854
B000007685,월산초등학교,초등학교,운영,35.20059362,128.8054515
B000007686,덕정초등학교,초등학교,운영,35.1781328,128.7987197
B000007687,대청초등학교,초등학교,운영,35.18899726,128.8033321
B000007688,능동초등학교,초등학교,운영,35.19820279,128.7958321
B000007689,삼문초등학교,초등학교,운영,35.19826762,128.8030691
B000007690,석봉초등학교,초등학교,운영,35.19952631,128.8086852
B000007691,김해신안초등학교,초등학교,운영,35.17892804,128.7903314
B000007692,김해부곡초등학교,초등학교,운영,35.20639506,128.8000454
B000007693,주석초등학교,초등학교,운영,35.20266992,128.8024569
B000007694,수남초등학교,초등학교,운영,35.17062001,128.8189478
B000007695,율하초등학교,초등학교,운영,35.17167861,128.8078471
B000007699,안명초등학교,초등학교,운영,35.30441614,128.828010
B000007700,이북초등학교,초등학교,운영,35.30352614,128.8097031
B000007701,한림초등학교,초등학교,운영,35.32407723,128.7986611
B000007702,대진초등학교,초등학교,운영,35.25777272,128.7640203
B000007703,진례초등학교,초등학교,운영,35.24774012,128.756134
B000007704,대동초등학교,초등학교,운영,35.24347296,128.9802738
B000007705,대감초등학교,초등학교,운영,35.27358181,128.9811349
B000007707,용산초등학교,초등학교,운영,35.35431136,128.9030234
B000007708,밀주초등학교,초등학교,운영,35.47731607,128.762573
B000007709,밀성초등학교,초등학교,운영,35.50217327,128.7512064
B000007710,밀양초등학교,초등학교,운영,35.48941433,128.7554457
B000007711,미리벌초등학교,초등학교,운영,35.47959615,128.7489133
B000007713,수산초등학교,초등학교,운영,35.37574485,128.7118516
B000007714,삼랑진초등학교,초등학교,운영,35.40073127,128.8410114
B000007715,송진초등학교,초등학교,운영,35.39488596,128.8363389
B000007716,숭진초등학교,초등학교,운영,35.45331759,128.8010851
B000007718,산외초등학교,초등학교,운영,35.50366496,128.7967187
B000007719,태룡초등학교,초등학교,운영,35.51436449,128.8758479
B000007720,산내초등학교,초등학교,운영,35.58545914,128.8807434
B000007722,부북초등학교,초등학교,운영,35.51401969,128.7296377
B000007723,사포초등학교,초등학교,운영,35.47504878,128.7336037
B000007724,청도초등학교,초등학교,운영,35.55066839,128.6242272
B000007725,무안초등학교,초등학교,운영,35.4729283,128.651293
B000007726,초동초등학교,초등학교,운영,35.4121376,128.6909039
B000007727,상남초등학교,초등학교,운영,35.39338233,128.7771694
B000007728,예림초등학교,초등학교,운영,35.46813177,128.7623779
B000007729,산동초등학교,초등학교,운영,35.52557833,128.9117722
B000007730,산내남명초등학교,초등학교,운영,35.58775074,128.9544219
B000007731,거제고현초등학교,초등학교,운영,34.87372391,128.6288961
B000007732,삼룡초등학교,초등학교,운영,34.86193346,128.6441424
B000007733,수월초등학교,초등학교,운영,34.89038937,128.6433265
B000007734,신현초등학교,초등학교,운영,34.88805947,128.616487
B000007735,제산초등학교,초등학교,운영,34.88697707,128.6419328
B000007736,능포초등학교,초등학교,운영,34.88091003,128.7371196
B000007737,아주초등학교,초등학교,운영,34.86446676,128.6923575
B000007738,옥포초등학교,초등학교,운영,34.89234918,128.6897444
B000007739,국산초등학교,초등학교,운영,34.89669859,128.6940575
B000007740,진목초등학교,초등학교,운영,34.90163707,128.6840774
B000007741,마전초등학교,초등학교,운영,34.86000787,128.7203649
B000007742,장승포초등학교,초등학교,운영,34.86987849,128.7288769
B000007743,양지초등학교,초등학교,운영,34.89155773,128.6026004
B000007744,장평초등학교,초등학교,운영,34.89369665,128.6080243
B000007745,계룡초등학교,초등학교,운영,34.88110136,128.6249691
B000007746,중곡초등학교,초등학교,운영,34.89450811,128.6293222
B000007747,거제중앙초등학교,초등학교,운영,34.89568982,128.6347073
B000007748,대우초등학교,초등학교,운영,34.86078439,128.6849839
B000007749,연초초등학교,초등학교,운영,34.91212579,128.6516566
B000007750,송정초등학교,초등학교,운영,34.91818509,128.6736916
B000007751,오비초등학교,초등학교,운영,34.9228299,128.622399
B000007752,하청초등학교,초등학교,운영,34.95639742,128.6553746
B000007753,장목초등학교,초등학교,운영,34.99241634,128.6817414
B000007754,외포초등학교,초등학교,운영,34.94305644,128.7178101
B000007755,동부초등학교,초등학교,운영,34.82002097,128.6103842
B000007756,외간초등학교,초등학교,운영,34.85974801,128.5755679
B000007757,거제초등학교,초등학교,운영,34.85165504,128.5915861
B000007758,숭덕초등학교,초등학교,운영,34.83609522,128.495407
B000007759,오량초등학교,초등학교,운영,34.886733,128.4823859
B000007760,기성초등학교,초등학교,운영,34.90107949,128.5514903
B000007761,사등초등학교,초등학교,운영,34.91378021,128.5158876
B000007762,일운초등학교,초등학교,운영,34.82847429,128.7053678
B000007763,칠천초등학교,초등학교,운영,34.98422779,128.6247838
B000007764,명사초등학교,초등학교,운영,34.72570424,128.6036888
B000007765,창호초등학교,초등학교,운영,34.95564576,128.5204496
B000007766,동부초등학교율포분교장,초등학교,운영,34.77918062,128.5939535
B000007767,남산초등학교,초등학교,운영,35.32053534,128.2666517
B000007768,의령초등학교,초등학교,운영,35.32222111,128.2607757
B000007769,화정초등학교,초등학교,운영,35.27681531,128.2112171
B000007770,가례초등학교,초등학교,운영,35.33309509,128.2468385
B000007771,칠곡초등학교,초등학교,운영,35.34116838,128.195675
B000007772,대의초등학교,초등학교,운영,35.37061297,128.1092102
B000007773,용덕초등학교,초등학교,운영,35.34855405,128.2902288
B000007774,정곡초등학교,초등학교,운영,35.37981854,128.3246693
B000007775,부림초등학교,초등학교,운영,35.46558594,128.320737
B000007776,지정초등학교,초등학교,운영,35.38345913,128.387420
B000007777,유곡초등학교,초등학교,운영,35.43339261,128.313406
B000007778,남산초등학교궁류분교장,초등학교,운영,35.44772427,128.2475042
B000007779,부림초등학교봉수분교장,초등학교,운영,35.47914758,128.2400372
B000007780,낙서초등학교,초등학교,운영,35.48174334,128.4138517
B000007781,중앙초등학교,초등학교,운영,35.2930483,128.4002227
B000007782,가야초등학교,초등학교,운영,35.278068,128.4021172
B000007783,아라초등학교,초등학교,운영,35.27099829,128.4082427
B000007784,함안초등학교,초등학교,운영,35.24096191,128.4208815
B000007785,군북초등학교,초등학교,운영,35.25720743,128.3462402
B000007786,월촌초등학교,초등학교,운영,35.2912306,128.3029359
B000007787,법수초등학교,초등학교,운영,35.31783771,128.3804859
B000007788,산인초등학교,초등학교,운영,35.28979534,128.4333858
B000007789,문암초등학교,초등학교,운영,35.27205925,128.4575349
B000007790,대산초등학교,초등학교,운영,35.35163433,128.4311216
B000007791,유원초등학교,초등학교,운영,35.29777121,128.4963159
B000007792,칠원초등학교,초등학교,운영,35.30638389,128.5193031
B000007793,예곡초등학교,초등학교,운영,35.27671735,128.5329094
B000007794,호암초등학교,초등학교,운영,35.27407163,128.5209706
B000007796,칠서초등학교,초등학교,운영,35.33203612,128.4982877
B000007797,외암초등학교,초등학교,운영,35.20884005,128.4337305
B000007800,칠서초등학교이룡분교장,초등학교,운영,35.38759896,128.5056421
B000007801,명덕초등학교,초등학교,운영,35.54393534,128.4962973
B000007802,창녕초등학교,초등학교,운영,35.5368491,128.502002
B000007803,남지초등학교,초등학교,운영,35.38982126,128.471959
B000007804,동포초등학교,초등학교,운영,35.39009713,128.4784964
B000007805,유어초등학교,초등학교,운영,35.50944637,128.4110124
B000007806,대지초등학교,초등학교,운영,35.5572048,128.4641667
B000007807,이방초등학교장천분교장,초등학교,운영,35.59958782,128.3746252
B000007808,이방초등학교,초등학교,운영,35.57775984,128.3864982
B000007809,영산초등학교,초등학교,운영,35.45838312,128.5292217
B000007810,장마초등학교,초등학교,운영,35.45984075,128.4765061
B000007811,계창초등학교,초등학교,운영,35.48503528,128.5085269
B000007812,길곡초등학교,초등학교,운영,35.38502556,128.5677939
B000007813,부곡초등학교,초등학교,운영,35.43679975,128.6015618
B000007814,도천초등학교,초등학교,운영,35.43470345,128.5173154
B000007815,고암초등학교,초등학교,운영,35.57763144,128.5114792
B000007816,대합초등학교,초등학교,운영,35.61444444,128.4699981
B000007817,창녕성산초등학교,초등학교,운영,35.62384866,128.4780781
B000007818,부곡초등학교학포분교장,초등학교,운영,35.38192416,128.6334764
B000007819,신양초등학교,초등학교,운영,35.33390311,129.024588
B000007820,삽량초등학교,초등학교,운영,35.3318931,129.0289876
B000007821,양주초등학교,초등학교,운영,35.34226959,129.032398
B000007822,중부초등학교,초등학교,운영,35.3368242,129.0331402
B000007823,삼성초등학교,초등학교,운영,35.36414204,129.0476158
B000007824,북정초등학교,초등학교,운영,35.36071262,129.0421353
B000007825,신기초등학교,초등학교,운영,35.35208418,129.0404978
B000007827,웅상초등학교,초등학교,운영,35.39873719,129.1649214
B000007828,백동초등학교,초등학교,운영,35.40611606,129.1528503
B000007829,양산초등학교,초등학교,운영,35.34658483,129.0431791
B000007830,서창초등학교,초등학교,운영,35.41768874,129.1723578
B000007831,대운초등학교,초등학교,운영,35.40803857,129.173641
B000007832,덕계초등학교,초등학교,운영,35.37511901,129.1535923
B000007833,천성초등학교,초등학교,운영,35.37871955,129.1445863
B000007834,신명초등학교,초등학교,운영,35.38832306,129.142633
B000007835,평산초등학교,초등학교,운영,35.3869197,129.1544436
B000007836,성산초등학교,초등학교,운영,35.330218,129.0176657
B000007837,물금초등학교,초등학교,운영,35.31733666,128.990034
B000007838,범어초등학교,초등학교,운영,35.33153947,129.0058469
B000007839,오봉초등학교,초등학교,운영,35.33475152,129.0039227
B000007840,서남초등학교,초등학교,운영,35.32802601,128.9984144
B000007841,황산초등학교,초등학교,운영,35.3312217,129.0094393
B000007842,동산초등학교,초등학교,운영,35.30433222,129.0262644
B000007843,영천초등학교,초등학교,운영,35.31175385,129.1107853
B000007844,화제초등학교,초등학교,운영,35.35113202,128.9794136
B000007845,원동초등학교,초등학교,운영,35.36442757,128.9226636
B000007846,좌삼초등학교,초등학교,운영,35.44102579,129.0434678
B000007847,상북초등학교,초등학교,운영,35.41665437,129.0603378
B000007848,소토초등학교,초등학교,운영,35.37914795,129.0528536
B000007849,용연초등학교,초등학교,운영,35.4495096,129.0755203
B000007850,하북초등학교,초등학교,운영,35.48995828,129.0884935
B000007851,원동초등학교이천분교장,초등학교,운영,35.48742021,128.9852008
B000007852,율천초등학교,초등학교,운영,34.99230783,128.3281799
B000007853,대성초등학교,초등학교,운영,34.97577363,128.3231605
B000007855,고성초등학교,초등학교,운영,34.97623483,128.3197815
B000007856,회화초등학교,초등학교,운영,35.06218385,128.3737192
B000007857,구만초등학교,초등학교,운영,35.08851455,128.335541
B000007858,동광초등학교,초등학교,운영,35.00877915,128.4005598
B000007859,거류초등학교,초등학교,운영,34.99396254,128.404439
B000007860,방산초등학교,초등학교,운영,34.97162391,128.364242
B000007861,동해초등학교,초등학교,운영,35.04606235,128.4442729
B000007862,삼산초등학교,초등학교,운영,34.93741212,128.2735611
B000007863,하일초등학교,초등학교,운영,34.94603934,128.1899351
B000007864,하이초등학교,초등학교,운영,34.9295614,128.121671
B000007865,상리초등학교,초등학교,운영,34.99955433,128.1857997
B000007866,대흥초등학교,초등학교,운영,35.01602859,128.297353
B000007868,영오초등학교,초등학교,운영,35.1060286,128.216113
B000007869,개천초등학교,초등학교,운영,35.09839402,128.2596241
B000007870,마암초등학교,초등학교,운영,35.05652864,128.3359913
B000007872,해양초등학교,초등학교,운영,34.83414511,127.8951901
B000007873,남해초등학교,초등학교,운영,34.83874514,127.8919654
B000007874,이동초등학교,초등학교,운영,34.80396274,127.9520549
B000007875,상주초등학교,초등학교,운영,34.72387395,127.9865299
B000007876,미조초등학교,초등학교,운영,34.71565365,128.0414666
B000007877,삼동초등학교,초등학교,운영,34.80824552,128.0357654
B000007878,지족초등학교,초등학교,운영,34.83086351,128.0008435
B000007879,창선초등학교,초등학교,운영,34.85818089,128.0098495
B000007880,남명초등학교,초등학교,운영,34.77264651,127.8900292
B000007881,성명초등학교,초등학교,운영,34.80899698,127.8386693
B000007882,고현초등학교,초등학교,운영,34.89731972,127.8777373
B000007883,도마초등학교,초등학교,운영,34.8691038,127.8929745
B000007884,설천초등학교,초등학교,운영,34.92663032,127.9149526
B000007885,하동초등학교,초등학교,운영,35.06692842,127.7476853
B000007886,악양초등학교,초등학교,운영,35.16184587,127.7079434
B000007887,쌍계초등학교,초등학교,운영,35.23212388,127.6445912
B000007888,화개초등학교,초등학교,운영,35.19928811,127.6283246
B000007889,적량초등학교,초등학교,운영,35.08576662,127.773542
B000007890,횡천초등학교,초등학교,운영,35.11095536,127.8080579
B000007893,고전초등학교,초등학교,운영,35.02414876,127.8180526
B000007894,북천초등학교,초등학교,운영,35.11420979,127.8889485
B000007895,묵계초등학교청암분교장,초등학교,운영,35.15860775,127.7978084
B000007896,옥종초등학교,초등학교,운영,35.1812401,127.8832607
B000007897,진교초등학교,초등학교,운영,35.03471276,127.8991729
B000007898,진정초등학교,초등학교,운영,34.98533696,127.8246193
B000007899,노량초등학교,초등학교,운영,34.95182377,127.8566777
B000007900,궁항초등학교,초등학교,운영,34.97131127,127.7959797
B000007901,묵계초등학교,초등학교,운영,35.22850929,127.7351595
B000007902,갈육초등학교,초등학교,운영,34.94876005,127.7844995
B000007903,화개초등학교왕성분교장,초등학교,운영,35.26366168,127.6387961
B000007904,산청초등학교,초등학교,운영,35.41710516,127.8749758
B000007905,차황초등학교,초등학교,운영,35.46392402,127.927705
B000007906,금서초등학교,초등학교,운영,35.46113892,127.7919302
B000007907,생초초등학교,초등학교,운영,35.49515323,127.8362581
B000007908,덕산초등학교,초등학교,운영,35.27877939,127.8369416
B000007909,단성초등학교,초등학교,운영,35.29738957,127.9558601
B000007910,단계초등학교,초등학교,운영,35.37906329,128.0100889
B000007911,도산초등학교,초등학교,운영,35.3354132,127.9997368
B000007912,신안초등학교,초등학교,운영,35.30190327,127.9722079
B000007913,생비량초등학교,초등학교,운영,35.3464989,128.046984
B000007914,오부초등학교,초등학교,운영,35.49945733,127.8866404
B000007915,삼장초등학교,초등학교,운영,35.33515887,127.8391601
B000007916,신천초등학교,초등학교,운영,35.25995892,127.7804526
B000007917,위성초등학교,초등학교,운영,35.52364424,127.7320407
B000007918,위림초등학교,초등학교,운영,35.5216893,127.7193166
B000007919,함양초등학교,초등학교,운영,35.52102041,127.7267985
B000007920,수동초등학교,초등학교,운영,35.52327173,127.7909028
B000007921,안의초등학교,초등학교,운영,35.62904243,127.8088912
B000007922,서하초등학교,초등학교,운영,35.64924402,127.6982289
B000007923,서상초등학교,초등학교,운영,35.68391808,127.6869067
B000007924,지곡초등학교,초등학교,운영,35.56614835,127.771522
B000007925,병곡초등학교,초등학교,운영,35.52900882,127.6902503
B000007926,백전초등학교,초등학교,운영,35.55282017,127.6349621
B000007927,유림초등학교,초등학교,운영,35.47252104,127.7930744
B000007928,금반초등학교,초등학교,운영,35.47715232,127.736603
B000007929,마천초등학교,초등학교,운영,35.38682486,127.6593431
B000007930,창동초등학교,초등학교,운영,35.68987659,127.922233
B000007931,창남초등학교,초등학교,운영,35.68308147,127.9166304
B000007932,월천초등학교,초등학교,운영,35.71382296,127.9169681
B000007933,아림초등학교,초등학교,운영,35.6892945,127.904737
B000007934,거창초등학교,초등학교,운영,35.6875316,127.9100892
B000007935,샛별초등학교,초등학교,운영,35.69175768,127.9121537
B000007936,주상초등학교,초등학교,운영,35.74952313,127.9142324
B000007937,웅양초등학교,초등학교,운영,35.80323292,127.9153637
B000007938,북상초등학교,초등학교,운영,35.78009585,127.8170386
B000007939,위천초등학교,초등학교,운영,35.75214471,127.8287509
B000007940,마리초등학교,초등학교,운영,35.70257339,127.8535867
B000007941,신원초등학교,초등학교,운영,35.5659448,127.9253172
B000007942,남상초등학교,초등학교,운영,35.64501258,127.9105881
B000007943,남하초등학교,초등학교,운영,35.65906513,127.9466416
B000007944,가조초등학교,초등학교,운영,35.71149883,128.0136443
B000007945,가북초등학교,초등학교,운영,35.76329407,127.9926636
B000007946,고제초등학교,초등학교,운영,35.83826388,127.8768724
B000007947,남정초등학교,초등학교,운영,35.56285937,128.1570627
B000007948,합천초등학교,초등학교,운영,35.56501949,128.1644538
B000007949,영전초등학교,초등학교,운영,35.57221291,128.2184728
B000007950,초계초등학교,초등학교,운영,35.55980242,128.263608
B000007951,적중초등학교,초등학교,운영,35.54620278,128.2814966
B000007952,쌍책초등학교,초등학교,운영,35.57468324,128.2835882
B000007953,청덕초등학교,초등학교,운영,35.55697375,128.3153144
B000007954,묘산초등학교,초등학교,운영,35.65870823,128.1107824
B000007955,야로초등학교,초등학교,운영,35.71173042,128.1784003
B000007958,용주초등학교,초등학교,운영,35.53943302,128.1146428
B000007959,대병초등학교,초등학교,운영,35.51911456,128.0111095
B000007960,봉산초등학교,초등학교,운영,35.62592889,128.0402402
B000007961,대양초등학교,초등학교,운영,35.51731692,128.1731514
B000007962,쌍백초등학교,초등학교,운영,35.44015213,128.1470455
B000007963,삼가초등학교,초등학교,운영,35.41244973,128.118354
B000007964,가회초등학교,초등학교,운영,35.43507835,128.0344205
B000007965,초계초등학교덕곡분교장,초등학교,운영,35.62942312,128.3210491
B000007967,이도초등학교,초등학교,운영,33.48789867,126.5321344
B000007968,하귀일초등학교,초등학교,운영,33.48390197,126.4151797
B000007969,제주대학교교육대학부설초등학교,초등학교,운영,33.51393117,126.5522692
B000007970,삼성초등학교,초등학교,운영,33.50346053,126.5248832
B000007971,화북초등학교,초등학교,운영,33.51862452,126.5613927
B000007972,삼양초등학교,초등학교,운영,33.52085913,126.5858906
B000007973,봉개초등학교,초등학교,운영,33.49003135,126.5938134
B000007974,아라초등학교,초등학교,운영,33.47725479,126.5437398
B000007975,영평초등학교,초등학교,운영,33.47871171,126.5674875
B000007976,오라초등학교,초등학교,운영,33.48926553,126.5138529
B000007977,외도초등학교,초등학교,운영,33.49246577,126.4346988
B000007978,해안초등학교,초등학교,운영,33.45703335,126.4545476
B000007979,도평초등학교,초등학교,운영,33.48082926,126.4467736
B000007980,도리초등학교,초등학교,운영,33.50185617,126.4654959
B000007981,제주동초등학교,초등학교,운영,33.51390064,126.5341722
B000007982,한라초등학교,초등학교,운영,33.4778157,126.4864335
B000007983,월랑초등학교,초등학교,운영,33.49312138,126.4784428
B000007984,노형초등학교,초등학교,운영,33.48488083,126.4765606
B000007985,도남초등학교,초등학교,운영,33.4931687,126.5261625
B000007986,제주북초등학교,초등학교,운영,33.51499283,126.5213837
B000007987,제주남초등학교,초등학교,운영,33.50996313,126.5211755
B000007988,제주중앙초등학교,초등학교,운영,33.50258332,126.5150136
B000007989,신제주초등학교,초등학교,운영,33.4829105,126.4978125
B000007990,신광초등학교,초등학교,운영,33.49206857,126.4836685
B000007991,한천초등학교,초등학교,운영,33.50733353,126.5127972
B000007992,제주서초등학교,초등학교,운영,33.51148514,126.5096832
B000007993,광양초등학교,초등학교,운영,33.50251511,126.5301971
B000007994,동광초등학교,초등학교,운영,33.50173412,126.5471421
B000007995,인화초등학교,초등학교,운영,33.50699122,126.5377495
B000007996,일도초등학교,초등학교,운영,33.50907824,126.5294157
B000007997,동화초등학교,초등학교,운영,33.51852927,126.5757566
B000007998,백록초등학교,초등학교,운영,33.48710078,126.4702267
B000007999,남광초등학교,초등학교,운영,33.49311656,126.5395938
B000008000,곽금초등학교,초등학교,운영,33.44712742,126.3071662
B000008001,광령초등학교,초등학교,운영,33.45925786,126.4362287
B000008002,구엄초등학교,초등학교,운영,33.47355827,126.3752767
B000008003,납읍초등학교,초등학교,운영,33.4354432,126.3306486
B000008004,어도초등학교,초등학교,운영,33.42019297,126.3131765
B000008005,물메초등학교,초등학교,운영,33.46618837,126.3914319
B000008006,애월초등학교,초등학교,운영,33.46548949,126.3224061
B000008007,장전초등학교,초등학교,운영,33.44939437,126.3907374
B000008008,하귀초등학교,초등학교,운영,33.47978728,126.4018893
B000008009,귀덕초등학교,초등학교,운영,33.44183667,126.2931608
B000008010,금악초등학교,초등학교,운영,33.35664546,126.2963556
B000008011,수원초등학교,초등학교,운영,33.42609303,126.2700998
B000008012,한림초등학교,초등학교,운영,33.4110704,126.2602319
B000008013,재릉초등학교,초등학교,운영,33.38866901,126.2383722
B000008014,대흘초등학교,초등학교,운영,33.49959967,126.6577719
B000008015,신촌초등학교,초등학교,운영,33.53447338,126.6195153
B000008016,조천초등학교,초등학교,운영,33.53565426,126.6343499
B000008017,함덕초등학교,초등학교,운영,33.53868435,126.6716504
B000008018,북촌초등학교,초등학교,운영,33.54793526,126.6913627
B000008019,김녕초등학교,초등학교,운영,33.55488251,126.7499135
B000008020,세화초등학교,초등학교,운영,33.52273262,126.8589201
B000008021,평대초등학교,초등학교,운영,33.5295992,126.840142
B000008022,구좌중앙초등학교,초등학교,운영,33.55208708,126.7981005
B000008023,종달초등학교,초등학교,운영,33.49277175,126.8972645
B000008024,하도초등학교,초등학교,운영,33.51747997,126.877557
B000008025,송당초등학교,초등학교,운영,33.47090122,126.7811144
B000008026,한동초등학교,초등학교,운영,33.53912963,126.8290084
B000008027,더럭초등학교,초등학교,운영,33.45359494,126.3451713
B000008028,조천초등학교교래분교장,초등학교,운영,33.43650075,126.6780473
B000008029,선흘초등학교,초등학교,운영,33.51505511,126.7046052
B000008030,김녕초등학교동복분교장,초등학교,운영,33.55240328,126.7135735
B000008031,고산초등학교,초등학교,운영,33.30452697,126.1768735
B000008032,신창초등학교,초등학교,운영,33.34898229,126.1851933
B000008033,저청초등학교,초등학교,운영,33.32627333,126.2512136
B000008034,추자초등학교,초등학교,운영,33.96431677,126.2962962
B000008035,우도초등학교,초등학교,운영,33.50514824,126.9554325
B000008037,추자초등학교신양분교장,초등학교,운영,33.94464889,126.3252092
B000008038,함덕초등학교선인분교장,초등학교,운영,33.45942788,126.7042879
B000008039,보목초등학교,초등학교,운영,33.24504279,126.5996175
B000008040,효돈초등학교,초등학교,운영,33.26467175,126.6153891
B000008041,법환초등학교,초등학교,운영,33.23773943,126.5088334
B000008042,예래초등학교,초등학교,운영,33.24574733,126.3915555
B000008043,하원초등학교,초등학교,운영,33.25334293,126.4594523
B000008044,강정초등학교,초등학교,운영,33.23500897,126.4786657
B000008045,도순초등학교,초등학교,운영,33.2475799,126.477227
B000008046,동홍초등학교,초등학교,운영,33.26064367,126.5697459
B000008047,서귀포초등학교,초등학교,운영,33.24450481,126.5665408
B000008048,서귀중앙초등학교,초등학교,운영,33.25250801,126.5643137
B000008049,새서귀초등학교,초등학교,운영,33.25667725,126.5133114
B000008050,서귀북초등학교,초등학교,운영,33.26026985,126.5582756
B000008051,서귀서초등학교,초등학교,운영,33.25432127,126.5560258
B000008052,중문초등학교,초등학교,운영,33.25302345,126.4301596
B000008053,토평초등학교,초등학교,운영,33.26630439,126.5897627
B000008054,서호초등학교,초등학교,운영,33.25378497,126.5285133
B000008055,동남초등학교,초등학교,운영,33.4493879,126.9140525
B000008056,수산초등학교,초등학교,운영,33.44710826,126.8848955
B000008057,시흥초등학교,초등학교,운영,33.47972349,126.8949188
B000008058,성산초등학교,초등학교,운영,33.4683629,126.931864
B000008059,신산초등학교,초등학교,운영,33.38162137,126.8755684
B000008060,풍천초등학교,초등학교,운영,33.34927869,126.8501638
B000008061,온평초등학교,초등학교,운영,33.40844659,126.8972158
B000008062,보성초등학교,초등학교,운영,33.24993808,126.2758247
B000008063,대정서초등학교,초등학교,운영,33.23207825,126.2395591
B000008064,무릉초등학교,초등학교,운영,33.27282519,126.2014269
B000008065,대정초등학교,초등학교,운영,33.22559249,126.2556877
B000008066,남원초등학교,초등학교,운영,33.27898087,126.7152073
B000008067,흥산초등학교,초등학교,운영,33.3003091,126.7648491
B000008068,의귀초등학교,초등학교,운영,33.31111895,126.714628
B000008069,신례초등학교,초등학교,운영,33.28468832,126.6317123
B000008070,위미초등학교,초등학교,운영,33.27410633,126.6528271
B000008071,태흥초등학교,초등학교,운영,33.28622541,126.7434137
B000008072,하례초등학교,초등학교,운영,33.26498644,126.6313153
B000008073,토산초등학교,초등학교,운영,33.31257557,126.7772676
B000008074,성읍초등학교,초등학교,운영,33.38427482,126.7985093
B000008075,한마음초등학교,초등학교,운영,33.3523561,126.8145563
B000008076,가마초등학교,초등학교,운영,33.30594577,126.7994893
B000008077,표선초등학교,초등학교,운영,33.32994427,126.834314
B000008078,창천초등학교,초등학교,운영,33.2634386,126.3696474
B000008079,덕수초등학교,초등학교,운영,33.25195977,126.3042902
B000008080,사계초등학교,초등학교,운영,33.23373681,126.3001334
B000008081,서광초등학교,초등학교,운영,33.2883923,126.3263777
B000008082,안덕초등학교,초등학교,운영,33.25026576,126.3367729
B000008083,대정초등학교가파분교장,초등학교,운영,33.16918665,126.2698834
B000008085,숭인중학교,중학교,운영,37.57392046,127.0440889
B000008086,장평중학교,중학교,운영,37.56685961,127.0704776
B000008087,전일중학교,중학교,운영,37.58250018,127.0583795
B000008088,전농중학교,중학교,운영,37.58204428,127.0592794
B000008089,동대문중학교,중학교,운영,37.57452207,127.0519943
B000008090,성일중학교,중학교,운영,37.58185023,127.0338291
B000008091,청량중학교,중학교,운영,37.58821921,127.0506225
B000008092,전동중학교,중학교,운영,37.58619359,127.0709291
B000008093,휘경중학교,중학교,운영,37.58709299,127.0617461
B000008094,경희중학교,중학교,운영,37.59394914,127.054891
B000008095,동국대학교사범대학부속중학교,중학교,운영,37.57804718,127.0751705
B000008096,정화여자중학교,중학교,운영,37.58604864,127.0410078
B000008097,휘경여자중학교,중학교,운영,37.58190052,127.0674341
B000008098,경희여자중학교,중학교,운영,37.59394914,127.054891
B000008099,대광중학교,중학교,운영,37.57795467,127.0253235
B000008100,동원중학교,중학교,운영,37.60380725,127.1094981
B000008101,봉화중학교,중학교,운영,37.59582753,127.1043156
B000008102,중화중학교,중학교,운영,37.58450379,127.0945608
B000008103,면목중학교,중학교,운영,37.58321586,127.0963033
B000008104,용마중학교,중학교,운영,37.5745074,127.0862687
B000008105,원묵중학교,중학교,운영,37.61777209,127.0843728
B000008106,태릉중학교,중학교,운영,37.61253191,127.0834355
B000008107,상봉중학교,중학교,운영,37.60152799,127.0901246
B000008108,신현중학교,중학교,운영,37.60441346,127.0915328
B000008109,중랑중학교,중학교,운영,37.60535089,127.0807928
B000008110,장안중학교,중학교,운영,37.60077444,127.0809965
B000008111,송곡중학교,중학교,운영,37.60668904,127.1051455
B000008112,영란여자중학교,중학교,운영,37.6031324,127.1053324
B000008113,혜원여자중학교,중학교,운영,37.59327987,127.0970427
B000008114,구산중학교,중학교,운영,37.60987202,126.9094887
B000008115,증산중학교,중학교,운영,37.58344275,126.9041567
B000008116,신도중학교,중학교,운영,37.63298366,126.9308787
B000008117,진관중학교,중학교,운영,37.64425564,126.9257277
B000008118,은평중학교,중학교,운영,37.61061869,126.9083472
B000008119,불광중학교,중학교,운영,37.62320355,126.9321291
B000008120,연신중학교,중학교,운영,37.62353926,126.9242879
B000008121,연천중학교,중학교,운영,37.62754521,126.9258198
B000008122,상신중학교,중학교,운영,37.58978547,126.9064249
B000008123,덕산중학교,중학교,운영,37.6022574,126.9046771
B000008124,연서중학교,중학교,운영,37.58704446,126.9092766
B000008125,대성중학교,중학교,운영,37.62314228,126.9097907
B000008126,숭실중학교,중학교,운영,37.59327482,126.9024039
B000008127,선일여자중학교,중학교,운영,37.62030421,126.9119931
B000008128,예일여자중학교,중학교,운영,37.6109459,126.9147928
B000008129,선정중학교,중학교,운영,37.61870451,126.9090316
B000008130,영락중학교,중학교,운영,37.5969603,126.9251334
B000008131,충암중학교,중학교,운영,37.58464029,126.9218095
B000008132,연희중학교,중학교,운영,37.57958728,126.9187918
B000008133,신연중학교,중학교,운영,37.58271543,126.9398364
B000008134,연북중학교,중학교,운영,37.57758095,126.9384801
B000008135,서연중학교,중학교,운영,37.56822527,126.9273336
B000008136,홍은중학교,중학교,운영,37.59189151,126.9357524
B000008137,인왕중학교,중학교,운영,37.59427355,126.9484284
B000008138,인창중학교,중학교,운영,37.56488513,126.9640232
B000008139,한성중학교,중학교,운영,37.55909644,126.9544565
B000008140,동명여자중학교,중학교,운영,37.56861542,126.9622529
B000008141,중앙여자중학교,중학교,운영,37.56317672,126.9540593
B000008142,정원여자중학교,중학교,운영,37.58538212,126.9333431
B000008143,이화여자대학교사범대학부속이화·금란중학교,중학교,운영,37.56264282,126.9444886
B000008144,명지중학교,중학교,운영,37.58491135,126.9270902
B000008145,서울여자중학교,중학교,운영,37.5477805,126.949070
B000008146,성사중학교,중학교,운영,37.5680911,126.912683
B000008147,창천중학교,중학교,운영,37.55498958,126.9392951
B000008148,성서중학교,중학교,운영,37.5627873,126.9079522
B000008149,신수중학교,중학교,운영,37.545923,126.934132
B000008150,아현중학교,중학교,운영,37.55640071,126.956500
B000008151,중암중학교,중학교,운영,37.57243177,126.9035851
B000008152,성산중학교,중학교,운영,37.54731637,126.9165628
B000008153,상암중학교,중학교,운영,37.57905692,126.8875508
B000008154,숭문중학교,중학교,운영,37.55089081,126.9457689
B000008155,광성중학교,중학교,운영,37.54869756,126.9359696
B000008156,경성중학교,중학교,운영,37.56351064,126.9191663
B000008157,홍익대학교사범대학부속여자중학교,중학교,운영,37.55964474,126.9132084
B000008158,동도중학교,중학교,운영,37.54670177,126.9469053
B000008159,구일중학교,중학교,운영,37.49530091,126.8737702
B000008160,신도림중학교,중학교,운영,37.51074073,126.8848071
B000008161,경인중학교,중학교,운영,37.49846566,126.8536725
B000008162,오남중학교,중학교,운영,37.48705969,126.837249
B000008163,개봉중학교,중학교,운영,37.50352932,126.8423998
B000008164,개웅중학교,중학교,운영,37.4875269,126.8510711
B000008165,고척중학교,중학교,운영,37.49974083,126.8613425
B000008166,오류중학교,중학교,운영,37.50786222,126.8462113
B000008167,구로중학교,중학교,운영,37.49485972,126.8910999
B000008168,영림중학교,중학교,운영,37.49721962,126.8906895
B000008169,영서중학교,중학교,운영,37.48911393,126.8956154
B000008170,우신중학교,중학교,운영,37.49490231,126.8263536
B000008171,시흥중학교,중학교,운영,37.44629507,126.9050823
B000008172,문성중학교,중학교,운영,37.4754682,126.9084938
B000008173,세일중학교,중학교,운영,37.47459441,126.8953689
B000008174,가산중학교,중학교,운영,37.46877706,126.8944749
B000008176,난곡중학교,중학교,운영,37.47804558,126.9107916
B000008177,안천중학교,중학교,운영,37.45952426,126.8874988
B000008178,문일중학교,중학교,운영,37.44891526,126.8987207
B000008179,동일중학교,중학교,운영,37.45193626,126.9158199
B000008180,영원중학교,중학교,운영,37.51497419,126.9136469
B000008181,당산중학교,중학교,운영,37.53203308,126.907614
B000008182,당산서중학교,중학교,운영,37.53248394,126.8988251
B000008183,문래중학교,중학교,운영,37.52041829,126.8841404
B000008184,선유중학교,중학교,운영,37.53328647,126.8943293
B000008185,영남중학교,중학교,운영,37.49787218,126.8958365
B000008186,대림중학교,중학교,운영,37.49231887,126.9074673
B000008187,양화중학교,중학교,운영,37.5196596,126.8959945
B000008188,대영중학교,중학교,운영,37.50343784,126.905208
B000008189,윤중중학교,중학교,운영,37.51897848,126.9241232
B000008190,여의도중학교,중학교,운영,37.5239802,126.9357531
B000008191,북서울중학교,중학교,운영,37.68154186,127.0428342
B000008192,도봉중학교,중학교,운영,37.67088384,127.0458717
B000008193,신방학중학교,중학교,운영,37.66414043,127.028899
B000008194,방학중학교,중학교,운영,37.66546957,127.030859
B000008195,창동중학교,중학교,운영,37.66322957,127.0489975
B000008196,백운중학교,중학교,운영,37.65640592,127.0359041
B000008197,신도봉중학교,중학교,운영,37.64959473,127.0332017
B000008198,효문중학교,중학교,운영,37.65269871,127.0184005
B000008199,노곡중학교,중학교,운영,37.64880251,127.0537437
B000008200,창일중학교,중학교,운영,37.64898751,127.0469136
B000008201,창북중학교,중학교,운영,37.64911577,127.0388329
B000008202,정의여자중학교,중학교,운영,37.65335584,127.0324273
B000008203,선덕중학교,중학교,운영,37.65634868,127.0268766
B000008204,상원중학교,중학교,운영,37.67176621,127.0595044
B000008205,상경중학교,중학교,운영,37.66714877,127.0537053
B000008206,하계중학교,중학교,운영,37.64136991,127.0723336
B000008207,불암중학교,중학교,운영,37.64573547,127.0734572
B000008208,공릉중학교,중학교,운영,37.62222778,127.0836019
B000008209,태랑중학교,중학교,운영,37.62698409,127.0913718
B000008210,한천중학교,중학교,운영,37.63131395,127.0724683
B000008211,상계중학교,중학교,운영,37.65260154,127.0689222
B000008212,온곡중학교,중학교,운영,37.66058142,127.0643327
B000008213,노원중학교,중학교,운영,37.64936114,127.059692
B000008214,노일중학교,중학교,운영,37.67260103,127.0535508
B000008215,수락중학교,중학교,운영,37.68314469,127.0548083
B000008216,녹천중학교,중학교,운영,37.63108361,127.0617375
B000008217,월계중학교,중학교,운영,37.63113114,127.0523203
B000008218,신창중학교,중학교,운영,37.6285588,127.0474776
B000008219,상계제일중학교,중학교,운영,37.6610756,127.0780785
B000008220,중계중학교,중학교,운영,37.65563822,127.0752409
B000008221,을지중학교,중학교,운영,37.64978791,127.0717084
B000008222,중원중학교,중학교,운영,37.64423868,127.0680295
B000008223,중평중학교,중학교,운영,37.63697638,127.0623933
B000008224,신상중학교,중학교,운영,37.65190308,127.0639869
B000008225,광운중학교,중학교,운영,37.61923977,127.0565452
B000008226,염광중학교,중학교,운영,37.6302165,127.0492646
B000008227,상명중학교,중학교,운영,37.64954781,127.0680416
B000008228,청원중학교,중학교,운영,37.66525155,127.0625329
B000008229,재현중학교,중학교,운영,37.66126447,127.0807998
B000008230,서울대학교사범대학부설여자중학교,중학교,운영,37.5775997,127.0042955
B000008231,청운중학교,중학교,운영,37.58916985,126.9710959
B000008232,대신중학교,중학교,운영,37.57310947,126.9612545
B000008233,동성중학교,중학교,운영,37.58496996,127.0030976
B000008234,경신중학교,중학교,운영,37.59220227,126.999531
B000008235,덕성여자중학교,중학교,운영,37.57778598,126.9819235
B000008236,배화여자중학교,중학교,운영,37.57954401,126.9672919
B000008237,상명대학교사범대학부속여자중학교,중학교,운영,37.60410891,126.9551595
B000008238,중앙중학교,중학교,운영,37.58378822,126.9874726
B000008239,창덕여자중학교,중학교,운영,37.5664328,126.9692102
B000008240,금호중학교,중학교,운영,37.5580382,127.0204612
B000008241,덕수중학교,중학교,운영,37.56557957,126.9969973
B000008242,장원중학교,중학교,운영,37.55396452,127.0060429
B000008244,한양중학교,중학교,운영,37.5658716,127.0114433
B000008245,대경중학교,중학교,운영,37.55637326,127.0169792
B000008246,장충중학교,중학교,운영,37.5535149,127.006415
B000008247,용산중학교,중학교,운영,37.54600281,126.9809763
B000008248,선린중학교,중학교,운영,37.54296872,126.9649361
B000008249,한강중학교,중학교,운영,37.52361192,126.9927909
B000008250,용강중학교,중학교,운영,37.52157693,126.9754853
B000008251,오산중학교,중학교,운영,37.52358051,127.0008872
B000008252,배문중학교,중학교,운영,37.54991872,126.9639041
B000008253,신광여자중학교,중학교,운영,37.54289988,126.9694475
B000008254,보성여자중학교,중학교,운영,37.54308154,126.9842842
B000008255,성심여자중학교,중학교,운영,37.53420937,126.9545934
B000008256,방산중학교,중학교,운영,37.50937287,127.1218756
B000008257,서울체육중학교,중학교,운영,37.52233038,127.1298226
B000008258,오륜중학교,중학교,운영,37.51632395,127.1389238
B000008259,가원중학교,중학교,운영,37.49099949,127.1231711
B000008260,문정중학교,중학교,운영,37.48848095,127.1300209
B000008261,신천중학교,중학교,운영,37.51625001,127.0792834
B000008262,잠신중학교,중학교,운영,37.51613937,127.087802
B000008263,잠실중학교,중학교,운영,37.51781757,127.0986662
B000008264,석촌중학교,중학교,운영,37.50145499,127.1211174
B000008265,송파중학교,중학교,운영,37.49592462,127.1299138
B000008266,거원중학교,중학교,운영,37.48772386,127.1465491
B000008267,방이중학교,중학교,운영,37.51501058,127.1132445
B000008268,가락중학교,중학교,운영,37.50248553,127.1187527
B000008269,세륜중학교,중학교,운영,37.50893314,127.1312464
B000008270,오금중학교,중학교,운영,37.50527064,127.1288011
B000008271,오주중학교,중학교,운영,37.50150661,127.1362653
B000008272,풍납중학교,중학교,운영,37.52536544,127.1156283
B000008273,풍성중학교,중학교,운영,37.52543858,127.1128839
B000008274,아주중학교,중학교,운영,37.50523028,127.0765497
B000008275,문현중학교,중학교,운영,37.48058417,127.1279464
B000008276,보성중학교,중학교,운영,37.52008989,127.1357293
B000008277,배명중학교,중학교,운영,37.4976895,127.0958118
B000008278,보인중학교,중학교,운영,37.4975692,127.1395178
B000008279,영파여자중학교,중학교,운영,37.53273562,127.1197395
B000008280,잠실여자중학교,중학교,운영,37.50177714,127.1142413
B000008281,정신여자중학교,중학교,운영,37.50945384,127.0738473
B000008282,강명중학교,중학교,운영,37.5554045,127.1750136
B000008283,천일중학교,중학교,운영,37.54590987,127.1276362
B000008284,둔촌중학교,중학교,운영,37.53083609,127.1463317
B000008285,강동중학교,중학교,운영,37.56965025,127.177836
B000008286,고덕중학교,중학교,운영,37.56036661,127.1616435
B000008287,명일중학교,중학교,운영,37.55759545,127.1472905
B000008288,신명중학교,중학교,운영,37.54181449,127.1492919
B000008289,한산중학교,중학교,운영,37.52890274,127.1403034
B000008290,성내중학교,중학교,운영,37.52906191,127.1291173
B000008291,신암중학교,중학교,운영,37.55636169,127.1336043
B000008292,강일중학교,중학교,운영,37.5553497,127.1382586
B000008293,천호중학교,중학교,운영,37.54651926,127.139698
B000008294,동신중학교,중학교,운영,37.53676952,127.1343666
B000008295,배재중학교,중학교,운영,37.55505939,127.1502473
B000008296,동북중학교,중학교,운영,37.52024061,127.1394507
B000008297,상일중학교,중학교,운영,37.54858748,127.1708235
B000008298,성덕여자중학교,중학교,운영,37.54996367,127.1419039
B000008299,한영중학교,중학교,운영,37.54914056,127.1577731
B000008300,목운중학교,중학교,운영,37.52700952,126.8730442
B000008301,양동중학교,중학교,운영,37.54836875,126.8687172
B000008302,신목중학교,중학교,운영,37.53702399,126.8730725
B000008303,신서중학교,중학교,운영,37.51596644,126.8550164
B000008304,목일중학교,중학교,운영,37.51354095,126.8740325
B000008305,신남중학교,중학교,운영,37.52077389,126.8478926
B000008307,신월중학교,중학교,운영,37.54046194,126.828389
B000008308,신원중학교,중학교,운영,37.5370925,126.8248419
B000008309,양서중학교,중학교,운영,37.53262929,126.8291351
B000008310,양강중학교,중학교,운영,37.52491016,126.849688
B000008311,양천중학교,중학교,운영,37.51900116,126.8305508
B000008312,강신중학교,중학교,운영,37.51513716,126.8381601
B000008313,목동중학교,중학교,운영,37.5209572,126.8714631
B000008314,금옥중학교,중학교,운영,37.51096532,126.8439717
B000008315,월촌중학교,중학교,운영,37.53706518,126.8827588
B000008316,영도중학교,중학교,운영,37.53631557,126.8657711
B000008317,양정중학교,중학교,운영,37.53538402,126.8877343
B000008318,봉영여자중학교,중학교,운영,37.50921598,126.8601984
B000008319,등명중학교,중학교,운영,37.56019335,126.8433041
B000008320,성재중학교,중학교,운영,37.56944938,126.8452953
B000008321,삼정중학교,중학교,운영,37.5814869,126.8106015
B000008322,수명중학교,중학교,운영,37.54856699,126.8240596
B000008324,경서중학교,중학교,운영,37.56124186,126.857764
B000008325,공항중학교,중학교,운영,37.56217751,126.8149668
B000008326,송정중학교,중학교,운영,37.55315807,126.8152435
B000008327,백석중학교,중학교,운영,37.54829091,126.8589539
B000008328,방화중학교,중학교,운영,37.56433471,126.8071069
B000008329,방원중학교,중학교,운영,37.57597576,126.8086174
B000008330,염창중학교,중학교,운영,37.55426407,126.8717473
B000008331,염경중학교,중학교,운영,37.55453781,126.8705292
B000008332,화원중학교,중학교,운영,37.53621409,126.8424164
B000008333,등원중학교,중학교,운영,37.55971763,126.8516806
B000008334,마포중학교,중학교,운영,37.55998867,126.8531334
B000008335,화곡중학교,중학교,운영,37.5484056,126.8326573
B000008336,명덕여자중학교,중학교,운영,37.55394399,126.8342914
B000008337,신정여자중학교,중학교,운영,37.53838143,126.8570622
B000008338,덕원중학교,중학교,운영,37.54862258,126.8290245
B000008339,등촌중학교,중학교,운영,37.55248221,126.8592148
B000008341,이수중학교,중학교,운영,37.48063003,126.989859
B000008342,경원중학교,중학교,운영,37.5115816,127.0090183
B000008343,원촌중학교,중학교,운영,37.5063251,127.0146997
B000008344,신반포중학교,중학교,운영,37.50626532,126.9961146
B000008345,방배중학교,중학교,운영,37.49486827,126.997827
B000008346,서일중학교,중학교,운영,37.49852986,127.0232207
B000008347,서운중학교,중학교,운영,37.49394851,127.0245382
B000008349,서초중학교,중학교,운영,37.48553868,127.0085193
B000008350,언남중학교,중학교,운영,37.47240137,127.0442813
B000008351,신동중학교,중학교,운영,37.5169159,127.0129154
B000008352,세화여자중학교,중학교,운영,37.5019828,126.994230
B000008353,동덕여자중학교,중학교,운영,37.47587863,126.991995
B000008354,서문여자중학교,중학교,운영,37.48891973,126.9845622
B000008355,언북중학교,중학교,운영,37.51942855,127.0331263
B000008356,신사중학교,중학교,운영,37.52469784,127.0211914
B000008357,대왕중학교,중학교,운영,37.48346033,127.0873381
B000008358,대청중학교,중학교,운영,37.49043056,127.0583501
B000008359,구룡중학교,중학교,운영,37.48615258,127.056121
B000008361,대명중학교,중학교,운영,37.50633641,127.0609849
B000008362,대치중학교,중학교,운영,37.48457751,127.0470652
B000008363,도곡중학교,중학교,운영,37.49230771,127.0452179
B000008364,언주중학교,중학교,운영,37.51465316,127.0466832
B000008365,봉은중학교,중학교,운영,37.51897667,127.0623894
B000008366,수서중학교,중학교,운영,37.49120377,127.1023799
B000008367,신구중학교,중학교,운영,37.52744229,127.0316727
B000008368,압구정중학교,중학교,운영,37.53024224,127.0330027
B000008369,역삼중학교,중학교,운영,37.49593388,127.0488444
B000008370,청담중학교,중학교,운영,37.52865979,127.0448101
B000008371,개원중학교,중학교,운영,37.49163975,127.0714157
B000008372,휘문중학교,중학교,운영,37.50528945,127.0619841
B000008373,단국대학교사범대학부속중학교,중학교,운영,37.49561749,127.0577682
B000008374,중동중학교,중학교,운영,37.48851679,127.078612
B000008375,숙명여자중학교,중학교,운영,37.49147536,127.0526126
B000008376,진선여자중학교,중학교,운영,37.50232303,127.0482866
B000008377,은성중학교,중학교,운영,37.48837857,127.0352324
B000008378,강남중학교,중학교,운영,37.50276263,126.9233466
B000008379,상현중학교,중학교,운영,37.49398955,126.9603433
B000008380,국사봉중학교,중학교,운영,37.49353263,126.9440557
B000008381,동작중학교,중학교,운영,37.49546195,126.9778016
B000008382,상도중학교,중학교,운영,37.4909219,126.9614756
B000008383,영등포중학교,중학교,운영,37.5080846,126.9331435
B000008384,사당중학교,중학교,운영,37.48776119,126.9685407
B000008385,남성중학교,중학교,운영,37.47900822,126.972489
B000008386,장승중학교,중학교,운영,37.50314858,126.940834
B000008387,강현중학교,중학교,운영,37.50311599,126.9307563
B000008388,문창중학교,중학교,운영,37.49580287,126.9224055
B000008389,대방중학교,중학교,운영,37.49543678,126.9130162
B000008390,동양중학교,중학교,운영,37.51022314,126.9574775
B000008391,성남중학교,중학교,운영,37.50528157,126.9266153
B000008392,숭의여자중학교,중학교,운영,37.50736414,126.9292433
B000008393,중앙대학교사범대학부속중학교,중학교,운영,37.50362942,126.9617326
B000008394,봉림중학교,중학교,운영,37.48119817,126.9377027
B000008395,당곡중학교,중학교,운영,37.4923589,126.9326777
B000008396,구암중학교,중학교,운영,37.49277532,126.948602
B000008397,봉원중학교,중학교,운영,37.48410274,126.9588909
B000008398,관악중학교,중학교,운영,37.48125828,126.9619123
B000008399,인헌중학교,중학교,운영,37.47269621,126.9688402
B000008400,신관중학교,중학교,운영,37.48020125,126.9344522
B000008401,신림중학교,중학교,운영,37.47032734,126.946004
B000008402,삼성중학교,중학교,운영,37.4676059,126.9425132
B000008403,난우중학교,중학교,운영,37.46680396,126.9228283
B000008404,미성중학교,중학교,운영,37.47538281,126.9120889
B000008405,남서울중학교,중학교,운영,37.48213625,126.9210371
B000008406,남강중학교,중학교,운영,37.47137567,126.9249091
B000008407,서울문영여자중학교,중학교,운영,37.47290457,126.9509181
B000008408,광신중학교,중학교,운영,37.4644762,126.9259406
B000008409,성보중학교,중학교,운영,37.48072837,126.9209573
B000008410,무학중학교,중학교,운영,37.55768336,127.0319746
B000008411,광희중학교,중학교,운영,37.55115453,127.033980
B000008412,성수중학교,중학교,운영,37.54734181,127.0382534
B000008413,경수중학교,중학교,운영,37.53950904,127.0592712
B000008414,동마중학교,중학교,운영,37.56280251,127.0403512
B000008415,마장중학교,중학교,운영,37.56830949,127.042128
B000008416,경일중학교,중학교,운영,37.54382982,127.0478683
B000008417,성원중학교,중학교,운영,37.53945182,127.0513835
B000008418,옥정중학교,중학교,운영,37.54167037,127.0129832
B000008419,행당중학교,중학교,운영,37.55455404,127.0419634
B000008420,한양대학교사범대학부속중학교,중학교,운영,37.56191884,127.042324
B000008421,자양중학교,중학교,운영,37.53539805,127.074384
B000008422,광장중학교,중학교,운영,37.54717752,127.1019276
B000008423,양진중학교,중학교,운영,37.54457517,127.0983485
B000008424,광남중학교,중학교,운영,37.54083041,127.1016205
B000008425,신양중학교,중학교,운영,37.53365227,127.0634311
B000008426,광양중학교,중학교,운영,37.53089134,127.086170
B000008427,광진중학교,중학교,운영,37.53221959,127.0901621
B000008428,용곡중학교,중학교,운영,37.56595126,127.0890896
B000008429,구의중학교,중학교,운영,37.5428503,127.0788404
B000008430,동국대학교사범대학부속가람중학교,중학교,운영,37.54192936,127.0869731
B000008431,대원국제중학교,중학교,운영,37.56249279,127.0894181
B000008432,건국대학교사범대학부속중학교,중학교,운영,37.54172407,127.0815971
B000008433,길음중학교,중학교,운영,37.61409036,127.0174557
B000008434,서울대학교사범대학부설중학교,중학교,운영,37.59582047,127.0391333
B000008435,삼선중학교,중학교,운영,37.59174763,127.0078716
B000008436,월곡중학교,중학교,운영,37.60698163,127.0482588
B000008437,숭곡중학교,중학교,운영,37.60847848,127.0312998
B000008438,석관중학교,중학교,운영,37.60814014,127.0667131
B000008439,개운중학교,중학교,운영,37.59462665,127.0248421
B000008440,장위중학교,중학교,운영,37.61129251,127.0408411
B000008441,북악중학교,중학교,운영,37.60700905,127.0016095
B000008442,종암중학교,중학교,운영,37.593111,127.0319913
B000008443,고명중학교,중학교,운영,37.59767468,127.0191869
B000008444,용문중학교,중학교,운영,37.58869033,127.0246608
B000008445,홍익대학교사범대학부속중학교,중학교,운영,37.59366662,127.002805
B000008446,남대문중학교,중학교,운영,37.61865113,127.0551517
B000008447,동구여자중학교,중학교,운영,37.5941935,127.0082153
B000008448,한성여자중학교,중학교,운영,37.5830649,127.0117427
B000008449,성신여자중학교,중학교,운영,37.59462313,127.0231285
B000008450,고려대학교사범대학부속중학교,중학교,운영,37.60783857,127.0028302
B000008451,수송중학교,중학교,운영,37.63680065,127.0339176
B000008452,강북중학교,중학교,운영,37.6449159,127.0253734
B000008453,삼각산중학교,중학교,운영,37.61614897,127.0145684
B000008454,솔샘중학교,중학교,운영,37.62366717,127.0121792
B000008455,번동중학교,중학교,운영,37.63244533,127.0362077
B000008456,인수중학교,중학교,운영,37.64386667,127.0099213
B000008457,수유중학교,중학교,운영,37.6315652,127.0104838
B000008458,화계중학교,중학교,운영,37.63251806,127.0097091
B000008459,서라벌중학교,중학교,운영,37.65698403,127.0114883
B000008460,신일중학교,중학교,운영,37.62796722,127.0284273
B000008461,창문여자중학교,중학교,운영,37.6134057,127.0357962
B000008462,성암여자중학교,중학교,운영,37.62041353,127.0239059
B000008463,영훈국제중학교,중학교,운영,37.61468187,127.0280933
B000008464,덕원중학교,중학교,운영,35.10885429,129.0324467
B000008465,경남중학교,중학교,운영,35.10111163,129.0207821
B000008466,부산대신중학교,중학교,운영,35.1184364,129.0133803
B000008467,초장중학교,중학교,운영,35.09477125,129.0182218
B000008468,부산여자중학교,중학교,운영,35.12056195,129.0144572
B000008469,부산중앙여자중학교,중학교,운영,35.11584673,129.0110339
B000008470,송도중학교,중학교,운영,35.08289193,129.022422
B000008471,대신여자중학교,중학교,운영,35.11379741,129.0238427
B000008473,부산남중학교,중학교,운영,35.08830794,129.0399633
B000008474,부산영선중학교,중학교,운영,35.08626719,129.0446792
B000008475,신선중학교,중학교,운영,35.08050882,129.0455401
B000008476,태종대중학교,중학교,운영,35.07367396,129.0649205
B000008478,영도제일중학교,중학교,운영,35.07759188,129.0688643
B000008479,남도여자중학교,중학교,운영,35.0870604,129.0455444
B000008480,해동중학교,중학교,운영,35.06967072,129.069638
B000008481,장림여자중학교,중학교,운영,35.07862378,128.9812227
B000008482,사하중학교,중학교,운영,35.10124786,128.9826725
B000008483,장평중학교,중학교,운영,35.09396796,128.9944685
B000008484,감천중학교,중학교,운영,35.09221051,129.0001101
B000008485,다선중학교,중학교,운영,35.05271729,128.9637818
B000008486,다송중학교,중학교,운영,35.06434989,128.9847862
B000008487,다대중학교,중학교,운영,35.05737649,128.9682545
B000008488,당리중학교,중학교,운영,35.1022387,128.9805243
B000008489,하단중학교,중학교,운영,35.11106623,128.9599891
B000008490,하남중학교,중학교,운영,35.09962347,128.9589257
B000008491,두송중학교,중학교,운영,35.06065932,128.9829531
B000008492,건국중학교,중학교,운영,35.10952808,128.9696164
B000008493,대동중학교,중학교,운영,35.0873648,128.9842391
B000008494,영남중학교,중학교,운영,35.07480267,128.9825999
B000008495,삼성중학교,중학교,운영,35.09455788,128.9991612
B000008496,동주여자중학교,중학교,운영,35.10077153,129.0013638
B000008497,부산서중학교,중학교,운영,35.12549303,129.0363578
B000008498,부산중학교,중학교,운영,35.12222306,129.0368658
B000008499,경남여자중학교,중학교,운영,35.12387731,129.042595
B000008501,부산동여자중학교,중학교,운영,35.13304126,129.0411164
B000008502,선화여자중학교,중학교,운영,35.1210635,129.0329123
B000008503,부산개성중학교,중학교,운영,35.14694899,129.032875
B000008504,부산진중학교,중학교,운영,35.16369011,129.055030
B000008505,동평중학교,중학교,운영,35.17115019,129.0411405
B000008506,가야여자중학교,중학교,운영,35.14759698,129.0364936
B000008507,광무여자중학교,중학교,운영,35.16205208,129.0297927
B000008508,개금여자중학교,중학교,운영,35.16323811,129.032608
B000008509,동평여자중학교,중학교,운영,35.17040463,129.0435305
B000008510,양동여자중학교,중학교,운영,35.1701929,129.0810001
B000008511,부산진여자중학교,중학교,운영,35.15445462,129.0694206
B000008512,동양중학교,중학교,운영,35.177302,129.0318199
B000008513,부산국제중학교,중학교,운영,35.16729182,129.0234526
B000008514,개림중학교,중학교,운영,35.15742419,129.0179689
B000008515,초연중학교,중학교,운영,35.17955291,129.0449128
B000008516,초읍중학교,중학교,운영,35.18096061,129.0557404
B000008517,서면중학교,중학교,운영,35.16048734,129.0522355
B000008518,항도중학교,중학교,운영,35.16152979,129.0670152
B000008519,동의중학교,중학교,운영,35.16436585,129.070422
B000008520,부산동중학교,중학교,운영,35.15326954,129.0712527
B000008521,덕명여자중학교,중학교,운영,35.15108044,129.0704519
B000008523,성동중학교,중학교,운영,35.13993339,129.0662635
B000008524,문현여자중학교,중학교,운영,35.14216822,129.0684159
B000008525,석포여자중학교,중학교,운영,35.12211493,129.0940301
B000008526,감만중학교,중학교,운영,35.12173218,129.0892609
B000008527,오륙도중학교,중학교,운영,35.10404563,129.1151091
B000008528,동항중학교,중학교,운영,35.11907295,129.0854314
B000008529,남천중학교,중학교,운영,35.13660359,129.1052341
B000008530,대천중학교,중학교,운영,35.12854485,129.1033023
B000008531,대연중학교,중학교,운영,35.13195379,129.0850542
B000008532,분포중학교,중학교,운영,35.12952407,129.114431
B000008533,용문중학교,중학교,운영,35.1251995,129.1069007
B000008534,용호중학교,중학교,운영,35.11930916,129.1169769
B000008535,해연중학교,중학교,운영,35.13926197,129.0830039
B000008537,동래중학교,중학교,운영,35.21016048,129.0793873
B000008538,동신중학교,중학교,운영,35.20596274,129.0976723
B000008539,여명중학교,중학교,운영,35.19584799,129.0702833
B000008540,부산내성중학교,중학교,운영,35.20370364,129.0770406
B000008541,사직여자중학교,중학교,운영,35.19429438,129.0553468
B000008542,유락여자중학교,중학교,운영,35.21454862,129.0762292
B000008543,남일중학교,중학교,운영,35.19312221,129.1116161
B000008544,충렬중학교,중학교,운영,35.20295251,129.1084027
B000008545,사직중학교,중학교,운영,35.1994721,129.0514137
B000008546,안락중학교,중학교,운영,35.19163803,129.1092905
B000008547,온천중학교,중학교,운영,35.20457817,129.0596734
B000008548,동해중학교,중학교,운영,35.21702368,129.0889348
B000008549,학산여자중학교,중학교,운영,35.20475284,129.096168
B000008550,혜화여자중학교,중학교,운영,35.20457889,129.1109468
B000008551,남산중학교,중학교,운영,35.25981702,129.0936509
B000008552,동현중학교,중학교,운영,35.21898448,129.091200
B000008553,장전중학교,중학교,운영,35.22878812,129.0779437
B000008554,구서여자중학교,중학교,운영,35.24928062,129.085894
B000008555,부곡여자중학교,중학교,운영,35.22332989,129.0953419
B000008556,부곡중학교,중학교,운영,35.23143656,129.0961977
B000008558,금양중학교,중학교,운영,35.23350196,129.0956061
B000008559,금사중학교,중학교,운영,35.22098889,129.1067397
B000008560,금정중학교,중학교,운영,35.27119081,129.0937601
B000008561,동래여자중학교,중학교,운영,35.24704234,129.0981972
B000008562,브니엘예술중학교,중학교,운영,35.25485306,129.1039264
B000008563,부산예술중학교,중학교,운영,35.24704234,129.0981972
B000008564,연산중학교,중학교,운영,35.1848634,129.0890237
B000008565,거제여자중학교,중학교,운영,35.187762,129.0634379
B000008566,연제중학교,중학교,운영,35.1792871,129.0897786
B000008567,연천중학교,중학교,운영,35.18405315,129.1020301
B000008568,연일중학교,중학교,운영,35.18482183,129.0971099
B000008569,토현중학교,중학교,운영,35.1820421,129.1116178
B000008570,거성중학교,중학교,운영,35.18274207,129.0666625
B000008571,이사벨중학교,중학교,운영,35.19353414,129.077938
B000008572,덕천중학교,중학교,운영,35.21423402,129.0118134
B000008573,양덕여자중학교,중학교,운영,35.2042128,129.0134063
B000008575,만덕중학교,중학교,운영,35.21489917,129.0316913
B000008576,신덕중학교,중학교,운영,35.20310543,129.030560
B000008577,명진중학교,중학교,운영,35.23977771,129.0097001
B000008578,금명중학교,중학교,운영,35.2434222,129.0120576
B000008579,가람중학교,중학교,운영,35.20431722,128.9988799
B000008580,구남중학교,중학교,운영,35.19595722,128.9978621
B000008581,구포중학교,중학교,운영,35.19495587,128.9964987
B000008582,금곡중학교,중학교,운영,35.26085915,129.0171529
B000008583,백양중학교,중학교,운영,35.20712747,129.0405619
B000008584,화신중학교,중학교,운영,35.23864485,129.0145395
B000008585,대천리중학교,중학교,운영,35.24235441,129.0216974
B000008586,화명중학교,중학교,운영,35.22639155,129.0116866
B000008587,용수중학교,중학교,운영,35.23020512,129.008191
B000008589,낙동중학교,중학교,운영,35.21643385,128.9662764
B000008590,명호중학교,중학교,운영,35.08053123,128.898733
B000008591,녹산중학교,중학교,운영,35.11814821,128.8878836
B000008592,대저중학교,중학교,운영,35.17758668,128.956294
B000008594,덕문중학교,중학교,운영,35.0515106,128.8306934
B000008596,동주중학교,중학교,운영,35.14590297,129.0039409
B000008597,덕포여자중학교,중학교,운영,35.17036935,128.9861577
B000008598,주례여자중학교,중학교,운영,35.14894787,129.0073779
B000008599,엄궁중학교,중학교,운영,35.1348927,128.9748587
B000008600,모동중학교,중학교,운영,35.18496213,129.0030872
B000008601,모라중학교,중학교,운영,35.1906712,128.9924382
B000008602,주례중학교,중학교,운영,35.1484767,129.0141706
B000008603,주감중학교,중학교,운영,35.1564451,128.9954615
B000008604,학장중학교,중학교,운영,35.13790347,128.9828243
B000008605,신라중학교,중학교,운영,35.16988872,128.992846
B000008607,재송중학교,중학교,운영,35.19316189,129.128547
B000008608,반송여자중학교,중학교,운영,35.23297673,129.1444397
B000008609,재송여자중학교,중학교,운영,35.18984281,129.1310174
B000008610,부흥중학교,중학교,운영,35.17518509,129.1788134
B000008611,센텀중학교,중학교,운영,35.17536656,129.1237586
B000008612,인지중학교,중학교,운영,35.20405092,129.1255897
B000008614,장산중학교,중학교,운영,35.19878198,129.1177118
B000008615,반여중학교,중학교,운영,35.19992192,129.1361577
B000008616,신도중학교,중학교,운영,35.17058579,129.1674405
B000008617,신곡중학교,중학교,운영,35.16814646,129.181850
B000008618,양운중학교,중학교,운영,35.17543191,129.1666965
B000008619,동백중학교,중학교,운영,35.16584538,129.1743447
B000008620,반안중학교,중학교,운영,35.20337703,129.1123947
B000008621,상당중학교,중학교,운영,35.17893373,129.1761373
B000008622,해강중학교,중학교,운영,35.16401351,129.1357065
B000008623,해운대중학교,중학교,운영,35.17179105,129.1619616
B000008624,해운대여자중학교,중학교,운영,35.16805143,129.1535665
B000008625,광안중학교,중학교,운영,35.16822316,129.1049195
B000008626,한바다중학교,중학교,운영,35.15729241,129.1176119
B000008627,부산수영중학교,중학교,운영,35.15679738,129.1097243
B000008628,망미중학교,중학교,운영,35.17566242,129.0985872
B000008629,동수영중학교,중학교,운영,35.16456898,129.1036602
B000008630,동아중학교,중학교,운영,35.15678092,129.106984
B000008631,기장중학교,중학교,운영,35.24488187,129.2183149
B000008632,대청중학교,중학교,운영,35.2333144,129.2128169
B000008633,장안중학교,중학교,운영,35.31450466,129.2407453
B000008634,신정중학교,중학교,운영,35.32908463,129.1688999905
B000008636,대구제일중학교,중학교,운영,35.86152514,128.5970111
B000008637,경구중학교,중학교,운영,35.85851368,128.5835008
B000008638,성명여자중학교,중학교,운영,35.86838328,128.584035
B000008639,계성중학교,중학교,운영,35.8679358,128.5802499
B000008640,동촌중학교,중학교,운영,35.88202794,128.6589293
B000008641,불로중학교,중학교,운영,35.89830061,128.6344118
B000008642,신기중학교,중학교,운영,35.86816727,128.7023577
B000008643,신아중학교,중학교,운영,35.8882462,128.634902
B000008645,안심중학교,중학교,운영,35.86674984,128.7092322
B000008646,율원중학교,중학교,운영,35.86138631,128.7018721
B000008647,입석중학교,중학교,운영,35.89105364,128.6448032
B000008648,강동중학교,중학교,운영,35.86694911,128.729474
B000008649,청구중학교,중학교,운영,35.86865771,128.6205716
B000008650,영신중학교,중학교,운영,35.92000422,128.646424
B000008651,공산중학교,중학교,운영,35.95506586,128.6906838
B000008652,대구동중학교,중학교,운영,35.85820019,128.6159585
B000008653,매호중학교,중학교,운영,35.84396065,128.7022006
B000008654,시지중학교,중학교,운영,35.83551752,128.7089465
B000008655,고산중학교,중학교,운영,35.84528337,128.6986708
B000008656,노변중학교,중학교,운영,35.83808624,128.6943549
B000008657,동원중학교,중학교,운영,35.87585642,128.6510708
B000008658,대구동부중학교,중학교,운영,35.872516,128.6442074
B000008659,범일중학교,중학교,운영,35.8211246,128.644716
B000008660,범물중학교,중학교,운영,35.81501767,128.6398567
B000008661,덕화중학교,중학교,운영,35.83275858,128.6150457
B000008662,동도중학교,중학교,운영,35.84943264,128.6396851
B000008663,지산중학교,중학교,운영,35.82463972,128.6285992
B000008664,수성중학교,중학교,운영,35.82587108,128.6072057
B000008665,황금중학교,중학교,운영,35.84414275,128.6194832
B000008666,경신중학교,중학교,운영,35.85543735,128.6375875
B000008667,대륜중학교,중학교,운영,35.85168394,128.6567622
B000008668,오성중학교,중학교,운영,35.85447266,128.6447837
B000008669,대구중앙중학교,중학교,운영,35.86646267,128.6172837
B000008670,능인중학교,중학교,운영,35.83210847,128.6325471
B000008671,소선여자중학교,중학교,운영,35.85294967,128.6497965
B000008672,신명여자중학교,중학교,운영,35.85731247,128.6091788
B000008673,덕원중학교,중학교,운영,35.82572222,128.705953
B000008674,정화중학교,중학교,운영,35.84940778,128.6418878
B000008675,서대구중학교,중학교,운영,35.88031044,128.5566261
B000008676,경일중학교,중학교,운영,35.88139487,128.5763528
B000008677,경운중학교,중학교,운영,35.85972807,128.553556
B000008678,중리중학교,중학교,운영,35.86471469,128.5514912
B000008679,서남중학교,중학교,운영,35.85695496,128.5425852
B000008681,대평중학교,중학교,운영,35.88026893,128.5623308
B000008682,평리중학교,중학교,운영,35.87323246,128.5615509
B000008683,대구청라중학교,중학교,운영,35.8706847,128.5738084
B000008684,학남중학교,중학교,운영,35.94553027,128.570413
B000008685,운암중학교,중학교,운영,35.93284173,128.5652002
B000008686,관음중학교,중학교,운영,35.94101064,128.5464748
B000008687,강북중학교,중학교,운영,35.93870319,128.5648604
B000008688,동평중학교,중학교,운영,35.93717488,128.5635217
B000008689,구암중학교,중학교,운영,35.92751351,128.5571252
B000008690,대구북중학교,중학교,운영,35.8973669,128.6204404
B000008691,복현중학교,중학교,운영,35.89394102,128.6279506
B000008693,산격중학교,중학교,운영,35.90230254,128.6087049
B000008695,칠곡중학교,중학교,운영,35.94817565,128.550746
B000008696,대구일중학교,중학교,운영,35.88627468,128.5841979
B000008697,관천중학교,중학교,운영,35.93116386,128.5526133
B000008698,매천중학교,중학교,운영,35.91048477,128.547327
B000008699,침산중학교,중학교,운영,35.89009098,128.5884708
B000008700,동변중학교,중학교,운영,35.91925722,128.6056093
B000008701,서변중학교,중학교,운영,35.92636083,128.595695
B000008702,팔달중학교,중학교,운영,35.89894723,128.5449124
B000008703,성광중학교,중학교,운영,35.9075717,128.6242288
B000008704,경명여자중학교,중학교,운영,35.88072706,128.5984327
B000008705,성화중학교,중학교,운영,35.9032298,128.620265
B000008706,경혜여자중학교,중학교,운영,35.84318216,128.5641032
B000008707,대명중학교,중학교,운영,35.83308922,128.5767451
B000008708,경상중학교,중학교,운영,35.85261994,128.5853705
B000008709,대구중학교,중학교,운영,35.85007863,128.603680
B000008711,협성경복중학교,중학교,운영,35.83479736,128.5985816
B000008713,경일여자중학교,중학교,운영,35.83640873,128.5968171
B000008714,월암중학교,중학교,운영,35.82716419,128.5238094
B000008715,대곡중학교,중학교,운영,35.80633289,128.5325413
B000008716,도원중학교,중학교,운영,35.80619402,128.5450006
B000008717,상원중학교,중학교,운영,35.81681713,128.5441712
B000008718,상인중학교,중학교,운영,35.81135533,128.5501219
B000008719,대서중학교,중학교,운영,35.82360753,128.5435493
B000008720,학산중학교,중학교,운영,35.83142406,128.5257973
B000008721,월서중학교,중학교,운영,35.81972903,128.5264911
B000008722,월배중학교,중학교,운영,35.81361315,128.532188
B000008723,대진중학교,중학교,운영,35.80572575,128.5195259
B000008725,성당중학교,중학교,운영,35.84050498,128.5482368
B000008726,새본리중학교,중학교,운영,35.83942395,128.5409604
B000008728,성산중학교,중학교,운영,35.85674219,128.5186821
B000008729,이곡중학교,중학교,운영,35.86211601,128.5118478
B000008731,성곡중학교,중학교,운영,35.86181094,128.522943
B000008732,용산중학교,중학교,운영,35.85416455,128.5323609
B000008733,성서중학교,중학교,운영,35.8558081,128.5266048
B000008734,성지중학교,중학교,운영,35.85336693,128.5146753
B000008735,와룡중학교,중학교,운영,35.85830017,128.5020267
B000008736,영남중학교,중학교,운영,35.82076999,128.5363043
B000008737,송현여자중학교,중학교,운영,35.83112106,128.5462157
B000008738,대건중학교,중학교,운영,35.83395004,128.5281133
B000008739,효성중학교,중학교,운영,35.83430422,128.5284024
B000008740,구남중학교,중학교,운영,35.85810993,128.5726243
B000008741,원화중학교,중학교,운영,35.846562,128.5479421
B000008742,경암중학교,중학교,운영,35.84837667,128.5486077
B000008743,상서중학교,중학교,운영,35.84643612,128.5498704
B000008745,왕선중학교,중학교,운영,35.8633285,128.4663062
B000008746,다사중학교,중학교,운영,35.86255586,128.4555466
B000008747,서재중학교,중학교,운영,35.87334897,128.4995437
B000008748,천내중학교,중학교,운영,35.80935839,128.5034625
B000008749,달성중학교,중학교,운영,35.80080717,128.4933042
B000008750,화원중학교,중학교,운영,35.79899515,128.5095928
B000008751,논공중학교,중학교,운영,35.72382525,128.4572009
B000008752,북동중학교,중학교,운영,35.73243383,128.4374066
B000008753,포산중학교,중학교,운영,35.69614113,128.4600355
B000008755,구지중학교,중학교,운영,35.66055732,128.4196708
B000008756,현풍중학교,중학교,운영,35.6985296,128.4382371
B000008757,달서중학교,중학교,운영,35.8861993,128.4214028
B000008758,가창중학교,중학교,운영,35.77402651,128.6440241
B000008759,신흥중학교,중학교,운영,37.45416657,126.6299034
B000008760,신흥여자중학교,중학교,운영,37.45404114,126.632101
B000008761,영종중학교,중학교,운영,37.48351207,126.5252529
B000008762,용유중학교,중학교,운영,37.44825105,126.4123732
B000008763,인천공항중학교,중학교,운영,37.49774785,126.4841639
B000008764,송도중학교,중학교,운영,37.46826663,126.6289964
B000008765,광성중학교,중학교,운영,37.46755095,126.6395666
B000008766,인성여자중학교,중학교,운영,37.4739458,126.624248
B000008767,화도진중학교,중학교,운영,37.48499013,126.6322146
B000008768,동산중학교,중학교,운영,37.47303977,126.6488935
B000008769,인천재능중학교,중학교,운영,37.47553313,126.6504734
B000008771,선인중학교,중학교,운영,37.47099649,126.6548626
B000008772,관교중학교,중학교,운영,37.44425703,126.6917774
B000008773,인천남중학교,중학교,운영,37.46379213,126.6539999
B000008774,용현중학교,중학교,운영,37.44785506,126.6395437
B000008775,선화여자중학교,중학교,운영,37.47099649,126.6548626
B000008776,관교여자중학교,중학교,운영,37.44513573,126.6889705
B000008777,남인천여자중학교,중학교,운영,37.44511845,126.6940513
B000008778,인화여자중학교,중학교,운영,37.47099649,126.6548626
B000008779,용현여자중학교,중학교,운영,37.44840638,126.6406704
B000008780,제물포여자중학교,중학교,운영,37.44914564,126.6882045
B000008781,인주중학교,중학교,운영,37.442798,126.6598715
B000008782,인하대학교사범대학부속중학교,중학교,운영,37.44596571,126.6628662
B000008783,연평중학교,중학교,운영,37.66412421,125.7010233
B000008784,대청중학교,중학교,운영,37.8325852,124.6939792
B000008785,영흥중학교,중학교,운영,37.26520659,126.4794201
B000008786,덕적중학교,중학교,운영,37.22538058,126.1481953
B000008787,백령중학교,중학교,운영,37.96444697,124.6760556
B000008788,부평동중학교,중학교,운영,37.49665352,126.7408276
B000008789,부원중학교,중학교,운영,37.49242189,126.7165915
B000008790,부평중학교,중학교,운영,37.50190044,126.7293422
B000008791,산곡중학교,중학교,운영,37.50424716,126.6991626
B000008792,산곡남중학교,중학교,운영,37.50013864,126.707396
B000008793,부평서중학교,중학교,운영,37.48661833,126.7036652
B000008794,동암중학교,중학교,운영,37.47415487,126.705816
B000008795,부원여자중학교,중학교,운영,37.49329275,126.7170969
B000008796,부평여자중학교,중학교,운영,37.49559607,126.7387291
B000008797,인천동수중학교,중학교,운영,37.48425295,126.7194725
B000008798,산곡여자중학교,중학교,운영,37.49747444,126.7060067
B000008799,부평서여자중학교,중학교,운영,37.4853651,126.7053476
B000008800,청천중학교,중학교,운영,37.51173257,126.704543
B000008801,갈산중학교,중학교,운영,37.5102242,126.7265421
B000008802,삼산중학교,중학교,운영,37.51666884,126.7361057
B000008803,부흥중학교,중학교,운영,37.50305987,126.7367691
B000008804,부광중학교,중학교,운영,37.50101254,126.7374688
B000008805,구산중학교,중학교,운영,37.5046493,126.7418432
B000008806,인천상정중학교,중학교,운영,37.47903727,126.6941199
B000008807,부일중학교,중학교,운영,37.52074703,126.7405096
B000008808,진산중학교,중학교,운영,37.50945861,126.740310
B000008809,인천중학교,중학교,운영,37.42145747,126.6889356
B000008810,인천여자중학교,중학교,운영,37.40452387,126.6739504
B000008812,선학중학교,중학교,운영,37.42065709,126.6984252
B000008813,연수중학교,중학교,운영,37.41679495,126.6864287
B000008814,청학중학교,중학교,운영,37.41850497,126.6704884
B000008815,청량중학교,중학교,운영,37.41044031,126.6735294
B000008816,신송중학교,중학교,운영,37.38938908,126.6566575
B000008817,연화중학교,중학교,운영,37.41233122,126.6803368
B000008818,연성중학교,중학교,운영,37.40899233,126.6773207
B000008819,함박중학교,중학교,운영,37.42443194,126.6615319
B000008820,옥련중학교,중학교,운영,37.42666856,126.6540099
B000008821,인송중학교,중학교,운영,37.42690268,126.6426349
B000008822,인천해송중학교,중학교,운영,37.37990415,126.6484699
B000008823,인천신정중학교,중학교,운영,37.4036411,126.6461098
B000008824,동인천중학교,중학교,운영,37.45482878,126.697536
B000008825,상인천중학교,중학교,운영,37.46140184,126.7161385
B000008826,만수중학교,중학교,운영,37.45480199,126.737480
B000008827,구월중학교,중학교,운영,37.45564732,126.7088267
B000008828,만수북중학교,중학교,운영,37.46188844,126.739112
B000008829,상인천여자중학교,중학교,운영,37.45563164,126.6993977
B000008830,간석여자중학교,중학교,운영,37.46837559,126.710288
B000008831,구월여자중학교,중학교,운영,37.44854554,126.7027391
B000008832,만수여자중학교,중학교,운영,37.45920281,126.7339412
B000008833,남동중학교,중학교,운영,37.44026785,126.7382054
B000008834,인천서창중학교,중학교,운영,37.43371946,126.7498088
B000008835,인천사리울중학교,중학교,운영,37.38569699,126.720128
B000008836,석정중학교,중학교,운영,37.46921025,126.6937555
B000008837,인천정각중학교,중학교,운영,37.45561561,126.7167721
B000008838,인천동방중학교,중학교,운영,37.40431576,126.7192593
B000008839,인천성리중학교,중학교,운영,37.44498465,126.7098073
B000008840,인천고잔중학교,중학교,운영,37.39602955,126.7318796
B000008841,인천논현중학교,중학교,운영,37.40859026,126.7328625
B000008842,논곡중학교,중학교,운영,37.41492161,126.7120866
B000008843,만성중학교,중학교,운영,37.44923153,126.7379834
B000008845,숭덕여자중학교,중학교,운영,37.46428211,126.7339171
B000008846,계산중학교,중학교,운영,37.53455221,126.7425839
B000008847,인천효성중학교,중학교,운영,37.53744928,126.7102746
B000008848,북인천여자중학교,중학교,운영,37.52650954,126.7017954
B000008849,계산여자중학교,중학교,운영,37.53635047,126.7326684
B000008850,북인천중학교,중학교,운영,37.54258661,126.7171108
B000008851,인천계수중학교,중학교,운영,37.53515968,126.7449188
B000008852,서운중학교,중학교,운영,37.52615511,126.744796
B000008853,임학중학교,중학교,운영,37.54602183,126.7402436
B000008854,인천양촌중학교,중학교,운영,37.55032708,126.7450048
B000008855,인천동양중학교,중학교,운영,37.56235282,126.7606074
B000008856,계양중학교,중학교,운영,37.5689105,126.7382324
B000008857,인천예일중학교,중학교,운영,37.55460621,126.7405362
B000008858,인천안남중학교,중학교,운영,37.53945155,126.730699
B000008859,작전중학교,중학교,운영,37.5335682,126.7294678
B000008860,명현중학교,중학교,운영,37.53199958,126.7137307
B000008861,인천해원중학교,중학교,운영,37.52723444,126.6280402
B000008862,인천초은중학교,중학교,운영,37.52838091,126.6539276
B000008863,신현중학교,중학교,운영,37.51991492,126.6642505
B000008864,가좌중학교,중학교,운영,37.495703,126.6797136
B000008865,제물포중학교,중학교,운영,37.48924024,126.687197
B000008866,검암중학교,중학교,운영,37.56723223,126.678790
B000008867,인천가좌여자중학교,중학교,운영,37.50858787,126.679282
B000008868,가정여자중학교,중학교,운영,37.48538158,126.6853919
B000008869,동인천여자중학교,중학교,운영,37.49003475,126.6880861
B000008870,신현여자중학교,중학교,운영,37.52085971,126.6642185
B000008871,백석중학교,중학교,운영,37.57941676,126.6742445
B000008872,인천청라중학교,중학교,운영,37.53783941,126.653874
B000008873,인천석남중학교,중학교,운영,37.49898695,126.6795646
B000008874,검단중학교,중학교,운영,37.6035808,126.6577475
B000008875,불로중학교,중학교,운영,37.61559293,126.6952144
B000008876,인천당하중학교,중학교,운영,37.59060591,126.6695556
B000008877,원당중학교,중학교,운영,37.59640974,126.7033113
B000008878,마전중학교,중학교,운영,37.59793339,126.6652932
B000008879,인천가현중학교,중학교,운영,37.52109126,126.6685551
B000008880,서곶중학교,중학교,운영,37.54935316,126.6711893
B000008881,간재울중학교,중학교,운영,37.56290197,126.6763165
B000008882,강남중학교,중학교,운영,37.64384136,126.4790998
B000008883,심도중학교,중학교,운영,37.63128211,126.4212324
B000008884,동광중학교,중학교,운영,37.66237195,126.4231998
B000008885,강화중학교,중학교,운영,37.75040512,126.4910321
B000008886,강화여자중학교,중학교,운영,37.74429631,126.4950253
B000008887,강서중학교,중학교,운영,37.77311093,126.3881076
B000008888,교동중학교,중학교,운영,37.77846268,126.2843169
B000008889,서도중학교,중학교,운영,37.64807632,126.2524746
B000008891,승영중학교,중학교,운영,37.70167532,126.3187693
B000008893,광주충장중학교,중학교,운영,35.15673578,126.9285933
B000008894,무등중학교,중학교,운영,35.12420772,126.9342236
B000008895,운림중학교,중학교,운영,35.13323178,126.9418973
B000008896,조선대학교부속중학교,중학교,운영,35.14379042,126.9280982
B000008897,조선대학교여자중학교,중학교,운영,35.14582248,126.9315764
B000008898,살레시오여자중학교,중학교,운영,35.14697577,126.9298381
B000008899,대자중학교,중학교,운영,35.16908898,126.8675217
B000008900,전남대학교사범대학부설중학교,중학교,운영,35.1729465,126.9011018
B000008901,문흥중학교,중학교,운영,35.18608494,126.9179996
B000008902,각화중학교,중학교,운영,35.18149377,126.9379697
B000008903,일동중학교,중학교,운영,35.20274166,126.8947545
B000008904,광주체육중학교,중학교,운영,35.18250305,126.8794162
B000008905,양산중학교,중학교,운영,35.19641806,126.8750071
B000008906,지산중학교,중학교,운영,35.21704677,126.8814576
B000008907,용두중학교,중학교,운영,35.21577101,126.8752461
B000008908,신광중학교,중학교,운영,35.17953334,126.9321202
B000008909,두암중학교,중학교,운영,35.16620771,126.9351485
B000008910,문산중학교,중학교,운영,35.18937805,126.9238035
B000008911,용봉중학교,중학교,운영,35.185571,126.9112307
B000008912,우산중학교,중학교,운영,35.18962767,126.9123959
B000008913,문화중학교,중학교,운영,35.17846694,126.9239162
B000008914,운암중학교,중학교,운영,35.18471442,126.873828
B000008915,광주북성중학교,중학교,운영,35.15968492,126.9032356
B000008916,일곡중학교,중학교,운영,35.20969424,126.8984011
B000008917,일신중학교,중학교,운영,35.21152511,126.8936913
B000008918,광주동신중학교,중학교,운영,35.16943786,126.9223461
B000008919,서강중학교,중학교,운영,35.17517965,126.8680368
B000008920,고려중학교,중학교,운영,35.19253901,126.8982854
B000008921,살레시오중학교,중학교,운영,35.21688754,126.8920601
B000008922,광주동신여자중학교,중학교,운영,35.16943786,126.9223461
B000008923,광주경신중학교,중학교,운영,35.17473839,126.8926244
B000008924,금호중앙중학교,중학교,운영,35.1785969,126.8855126
B000008925,광주숭일중학교,중학교,운영,35.21781348,126.8969064
B000008926,광주중학교,중학교,운영,35.12571323,126.8561139
B000008927,풍암중학교,중학교,운영,35.12235904,126.8781231
B000008928,광주화정중학교,중학교,운영,35.14412529,126.8823691
B000008929,광주효광중학교,중학교,운영,35.14712562,126.8634316
B000008930,금호중학교,중학교,운영,35.13958449,126.8612012
B000008931,전남중학교,중학교,운영,35.15105399,126.8437142
B000008932,운리중학교,중학교,운영,35.12170714,126.8626226
B000008933,상무중학교,중학교,운영,35.14492058,126.8579815
B000008934,치평중학교,중학교,운영,35.14468809,126.8591015
B000008935,광주동명중학교,중학교,운영,35.15980175,126.8566198
B000008936,상일중학교,중학교,운영,35.15898836,126.8654655
B000008937,유덕중학교,중학교,운영,35.16350057,126.8597102
B000008938,광주서석중학교,중학교,운영,35.14925067,126.881315
B000008939,광덕중학교,중학교,운영,35.1446869,126.8784967
B000008940,대촌중학교,중학교,운영,35.08507851,126.8321505
B000008941,광주무진중학교,중학교,운영,35.14596075,126.8997305
B000008942,광주서광중학교,중학교,운영,35.13634616,126.9042624
B000008943,금당중학교,중학교,운영,35.13007561,126.8888949
B000008944,진남중학교,중학교,운영,35.1067586,126.908715
B000008945,봉선중학교,중학교,운영,35.12901152,126.9121466
B000008946,주월중학교,중학교,운영,35.12786826,126.9039873
B000008947,광주동성중학교,중학교,운영,35.11548253,126.8935344
B000008948,문성중학교,중학교,운영,35.12045939,126.9049884
B000008949,광주수피아여자중학교,중학교,운영,35.13719317,126.911614
B000008950,동아여자중학교,중학교,운영,35.12584749,126.9220699
B000008951,광주동성여자중학교,중학교,운영,35.11548253,126.8935344
B000008952,대성여자중학교,중학교,운영,35.1194595,126.8929965
B000008953,광주송원중학교,중학교,운영,35.10818451,126.8732664
B000008954,숭의중학교,중학교,운영,35.12743476,126.9231472
B000008955,송광중학교,중학교,운영,35.13340294,126.7979491
B000008956,산정중학교,중학교,운영,35.17115964,126.8009661
B000008957,영천중학교,중학교,운영,35.17701628,126.8109229
B000008958,장덕중학교,중학교,운영,35.18622511,126.8111491
B000008959,수완중학교,중학교,운영,35.18686035,126.8277241
B000008960,봉산중학교,중학교,운영,35.20952981,126.8447777
B000008961,월봉중학교,중학교,운영,35.20943732,126.8489785
B000008962,신창중학교,중학교,운영,35.19344065,126.8393746
B000008963,신가중학교,중학교,운영,35.1876841,126.8378471
B000008964,금구중학교,중학교,운영,35.17553403,126.8154974
B000008965,평동중학교,중학교,운영,35.12903067,126.7534195
B000008966,송정중학교,중학교,운영,35.14137231,126.7963268
B000008967,광산중학교,중학교,운영,35.15922599,126.808605
B000008968,운남중학교,중학교,운영,35.17763057,126.828617
B000008969,월계중학교,중학교,운영,35.21992389,126.8329196
B000008970,천곡중학교,중학교,운영,35.21195873,126.8348752
B000008971,첨단중학교,중학교,운영,35.20824768,126.8375972
B000008972,하남중학교,중학교,운영,35.16740467,126.8050612
B000008973,월곡중학교,중학교,운영,35.1667179,126.8134032
B000008974,성덕중학교,중학교,운영,35.19561959,126.8164213
B000008976,임곡중학교,중학교,운영,35.22062838,126.7419508
B000008977,정광중학교,중학교,운영,35.15514287,126.7960286
B000008978,광주진흥중학교,중학교,운영,35.19643601,126.8416886
B000008979,충남중학교,중학교,운영,36.32568497,127.443513
B000008980,한밭중학교,중학교,운영,36.33490751,127.4266301
B000008981,한밭여자중학교,중학교,운영,36.32892323,127.4485993
B000008982,대전가오중학교,중학교,운영,36.30867355,127.457144
B000008983,동신중학교,중학교,운영,36.3202964,127.4595324
B000008984,대전은어송중학교,중학교,운영,36.30045896,127.4609857
B000008985,동대전중학교,중학교,운영,36.34517648,127.4559184
B000008986,대전가양중학교,중학교,운영,36.35085594,127.4486569
B000008987,대전용운중학교,중학교,운영,36.32556291,127.4649845
B000008988,보문중학교,중학교,운영,36.33697696,127.4241521
B000008989,우송중학교,중학교,운영,36.33562875,127.4428489
B000008990,대전대성여자중학교,중학교,운영,36.33772604,127.4405617
B000008991,대전중학교,중학교,운영,36.32079217,127.4248636
B000008992,대전여자중학교,중학교,운영,36.32525301,127.4255734
B000008993,충남여자중학교,중학교,운영,36.33163973,127.411631
B000008994,대전문화여자중학교,중학교,운영,36.31305405,127.4099915
B000008995,대전글꽃중학교,중학교,운영,36.31861537,127.4091087
B000008996,대전태평중학교,중학교,운영,36.32955743,127.3974766
B000008997,대전대문중학교,중학교,운영,36.30807655,127.400752
B000008998,대전대성중학교,중학교,운영,36.331971,127.4070779
B000008999,대전동산중학교,중학교,운영,36.31611842,127.4044918
B000009000,동명중학교,중학교,운영,36.30838794,127.4387263
B000009001,대전중앙중학교,중학교,운영,36.33842277,127.4147891
B000009002,대전신일중학교,중학교,운영,36.30917839,127.4345256
B000009003,청란여자중학교,중학교,운영,36.31073792,127.4295277
B000009004,호수돈여자중학교,중학교,운영,36.32671701,127.4144851
B000009006,대전용전중학교,중학교,운영,36.35658849,127.4252276
B000009007,대전법동중학교,중학교,운영,36.36652684,127.4335276
B000009008,회덕중학교,중학교,운영,36.40116218,127.4258058
B000009009,신탄중앙중학교,중학교,운영,36.44137005,127.4242729
B000009010,대전매봉중학교,중학교,운영,36.36927451,127.4361517
B000009011,대전송촌중학교,중학교,운영,36.36405796,127.4434344
B000009012,대전대청중학교,중학교,운영,36.44891127,127.4378826
B000009013,대전대화중학교,중학교,운영,36.36177829,127.4144323
B000009014,오정중학교,중학교,운영,36.35152036,127.4080876
B000009015,중리중학교,중학교,운영,36.36662861,127.4270918
B000009016,대전경덕중학교,중학교,운영,36.3498313,127.4230626
B000009017,신탄진중학교,중학교,운영,36.44731214,127.4234779
B000009018,대전도안중학교,중학교,운영,36.31797152,127.3457942
B000009019,기성중학교,중학교,운영,36.25111009,127.3411542
B000009020,대전정림중학교,중학교,운영,36.29385348,127.360996
B000009021,대전도마중학교,중학교,운영,36.31917326,127.3723111
B000009022,대전서중학교,중학교,운영,36.3364274,127.374561
B000009023,대전남선중학교,중학교,운영,36.36331761,127.372732
B000009024,가수원중학교,중학교,운영,36.29847211,127.354558
B000009025,갈마중학교,중학교,운영,36.34848881,127.3648403
B000009026,대전둔산중학교,중학교,운영,36.35342528,127.3719786
B000009027,대전둔원중학교,중학교,운영,36.34273256,127.3766789
B000009028,대전구봉중학교,중학교,운영,36.30041393,127.3301539
B000009029,대전느리울중학교,중학교,운영,36.29722802,127.3394081
B000009030,대전봉우중학교,중학교,운영,36.2984703,127.3327047
B000009031,대전관저중학교,중학교,운영,36.30572428,127.3396966
B000009032,대전괴정중학교,중학교,운영,36.34040306,127.3788431
B000009033,대전버드내중학교,중학교,운영,36.31732823,127.3834896
B000009034,대전삼천중학교,중학교,운영,36.35833529,127.3937223
B000009035,대전탄방중학교,중학교,운영,36.35044287,127.394387
B000009036,대전만년중학교,중학교,운영,36.36704635,127.3763124
B000009037,대전변동중학교,중학교,운영,36.3247386,127.3757901
B000009038,대전내동중학교,중학교,운영,36.33228389,127.3702487
B000009039,대전봉산중학교,중학교,운영,36.3311735,127.3728435
B000009040,대전문정중학교,중학교,운영,36.35547776,127.4015487
B000009041,대전갑천중학교,중학교,운영,36.36194589,127.3691623
B000009042,대전월평중학교,중학교,운영,36.3566482,127.3674693
B000009043,대전신계중학교,중학교,운영,36.30195661,127.3770392
B000009045,대전대신중학교,중학교,운영,36.30895881,127.3800491
B000009046,동방여자중학교,중학교,운영,36.30623876,127.3746013
B000009047,대전삼육중학교,중학교,운영,36.31184344,127.3724191
B000009048,대전덕명중학교,중학교,운영,36.34588695,127.302690
B000009049,대전외삼중학교,중학교,운영,36.39414482,127.3101456
B000009050,대전자운중학교,중학교,운영,36.411014,127.3380613
B000009051,대전봉명중학교,중학교,운영,36.34964791,127.344931
B000009052,대전장대중학교,중학교,운영,36.36055807,127.3387935
B000009053,유성중학교,중학교,운영,36.34589364,127.3347496
B000009054,대전체육중학교,중학교,운영,36.33651309,127.3406536
B000009055,대전노은중학교,중학교,운영,36.37004922,127.3242358
B000009056,대전지족중학교,중학교,운영,36.37793595,127.3208044
B000009057,대덕중학교,중학교,운영,36.37946132,127.3775175
B000009058,대전하기중학교,중학교,운영,36.38588907,127.3222049
B000009059,대전문지중학교,중학교,운영,36.39698677,127.3990962
B000009060,대전송강중학교,중학교,운영,36.43781613,127.3814373
B000009061,대전동화중학교,중학교,운영,36.42280063,127.3894687
B000009062,대전관평중학교,중학교,운영,36.424095,127.3871878
B000009063,대전두리중학교,중학교,운영,36.4292747,127.3823802
B000009064,대전어은중학교,중학교,운영,36.36600526,127.3529132
B000009065,진잠중학교,중학교,운영,36.29688109,127.3176177
B000009066,대전전민중학교,중학교,운영,36.4015563,127.4054691
B000009067,성덕중학교,중학교,운영,36.38693177,127.3445355
B000009068,울산제일중학교,중학교,운영,35.55487147,129.2848051
B000009070,가온중학교,중학교,운영,35.56437844,129.3382861
B000009071,약사중학교,중학교,운영,35.57095263,129.3390424
B000009072,학성여자중학교,중학교,운영,35.5546567,129.2906648
B000009073,성안중학교,중학교,운영,35.57278036,129.3178978
B000009074,무룡중학교,중학교,운영,35.56500671,129.3356399
B000009075,남외중학교,중학교,운영,35.56644838,129.3491332
B000009076,다운중학교,중학교,운영,35.56786292,129.2701094
B000009077,유곡중학교,중학교,운영,35.55882497,129.299591
B000009079,대송중학교,중학교,운영,35.50452893,129.4196102
B000009080,명덕여자중학교,중학교,운영,35.50434136,129.4242201
B000009081,화진중학교,중학교,운영,35.49681312,129.4220643
B000009082,방어진중학교,중학교,운영,35.50469476,129.4180856
B000009083,화암중학교,중학교,운영,35.4880068,129.4118422
B000009084,남목중학교,중학교,운영,35.53883553,129.4232406
B000009085,일산중학교,중학교,운영,35.50582768,129.4227382
B000009086,현대중학교,중학교,운영,35.52408034,129.423179
B000009087,현대청운중학교,중학교,운영,35.53528728,129.4275196
B000009089,화봉중학교,중학교,운영,35.58935749,129.3608359
B000009090,진장중학교,중학교,운영,35.56362477,129.3583245
B000009091,효정중학교,중학교,운영,35.55923755,129.3787986
B000009092,매곡중학교,중학교,운영,35.64485557,129.3493936
B000009093,달천중학교,중학교,운영,35.63101004,129.3305407
B000009094,상안중학교,중학교,운영,35.62782477,129.3299248
B000009095,천곡중학교,중학교,운영,35.63274613,129.3408015
B000009096,연암중학교,중학교,운영,35.58514247,129.360901
B000009097,이화중학교,중학교,운영,35.65832707,129.3391358
B000009100,학성중학교,중학교,운영,35.53321026,129.2996361
B000009101,울산서여자중학교,중학교,운영,35.53212011,129.2999784
B000009102,대현중학교,중학교,운영,35.5424085,129.3331081
B000009103,야음중학교,중학교,운영,35.52605365,129.3260298
B000009104,태화중학교,중학교,운영,35.53194177,129.3395348
B000009105,무거중학교,중학교,운영,35.53763276,129.2515883
B000009106,삼호중학교,중학교,운영,35.54948487,129.2680619
B000009107,동평중학교,중학교,운영,35.53405261,129.3248356
B000009108,옥현중학교,중학교,운영,35.54004872,129.2627732
B000009109,문수중학교,중학교,운영,35.53837124,129.2572996
B000009110,울산강남중학교,중학교,운영,35.54588733,129.3415029
B000009111,월평중학교,중학교,운영,35.54088483,129.3156467
B000009112,신일중학교,중학교,운영,35.52803935,129.3110505
B000009113,울산중앙중학교,중학교,운영,35.5260243,129.3156805
B000009114,신정중학교,중학교,운영,35.54188841,129.2913335
B000009115,옥동중학교,중학교,운영,35.5383655,129.2840699
B000009116,언양중학교,중학교,운영,35.57274968,129.1276791
B000009117,범서중학교,중학교,운영,35.56850388,129.2448965
B000009118,구영중학교,중학교,운영,35.57265964,129.2364704
B000009119,천상중학교,중학교,운영,35.56026765,129.2208566
B000009120,온산중학교,중학교,운영,35.43958116,129.3177428
B000009121,남창중학교,중학교,운영,35.41888626,129.2871779
B000009122,신언중학교,중학교,운영,35.56747899,129.1137675
B000009123,삼남중학교,중학교,운영,35.52411841,129.0968091
B000009124,두광중학교,중학교,운영,35.65515117,129.1689031
B000009125,청량중학교,중학교,운영,35.48864478,129.3045193
B000009126,웅촌중학교,중학교,운영,35.46248544,129.2087306
B000009127,서생중학교,중학교,운영,35.34946034,129.3311379
B000009129,광교중학교,중학교,운영,37.30452503,127.044661
B000009130,이의중학교,중학교,운영,37.2913276,127.0707668
B000009131,수성중학교,중학교,운영,37.29479929,127.012183
B000009132,수일중학교,중학교,운영,37.31021301,127.0024664
B000009133,수일여자중학교,중학교,운영,37.30810329,127.0076654
B000009134,이목중학교,중학교,운영,37.31831824,126.9823353
B000009135,경기체육중학교,중학교,운영,37.30395971,126.9785339
B000009136,천천중학교,중학교,운영,37.30024941,126.981025
B000009137,송원중학교,중학교,운영,37.29724061,127.0028453
B000009138,창용중학교,중학교,운영,37.29316862,127.030143
B000009139,수원북중학교,중학교,운영,37.29541111,127.021034
B000009140,율전중학교,중학교,운영,37.30336795,126.9663526
B000009141,대평중학교,중학교,운영,37.29743078,126.9898634
B000009142,명인중학교,중학교,운영,37.29223274,126.9930863
B000009143,조원중학교,중학교,운영,37.30761201,127.0167427
B000009144,곡반중학교,중학교,운영,37.2443514,127.0330821
B000009145,고색중학교,중학교,운영,37.25360106,126.9813192
B000009146,구운중학교,중학교,운영,37.27680726,126.977418
B000009147,곡선중학교,중학교,운영,37.25452378,127.0234799
B000009148,남수원중학교,중학교,운영,37.25199587,127.0336582
B000009149,칠보중학교,중학교,운영,37.27362167,126.9444852
B000009150,상촌중학교,중학교,운영,37.2762001,126.935309
B000009151,서호중학교,중학교,운영,37.26639752,126.9877938
B000009152,세류중학교,중학교,운영,37.2576272,127.0070015
B000009153,권선중학교,중학교,운영,37.24884036,127.0171053
B000009154,호매실중학교,중학교,운영,37.26848379,126.955446
B000009155,화홍중학교,중학교,운영,37.24728058,127.0347228
B000009156,정천중학교,중학교,운영,37.28939916,126.9819422
B000009157,율현중학교,중학교,운영,37.28612119,126.9826535
B000009158,동성중학교,중학교,운영,37.28470754,127.034961
B000009159,수원제일중학교,중학교,운영,37.28713514,127.0008026
B000009160,숙지중학교,중학교,운영,37.28243119,126.9922207
B000009161,연무중학교,중학교,운영,37.29290141,127.0518821
B000009162,수원원일중학교,중학교,운영,37.26539571,127.053545
B000009163,매탄중학교,중학교,운영,37.26073463,127.039259
B000009164,동수원중학교,중학교,운영,37.2712924,127.0547216
B000009165,산남중학교,중학교,운영,37.26912854,127.0513148
B000009166,매원중학교,중학교,운영,37.26661639,127.0452492
B000009167,영동중학교(폐교),중학교,운영,37.24066475,127.0434719
B000009168,잠원중학교,중학교,운영,37.23937024,127.0487269
B000009169,망포중학교,중학교,운영,37.23823478,127.0559614
B000009170,청명중학교,중학교,운영,37.26185806,127.0781262
B000009171,영덕중학교,중학교,운영,37.25855295,127.072890
B000009172,태장중학교,중학교,운영,37.24899233,127.0651888
B000009173,영통중학교,중학교,운영,37.2536188,127.0637499
B000009174,영일중학교,중학교,운영,37.2496833,127.0758513
B000009175,원천중학교,중학교,운영,37.27640244,127.0490259
B000009176,매현중학교,중학교,운영,37.25486284,127.0427153
B000009177,영복여자중학교,중학교,운영,37.28559857,127.0028572
B000009178,영신중학교,중학교,운영,37.24190913,126.9669823
B000009179,삼일중학교,중학교,운영,37.28439868,127.0185096
B000009180,매향중학교,중학교,운영,37.28575833,127.019207
B000009181,수원중학교,중학교,운영,37.26713365,127.0174147
B000009182,중앙기독중학교,중학교,운영,37.27533477,127.0576904
B000009183,성남문원중학교,중학교,운영,37.46091703,127.1574144
B000009184,성남서중학교,중학교,운영,37.44911542,127.1541109
B000009185,창성중학교,중학교,운영,37.46072562,127.1540897
B000009186,영성중학교,중학교,운영,37.42721098,127.147292
B000009187,상원여자중학교,중학교,운영,37.45701189,127.1580691
B000009190,성남여자중학교,중학교,운영,37.45023391,127.1427174
B000009192,수진중학교,중학교,운영,37.43711701,127.1236376
B000009193,태평중학교,중학교,운영,37.44667267,127.1288292
B000009194,도촌중학교,중학교,운영,37.41676815,127.1542449
B000009195,금광중학교,중학교,운영,37.44660311,127.1716429
B000009196,성남동중학교,중학교,운영,37.44873911,127.1641774
B000009197,성남중학교,중학교,운영,37.43246198,127.1443208
B000009198,은행중학교,중학교,운영,37.45703332,127.1725674
B000009199,백현중학교,중학교,운영,37.37132024,127.1106623
B000009200,샛별중학교,중학교,운영,37.36813084,127.1299286
B000009201,삼평중학교,중학교,운영,37.40060747,127.1157402
B000009202,낙원중학교,중학교,운영,37.39919048,127.0961776
B000009203,판교중학교,중학교,운영,37.38722313,127.0875578
B000009204,보평중학교,중학교,운영,37.39395033,127.1157671
B000009205,신백현중학교,중학교,운영,37.38628783,127.1102903
B000009206,운중중학교,중학교,운영,37.39124417,127.0736017
B000009208,구미중학교,중학교,운영,37.34634609,127.1236076
B000009209,매송중학교,중학교,운영,37.39673763,127.1233688
B000009210,불곡중학교,중학교,운영,37.34745932,127.119915
B000009211,양영중학교,중학교,운영,37.37652556,127.1359747
B000009212,서현중학교,중학교,운영,37.3807546,127.1335296
B000009213,수내중학교,중학교,운영,37.37098934,127.1261902
B000009214,야탑중학교,중학교,운영,37.41612945,127.1312341
B000009215,이매중학교,중학교,운영,37.40192933,127.1260549
B000009216,장안중학교,중학교,운영,37.37142116,127.1466861
B000009217,정자중학교,중학교,운영,37.3653198,127.1101466
B000009218,분당중학교,중학교,운영,37.36090634,127.1110695
B000009219,늘푸른중학교,중학교,운영,37.35739426,127.1051176
B000009220,하탑중학교,중학교,운영,37.40946211,127.137175
B000009221,내정중학교,중학교,운영,37.37073068,127.1194777
B000009222,풍생중학교,중학교,운영,37.43504295,127.1314146
B000009223,성일중학교,중학교,운영,37.43487853,127.1448205
B000009224,동광중학교,중학교,운영,37.43463362,127.1434964
B000009225,숭신여자중학교,중학교,운영,37.45026861,127.1700177
B000009226,이우중학교,중학교,운영,37.35324326,127.090941
B000009227,송림중학교,중학교,운영,37.39191272,127.1318098
B000009229,부천동중학교,중학교,운영,37.48077502,126.8102137
B000009231,부천여자중학교,중학교,운영,37.48137871,126.7604813
B000009232,부천동여자중학교,중학교,운영,37.48077502,126.8102137
B000009233,부명중학교,중학교,운영,37.49795306,126.7641504
B000009234,중원중학교,중학교,운영,37.511937,126.7628471
B000009235,상도중학교,중학교,운영,37.49435941,126.7603474
B000009236,석천중학교,중학교,운영,37.50991836,126.7569499
B000009237,상동중학교,중학교,운영,37.49815628,126.7449141
B000009238,상일중학교,중학교,운영,37.50165479,126.7513843
B000009239,부인중학교,중학교,운영,37.49055345,126.7486718
B000009240,역곡중학교,중학교,운영,37.49143964,126.8109076
B000009241,원미중학교,중학교,운영,37.49927327,126.7944904
B000009242,부천중학교,중학교,운영,37.49042809,126.7688648
B000009243,중흥중학교,중학교,운영,37.50654272,126.7742134
B000009244,부천부흥중학교,중학교,운영,37.50525954,126.7781255
B000009245,심원중학교,중학교,운영,37.49986182,126.7827908
B000009246,계남중학교,중학교,운영,37.49738932,126.7735021
B000009247,부천부곡중학교,중학교,운영,37.49463546,126.7745235
B000009248,부천여월중학교,중학교,운영,37.51725867,126.7972231
B000009249,수주중학교,중학교,운영,37.5313946,126.8169546
B000009250,내동중학교,중학교,운영,37.51773405,126.7746305
B000009251,까치울중학교,중학교,운영,37.51533749,126.8013393
B000009252,덕산중학교,중학교,운영,37.52891232,126.7936079
B000009253,성곡중학교,중학교,운영,37.51747466,126.8153418
B000009254,성주중학교,중학교,운영,37.48028041,126.7599147
B000009255,소사중학교,중학교,운영,37.47002481,126.8020814
B000009256,부천일신중학교,중학교,운영,37.47329733,126.8059082
B000009257,부일중학교,중학교,운영,37.46623463,126.7997359
B000009258,부천남중학교,중학교,운영,37.47906932,126.7720163
B000009259,소명여자중학교,중학교,운영,37.48782298,126.791310
B000009260,신안중학교,중학교,운영,37.38811426,126.9148167
B000009261,대안중학교,중학교,운영,37.37798341,126.9658777
B000009263,대안여자중학교,중학교,운영,37.3771591,126.9651002
B000009265,안양중학교,중학교,운영,37.40925264,126.8966844
B000009266,안양서중학교,중학교,운영,37.38592792,126.9043162
B000009267,관양중학교,중학교,운영,37.40568279,126.9605487
B000009268,평촌중학교,중학교,운영,37.38878173,126.9614853
B000009269,귀인중학교,중학교,운영,37.38403061,126.9633897
B000009270,신기중학교,중학교,운영,37.37908069,126.9588302
B000009271,호성중학교,중학교,운영,37.36691837,126.9637649
B000009272,범계중학교,중학교,운영,37.38471774,126.9553571
B000009273,인덕원중학교,중학교,운영,37.40224961,126.9714242
B000009274,부림중학교,중학교,운영,37.39806651,126.9532768
B000009275,부안중학교,중학교,운영,37.39909518,126.9606259
B000009276,안양부흥중학교,중학교,운영,37.39408695,126.9454579
B000009277,임곡중학교,중학교,운영,37.40854787,126.9315627
B000009278,비산중학교,중학교,운영,37.40942621,126.948075
B000009279,호계중학교,중학교,운영,37.37834907,126.9517363
B000009280,신성중학교,중학교,운영,37.38415457,126.918832
B000009281,안양여자중학교,중학교,운영,37.40356518,126.9163223
B000009282,성문중학교,중학교,운영,37.37984308,126.9246852
B000009283,근명중학교,중학교,운영,37.39354124,126.9200136
B000009284,과천문원중학교,중학교,운영,37.42339944,126.9952942
B000009285,과천중학교,중학교,운영,37.43314941,126.9893133
B000009286,초지중학교,중학교,운영,37.3120993,126.8179787
B000009287,별망중학교,중학교,운영,37.30449617,126.8125395
B000009288,신길중학교,중학교,운영,37.33713186,126.787655
B000009289,원일중학교,중학교,운영,37.33944264,126.8086767
B000009290,석수중학교,중학교,운영,37.34292546,126.8092437
B000009291,선일중학교,중학교,운영,37.33549008,126.8037698
B000009292,단원중학교,중학교,운영,37.32794999,126.822711
B000009293,중앙중학교,중학교,운영,37.32246042,126.8402219
B000009294,선부중학교,중학교,운영,37.34481476,126.8151367
B000009295,와동중학교,중학교,운영,37.3386135,126.8309045
B000009296,관산중학교,중학교,운영,37.335274,126.7988246
B000009297,송호중학교,중학교,운영,37.31126021,126.8395516
B000009298,양지중학교,중학교,운영,37.30478573,126.8337383
B000009299,원곡중학교,중학교,운영,37.33133132,126.8017354
B000009300,시곡중학교,중학교,운영,37.29276441,126.856039
B000009301,석호중학교,중학교,운영,37.29968123,126.8522454
B000009302,이호중학교,중학교,운영,37.28587748,126.8570207
B000009303,상록중학교,중학교,운영,37.30011319,126.8695749
B000009304,반월중학교,중학교,운영,37.30459717,126.8992679
B000009305,본오중학교,중학교,운영,37.29327463,126.866780
B000009306,안산부곡중학교,중학교,운영,37.32381712,126.8587264
B000009307,경수중학교,중학교,운영,37.32693645,126.8513333
B000009308,성포중학교,중학교,운영,37.33552772,126.8512845
B000009309,광덕중학교,중학교,운영,37.33746804,126.8460351
B000009310,안산성호중학교,중학교,운영,37.31415903,126.8681669
B000009311,성안중학교,중학교,운영,37.30403122,126.8481679
B000009312,안산해양중학교,중학교,운영,37.29530464,126.8211678
B000009313,안산중학교,중학교,운영,37.36094704,126.8741442
B000009314,대부중학교,중학교,운영,37.24776227,126.5790618
B000009315,신봉중학교,중학교,운영,37.32765873,127.0643074
B000009316,구성중학교,중학교,운영,37.29999927,127.114422
B000009317,상하중학교,중학교,운영,37.26159673,127.1356759
B000009318,성지중학교,중학교,운영,37.27403886,127.1281168
B000009320,신갈중학교,중학교,운영,37.28067138,127.1086862
B000009321,나곡중학교,중학교,운영,37.25143052,127.1245131
B000009322,보라중학교,중학교,운영,37.24950722,127.1082152
B000009323,상갈중학교,중학교,운영,37.2664741,127.1092177
B000009324,서천중학교,중학교,운영,37.24001911,127.0758949
B000009325,구갈중학교,중학교,운영,37.28484009,127.1087237
B000009326,용인신릉중학교,중학교,운영,37.29025948,127.1160249
B000009327,흥덕중학교,중학교,운영,37.27678653,127.0797285
B000009328,언동중학교,중학교,운영,37.29442085,127.1302984
B000009329,용인백현중학교,중학교,운영,37.28099517,127.164679
B000009330,동백중학교,중학교,운영,37.28558222,127.1589105
B000009331,소현중학교,중학교,운영,37.30158937,127.0937847
B000009332,용인신촌중학교,중학교,운영,37.31614242,127.1132682
B000009333,청덕중학교,중학교,운영,37.29318256,127.1451614
B000009334,초당중학교,중학교,운영,37.26553571,127.1568124
B000009335,용인한빛중학교,중학교,운영,37.3372256,127.0848659
B000009336,상현중학교,중학교,운영,37.29949159,127.0709899
B000009337,서원중학교,중학교,운영,37.3018915,127.0805582
B000009338,성복중학교,중학교,운영,37.31974732,127.0764604
B000009339,현암중학교,중학교,운영,37.32955546,127.1218001
B000009340,대지중학교,중학교,운영,37.33105561,127.1163113
B000009341,용인대덕중학교,중학교,운영,37.33674758,127.1276076
B000009342,수지중학교,중학교,운영,37.33289857,127.0943635
B000009343,이현중학교,중학교,운영,37.31528324,127.0968022
B000009344,정평중학교,중학교,운영,37.31807594,127.0878026
B000009345,손곡중학교,중학교,운영,37.33485587,127.0942612
B000009346,죽전중학교,중학교,운영,37.33236479,127.1075402
B000009347,성서중학교,중학교,운영,37.31498196,127.0640834
B000009348,홍천중학교,중학교,운영,37.32110222,127.0764753
B000009349,고림중학교,중학교,운영,37.24047025,127.2184893
B000009350,용인중학교,중학교,운영,37.23861861,127.2005664
B000009351,용신중학교,중학교,운영,37.23396718,127.1924301
B000009352,태성중학교,중학교,운영,37.22892007,127.2088324
B000009353,문정중학교,중학교,운영,37.32272577,127.0990637
B000009354,영문중학교,중학교,운영,37.2719248,127.2084928
B000009355,포곡중학교,중학교,운영,37.2797216,127.2213922
B000009356,송전중학교,중학교,운영,37.1404346,127.2007625
B000009357,용천중학교,중학교,운영,37.19144213,127.2008278
B000009358,모현중학교,중학교,운영,37.3438498,127.231589
B000009359,백암중학교,중학교,운영,37.164968,127.3685728
B000009360,원삼중학교,중학교,운영,37.16816305,127.3093127
B000009361,용동중학교,중학교,운영,37.23151178,127.2829773
B000009362,헌산중학교,중학교,운영,37.17384579,127.2958775
B000009363,남사중학교,중학교,운영,37.11610922,127.1493131
B000009364,군포중학교,중학교,운영,37.35790182,126.9449292
B000009365,용호중학교,중학교,운영,37.34302578,126.9446325
B000009366,당동중학교,중학교,운영,37.34543137,126.9372674
B000009367,부곡중앙중학교,중학교,운영,37.32360247,126.9383429
B000009368,산본중학교,중학교,운영,37.3695021,126.9271263
B000009369,궁내중학교,중학교,운영,37.36388636,126.9190776
B000009370,수리중학교,중학교,운영,37.36124122,126.9185679
B000009371,도장중학교,중학교,운영,37.35560813,126.9269137
B000009372,당정중학교,중학교,운영,37.34871302,126.9588427
B000009373,곡란중학교,중학교,운영,37.37284839,126.9297615
B000009374,금정중학교,중학교,운영,37.35663236,126.9390466
B000009375,흥진중학교,중학교,운영,37.35286142,126.9285268
B000009376,갈뫼중학교,중학교,운영,37.37747542,126.9749024
B000009377,덕장중학교,중학교,운영,37.39322824,126.9988109
B000009378,모락중학교,중학교,운영,37.3680803,126.9677165
B000009379,고천중학교,중학교,운영,37.35235722,126.9829824
B000009380,의왕중학교,중학교,운영,37.35203705,126.9755771
B000009381,의왕부곡중학교,중학교,운영,37.31483225,126.9570769
B000009382,백운중학교,중학교,운영,37.39057316,126.9896699
B000009383,은계중학교,중학교,운영,37.44719656,126.8001873
B000009384,시흥능곡중학교,중학교,운영,37.36502476,126.8147195
B000009385,연성중학교,중학교,운영,37.39248682,126.8134103
B000009386,장곡중학교,중학교,운영,37.37987298,126.7876166
B000009387,함현중학교,중학교,운영,37.36379852,126.7369618
B000009388,시흥중학교,중학교,운영,37.35294946,126.7318635
B000009389,정왕중학교,중학교,운영,37.34018306,126.7424822
B000009390,서해중학교,중학교,운영,37.35717907,126.7260914
B000009391,시화중학교,중학교,운영,37.34098555,126.7561913
B000009392,송운중학교,중학교,운영,37.35941067,126.731408
B000009393,군자중학교,중학교,운영,37.35125546,126.7840568
B000009394,논곡중학교,중학교,운영,37.38887267,126.8571918
B000009395,대흥중학교,중학교,운영,37.44744016,126.784073
B000009396,시흥매화중학교,중학교,운영,37.41319048,126.8159638
B000009397,월곶중학교,중학교,운영,37.39264071,126.7379036
B000009398,소래중학교,중학교,운영,37.43735861,126.7967625
B000009399,시흥은행중학교,중학교,운영,37.44288989,126.8022274
B000009400,응곡중학교,중학교,운영,37.38077945,126.7832803
B000009402,신천중학교,중학교,운영,37.43428739,126.782428
B000009403,한국글로벌중학교,중학교,운영,37.45851798,126.8323613
B000009404,청옥중학교,중학교,운영,37.01478998,126.9150395
B000009406,평택여자중학교,중학교,운영,36.99300685,127.1030819
B000009407,비전중학교,중학교,운영,37.00726282,127.102831
B000009408,세교중학교,중학교,운영,37.01353715,127.0886148
B000009409,장당중학교,중학교,운영,37.05165213,127.0631855
B000009410,이충중학교,중학교,운영,37.05952238,127.068990
B000009411,송탄중학교,중학교,운영,37.07656162,127.0665717
B000009412,신한중학교,중학교,운영,36.99356942,127.1044177
B000009413,한광중학교,중학교,운영,36.99789035,127.0960037
B000009414,한광여자중학교,중학교,운영,36.99789035,127.0960204
B000009415,라온중학교,중학교,운영,37.069442,127.0669522
B000009416,효명중학교,중학교,운영,37.0501393,127.0550807
B000009417,은혜중학교,중학교,운영,37.06654128,127.0816468
B000009418,태광중학교,중학교,운영,37.07387961,127.0534992
B000009419,도곡중학교,중학교,운영,36.98922145,126.8487617
B000009420,포승중학교,중학교,운영,36.98198727,126.8817813
B000009421,안일중학교,중학교,운영,36.98415943,126.9244101
B000009422,현화중학교,중학교,운영,36.9824163,126.9200361
B000009423,안중중학교,중학교,운영,36.98699168,126.9232225
B000009424,청담중학교,중학교,운영,36.96248605,127.0631038
B000009425,청북중학교,중학교,운영,37.04255751,126.9473637
B000009426,진위중학교,중학교,운영,37.10991471,127.0694297
B000009427,오성중학교,중학교,운영,37.00918156,126.9806408
B000009428,남양중학교,중학교,운영,37.2076495552,126.8216294301
B000009429,솔빛중학교,중학교,운영,37.1959992676,127.0724381564
B000009430,반송중학교,중학교,운영,37.1904223534,127.0712298412
B000009431,석우중학교,중학교,운영,37.2081436025,127.0702429682
B000009432,기산중학교,중학교,운영,37.2191035737,127.0524467
B000009433,기안중학교,중학교,운영,37.22434165,126.9753192
B000009434,능동중학교,중학교,운영,37.2120870152,127.0613173452
B000009435,푸른중학교,중학교,운영,37.202107356,127.0566057652
B000009436,동학중학교,중학교,운영,37.23298711,127.0579306964
B000009437,병점중학교,중학교,운영,37.2100783524,127.0402100868
B000009438,안화중학교,중학교,운영,37.21111875,127.0485705
B000009439,진안중학교,중학교,운영,37.2165232,127.0378176
B000009440,예당중학교,중학교,운영,37.2077909387,127.0793273732
B000009441,안용중학교,중학교,운영,37.2064732138,127.0202334128
B000009442,화성동화중학교,중학교,운영,37.21386594,126.9618927204
B000009443,봉담중학교,중학교,운영,37.21655105,126.9533521
B000009444,와우중학교,중학교,운영,37.2190809431,126.9657577622
B000009445,향남중학교,중학교,운영,37.12873445,126.9277544
B000009446,발안중학교,중학교,운영,37.13284524,126.9186082959
B000009447,삼괴중학교,중학교,운영,37.0896174918,126.8214954998
B000009448,화성중학교,중학교,운영,37.13902926,126.9066229429
B000009449,두레자연중학교,중학교,운영,37.0592118064,126.7953038209
B000009450,양감중학교,중학교,운영,37.0809277186,126.951662
B000009451,정남중학교,중학교,운영,37.1658147886,126.9786516
B000009452,장안여자중학교,중학교,운영,37.0772986356,126.8156810694
B000009453,비봉중학교,중학교,운영,37.2376134381,126.8735325594
B000009454,화도중학교,중학교,운영,37.2048869589,126.7747788423
B000009455,송산중학교,중학교,운영,37.21535671,126.7306439
B000009456,서신중학교,중학교,운영,37.1691845771,126.7010521667
B000009458,운천중학교,중학교,운영,37.15829932,127.0780072
B000009459,운암중학교,중학교,운영,37.14588366,127.0769292
B000009460,대호중학교,중학교,운영,37.16220081,127.0568708
B000009461,세마중학교,중학교,운영,37.18105837,127.0422468
B000009462,문시중학교,중학교,운영,37.17443429,127.0471779
B000009463,매홀중학교,중학교,운영,37.16800267,127.0688472
B000009464,성호중학교,중학교,운영,37.13961594,127.0818199
B000009465,오산원일중학교,중학교,운영,37.13977634,127.0726758
B000009466,오산중학교,중학교,운영,37.15430591,127.0626056
B000009467,철산중학교,중학교,운영,37.47030832,126.8753237
B000009468,충현중학교,중학교,운영,37.43031148,126.881806
B000009469,소하중학교,중학교,운영,37.44819692,126.887415
B000009470,광남중학교,중학교,운영,37.47007475,126.8475588
B000009471,광문중학교,중학교,운영,37.46687915,126.8528284
B000009472,안서중학교,중학교,운영,37.4383574,126.8821568
B000009473,광명북중학교,중학교,운영,37.48714374,126.8657712
B000009474,광명중학교,중학교,운영,37.47842348,126.8675734
B000009475,하안중학교,중학교,운영,37.46738575,126.8807721
B000009476,가림중학교,중학교,운영,37.45764308,126.8796742
B000009477,하안북중학교,중학교,운영,37.46508438,126.8677256
B000009478,광주중학교,중학교,운영,37.40965522,127.2543702
B000009479,경안중학교,중학교,운영,37.39510409,127.2469066
B000009480,탄벌중학교,중학교,운영,37.41306261,127.2438458
B000009481,광주광남중학교,중학교,운영,37.38042776,127.236244
B000009482,경화여자중학교,중학교,운영,37.41824307,127.2639914
B000009483,초월중학교,중학교,운영,37.36712661,127.3031765
B000009484,곤지암중학교,중학교,운영,37.34856308,127.3376091
B000009485,광수중학교,중학교,운영,37.47365896,127.3198075
B000009486,광일중학교,중학교,운영,37.30374165,127.3307934
B000009487,덕풍중학교,중학교,운영,37.55369803,127.1992248
B000009488,동부중학교,중학교,운영,37.53411789,127.2030918
B000009489,남한중학교,중학교,운영,37.54274227,127.2092757
B000009490,하남중학교,중학교,운영,37.53645843,127.2229362
B000009491,신평중학교,중학교,운영,37.5441467,127.214010
B000009492,신장중학교,중학교,운영,37.54312025,127.218857
B000009493,푸른솔중학교,중학교,운영,37.65243694,126.6671637
B000009494,김포중학교,중학교,운영,37.6221982,126.7079972
B000009495,김포여자중학교,중학교,운영,37.61839978,126.713009
B000009496,감정중학교,중학교,운영,37.62110744,126.7009004
B000009497,장기중학교,중학교,운영,37.64781054,126.6648355
B000009498,고창중학교,중학교,운영,37.64183725,126.6703971
B000009499,풍무중학교,중학교,운영,37.60007633,126.7267522
B000009500,양도중학교,중학교,운영,37.60472045,126.7307012
B000009501,금파중학교,중학교,운영,37.62404987,126.7190051
B000009502,고촌중학교,중학교,운영,37.60853876,126.7680642
B000009503,김포신곡중학교,중학교,운영,37.59936807,126.7649552
B000009504,마송중학교,중학교,운영,37.68673882,126.5949647
B000009505,통진중학교,중학교,운영,37.68585311,126.6021476
B000009506,신양중학교,중학교,운영,37.65906492,126.6355015
B000009507,대곶중학교,중학교,운영,37.64933563,126.5837202
B000009508,양곡중학교,중학교,운영,37.65963944,126.6251437
B000009509,하성중학교,중학교,운영,37.71800637,126.6284333
B000009510,분진중학교,중학교,운영,37.7192687,126.552961
B000009511,이천중학교,중학교,운영,37.27926523,127.4561674
B000009512,설봉중학교,중학교,운영,37.28480071,127.451362
B000009513,이천송정중학교,중학교,운영,37.29352876,127.4331835
B000009514,증포중학교,중학교,운영,37.28807095,127.4555511
B000009515,이천양정여자중학교,중학교,운영,37.28466632,127.436821
B000009516,부발중학교,중학교,운영,37.28529944,127.4941441
B000009517,효양중학교,중학교,운영,37.26576297,127.4821566
B000009518,장호원중학교,중학교,운영,37.12648855,127.6170899
B000009519,마장중학교,중학교,운영,37.24714795,127.3581602
B000009520,백사중학교,중학교,운영,37.32371489,127.4739405
B000009521,대월중학교,중학교,운영,37.22442055,127.4914997
B000009523,모가중학교,중학교,운영,37.17611903,127.4733746
B000009524,이천경남중학교,중학교,운영,37.13607492,127.5188855
B000009525,율면중학교,중학교,운영,37.08769127,127.5425144
B000009526,안성중학교,중학교,운영,37.01331333,127.2704648
B000009527,안성여자중학교,중학교,운영,37.00836663,127.275693
B000009528,비룡중학교,중학교,운영,37.01568452,127.2627594
B000009529,안청중학교,중학교,운영,37.02200634,127.2748774
B000009530,명륜여자중학교,중학교,운영,37.00503274,127.2751069
B000009531,공도중학교,중학교,운영,37.00225731,127.173626
B000009532,만정중학교,중학교,운영,37.0086015,127.1729856
B000009533,양진중학교,중학교,운영,36.98582893,127.1438654
B000009534,서운중학교,중학교,운영,36.94487143,127.2640856
B000009535,죽산중학교,중학교,운영,37.08202849,127.4248873
B000009536,일죽중학교,중학교,운영,37.09147028,127.4733715
B000009537,양성중학교,중학교,운영,37.06313048,127.1958085
B000009538,한겨레중학교,중학교,운영,37.03060318,127.4226896
B000009539,여주중학교,중학교,운영,37.29702706,127.6199007
B000009540,여주여자중학교,중학교,운영,37.29549345,127.6462791
B000009541,세종중학교,중학교,운영,37.279512,127.6328214
B000009542,이포중학교,중학교,운영,37.37638925,127.5168304
B000009543,흥천중학교,중학교,운영,37.32737755,127.5555146
B000009544,강천중학교,중학교,운영,37.27087978,127.712448
B000009545,점동중학교,중학교,운영,37.20577103,127.6639193
B000009546,상품중학교,중학교,운영,37.40265113,127.4399231
B000009547,대신중학교,중학교,운영,37.36353482,127.6081153
B000009548,창명여자중학교,중학교,운영,37.37548313,127.5893974
B000009549,세정중학교,중학교,운영,37.2801091,127.5639295
B000009550,여강중학교,중학교,운영,37.32944528,127.6834973
B000009551,여주제일중학교,중학교,운영,37.20517928,127.5555129
B000009552,양평중학교,중학교,운영,37.49857316,127.497091
B000009553,양일중학교,중학교,운영,37.49437051,127.4934909
B000009554,국수중학교,중학교,운영,37.51009186,127.4009331
B000009555,양수중학교,중학교,운영,37.54474082,127.3256681
B000009556,청운중학교,중학교,운영,37.5533698,127.711468
B000009557,지평중학교,중학교,운영,37.47447401,127.6345589
B000009558,강하중학교,중학교,운영,37.48253125,127.4050751
B000009559,서종중학교,중학교,운영,37.61360872,127.3507988
B000009560,용문중학교,중학교,운영,37.49187337,127.5988154
B000009561,단월중학교,중학교,운영,37.54105141,127.6725011
B000009562,양동중학교,중학교,운영,37.42168348,127.755652
B000009563,개군중학교,중학교,운영,37.42858075,127.5397798
B000009564,안곡중학교,중학교,운영,37.68100718,126.7868841
B000009565,풍동중학교,중학교,운영,37.67083031,126.7996206
B000009566,풍산중학교,중학교,운영,37.6647462,126.7991028
B000009567,백신중학교,중학교,운영,37.65133133,126.7831772
B000009568,정발중학교,중학교,운영,37.6594744,126.7807456
B000009569,백마중학교,중학교,운영,37.65512778,126.7933085
B000009570,백석중학교,중학교,운영,37.64200418,126.7828353
B000009571,일산양일중학교,중학교,운영,37.67683594,126.8155141
B000009572,저동중학교,중학교,운영,37.67073855,126.7779123
B000009573,중산중학교,중학교,운영,37.69140401,126.7835017
B000009574,일산동중학교,중학교,운영,37.69537427,126.7680679
B000009575,발산중학교,중학교,운영,37.66984321,126.7696268
B000009576,한수중학교,중학교,운영,37.66990116,126.7561898
B000009577,고양송산중학교,중학교,운영,37.68786495,126.7220035
B000009578,대송중학교,중학교,운영,37.67086006,126.7308676
B000009579,장성중학교,중학교,운영,37.68131955,126.7513728
B000009580,대화중학교,중학교,운영,37.67381374,126.7444769
B000009581,덕이중학교,중학교,운영,37.69218769,126.7549202
B000009582,일산중학교,중학교,운영,37.68897122,126.7683384
B000009583,신일중학교,중학교,운영,37.67661384,126.7741412
B000009584,오마중학교,중학교,운영,37.6776984,126.7615621
B000009585,호곡중학교,중학교,운영,37.70159366,126.7685069
B000009586,현산중학교,중학교,운영,37.69124586,126.774003
B000009588,덕양중학교,중학교,운영,37.60465416,126.8717155
B000009589,서정중학교,중학교,운영,37.61849724,126.849730
B000009590,무원중학교,중학교,운영,37.6176865,126.8305817
B000009591,신능중학교,중학교,운영,37.61956704,126.8354977
B000009592,행신중학교,중학교,운영,37.61515697,126.8396543
B000009593,화수중학교,중학교,운영,37.64522938,126.834916
B000009594,화정중학교,중학교,운영,37.63491092,126.8264796
B000009595,백양중학교,중학교,운영,37.63133167,126.8359445
B000009596,지도중학교,중학교,운영,37.62706051,126.8340317
B000009597,목암중학교,중학교,운영,37.71407596,126.9057794
B000009598,성사중학교,중학교,운영,37.6637849,126.8429581
B000009599,원당중학교,중학교,운영,37.66465516,126.8231393
B000009600,능곡중학교,중학교,운영,37.62292202,126.8266419
B000009601,가람중학교,중학교,운영,37.62365997,126.8412071
B000009602,고양제일중학교,중학교,운영,37.69052753,126.8592787
B000009603,별가람중학교,중학교,운영,37.65912402,127.1225367
B000009604,가운중학교,중학교,운영,37.59944252,127.1566123
B000009605,호평중학교,중학교,운영,37.65602471,127.2492539
B000009606,판곡중학교,중학교,운영,37.66279729,127.2419367
B000009607,금곡중학교,중학교,운영,37.6339474,127.2145117
B000009608,도농중학교,중학교,운영,37.61089827,127.1634353
B000009609,미금중학교,중학교,운영,37.61497744,127.1593169
B000009610,평내중학교,중학교,운영,37.64804303,127.2382105
B000009611,장내중학교,중학교,운영,37.64209873,127.233239
B000009612,동화중학교,중학교,운영,37.60793099,127.1619037
B000009613,진건중학교,중학교,운영,37.65428897,127.1783249
B000009614,화광중학교,중학교,운영,37.65276413,127.3349525
B000009615,송라중학교,중학교,운영,37.65460152,127.3029538
B000009616,마석중학교,중학교,운영,37.64848795,127.3047481
B000009617,풍양중학교,중학교,운영,37.71884863,127.1910173
B000009618,광릉중학교,중학교,운영,37.74286242,127.2135456
B000009619,주곡중학교,중학교,운영,37.72536786,127.2067255
B000009620,진접중학교,중학교,운영,37.73661814,127.1933654
B000009621,양오중학교,중학교,운영,37.69767148,127.193132
B000009622,오남중학교,중학교,운영,37.70133729,127.2058536
B000009623,어람중학교,중학교,운영,37.68200711,127.214868
B000009624,와부중학교,중학교,운영,37.58703422,127.219809
B000009625,예봉중학교,중학교,운영,37.59534936,127.2204412
B000009626,덕소중학교,중학교,운영,37.58067361,127.226325
B000009627,심석중학교,중학교,운영,37.65603445,127.3068854
B000009628,광동중학교,중학교,운영,37.71675577,127.1751688
B000009629,별내중학교,중학교,운영,37.71101831,127.1127461
B000009630,퇴계원중학교,중학교,운영,37.65236033,127.1414664
B000009631,수동중학교,중학교,운영,37.70912577,127.3248165
B000009632,연세중학교,중학교,운영,37.5685278,127.3219261
B000009633,구리중학교,중학교,운영,37.58969179,127.1408316
B000009634,구리여자중학교,중학교,운영,37.59173193,127.1514056
B000009635,동구중학교,중학교,운영,37.61261522,127.1350602
B000009636,장자중학교,중학교,운영,37.58583837,127.1351764
B000009637,교문중학교,중학교,운영,37.58859086,127.1338889
B000009638,인창중학교,중학교,운영,37.60651492,127.1464064
B000009639,토평중학교,중학교,운영,37.59005331,127.1443047
B000009640,의정부중학교,중학교,운영,37.74810725,127.0403698
B000009641,의정부여자중학교,중학교,운영,37.74996862,127.039693
B000009642,동암중학교,중학교,운영,37.72156197,127.0586199
B000009643,신곡중학교,중학교,운영,37.74316219,127.0598807
B000009644,발곡중학교,중학교,운영,37.72744102,127.0549978
B000009645,부용중학교,중학교,운영,37.73546115,127.0919351
B000009646,충의중학교,중학교,운영,37.74200365,127.0902726
B000009647,녹양중학교,중학교,운영,37.7618639,127.0280838
B000009648,금오중학교,중학교,운영,37.7499704,127.0576207
B000009649,천보중학교,중학교,운영,37.75069397,127.0650305
B000009650,다온중학교,중학교,운영,37.74122216,127.0373091
B000009651,솔뫼중학교,중학교,운영,37.73083839,127.0823822
B000009652,호원중학교,중학교,운영,37.71929926,127.0446514
B000009653,민락중학교,중학교,운영,37.74089695,127.0956321
B000009654,효자중학교,중학교,운영,37.75220163,127.0773205
B000009655,회룡중학교,중학교,운영,37.71538258,127.0438499
B000009656,경민중학교,중학교,운영,37.74612458,127.0251644
B000009657,경민여자중학교,중학교,운영,37.74612458,127.0251316
B000009658,금촌중학교,중학교,운영,37.75127115,126.7787863
B000009659,문산중학교,중학교,운영,37.77260399,126.7628873
B000009660,금릉중학교,중학교,운영,37.75152649,126.7729456
B000009661,선유중학교,중학교,운영,37.86690717,126.8022181
B000009662,법원여자중학교,중학교,운영,37.85259972,126.8688511
B000009663,교하중학교,중학교,운영,37.72281294,126.7208925
B000009664,두일중학교,중학교,운영,37.71998297,126.712557
B000009665,한가람중학교,중학교,운영,37.73115198,126.7564238
B000009666,봉일천중학교,중학교,운영,37.74768969,126.8137473
B000009667,동패중학교,중학교,운영,37.70857005,126.7359559
B000009668,지산중학교,중학교,운영,37.72474308,126.7523534
B000009669,해솔중학교,중학교,운영,37.72746421,126.7458749
B000009670,한빛중학교,중학교,운영,37.71464292,126.7548813
B000009671,문산북중학교,중학교,운영,37.86299886,126.7757779
B000009672,율곡중학교,중학교,운영,37.8493834,126.8811406
B000009673,문산수억중학교,중학교,운영,37.85202703,126.8025649
B000009674,문산동중학교,중학교,운영,37.85922282,126.7806655
B000009675,파주광일중학교,중학교,운영,37.77510483,126.7860208
B000009676,광탄중학교,중학교,운영,37.78194408,126.8473214
B000009677,탄현중학교,중학교,운영,37.80473387,126.7230919
B000009678,파평중학교,중학교,운영,37.92006566,126.8374481
B000009679,어유중학교,중학교,운영,37.99392706,126.9882777
B000009680,파주중학교,중학교,운영,37.83304398,126.8296957
B000009681,삼광중학교,중학교,운영,37.94557773,126.8855095
B000009682,송내중앙중학교,중학교,운영,37.88842057,127.0526199
B000009683,생연중학교,중학교,운영,37.89686651,127.0496665
B000009684,신흥중학교,중학교,운영,37.93106706,127.0478141
B000009685,동두천중학교,중학교,운영,37.90471471,127.0592539
B000009686,동두천여자중학교,중학교,운영,37.90667068,127.0608065
B000009687,한빛누리중학교,중학교,운영,37.91198659,127.0610196
B000009688,회천중학교,중학교,운영,37.83264346,127.0709384
B000009689,덕현중학교,중학교,운영,37.80025944,127.0800863
B000009690,덕계중학교,중학교,운영,37.81620717,127.0500454
B000009691,고암중학교,중학교,운영,37.83445798,127.0678903
B000009692,덕정중학교,중학교,운영,37.84260316,127.0640053
B000009693,삼숭중학교,중학교,운영,37.79780068,127.1086048
B000009694,양주백석중학교,중학교,운영,37.78907725,126.9900162
B000009695,조양중학교,중학교,운영,37.82006347,126.9791625
B000009696,남문중학교,중학교,운영,37.89719133,126.9798943
B000009697,대경중학교,중학교,운영,37.8266815,127.139571
B000009698,송우중학교,중학교,운영,37.83562657,127.1444797
B000009699,갈월중학교,중학교,운영,37.82400784,127.1532572
B000009700,동남중학교,중학교,운영,37.82695298,127.1356234
B000009701,포천중학교,중학교,운영,37.90694114,127.2025475
B000009702,포천여자중학교,중학교,운영,37.90550575,127.1999927
B000009703,경북중학교,중학교,운영,37.84949654,127.1881317
B000009704,내촌중학교,중학교,운영,37.77903526,127.2245739
B000009705,일동중학교,중학교,운영,37.96123182,127.315232
B000009706,이동중학교,중학교,운영,38.0306203,127.3743701
B000009707,영중중학교,중학교,운영,38.00004367,127.2458095
B000009708,영북중학교,중학교,운영,38.09364006,127.2776572
B000009709,삼성중학교,중학교,운영,37.94840374,127.1901139
B000009710,관인중학교,중학교,운영,38.15804881,127.2505866
B000009711,가평중학교,중학교,운영,37.82753786,127.5100298
B000009712,청평중학교,중학교,운영,37.74343941,127.4222115
B000009713,조종중학교,중학교,운영,37.81435909,127.3466138
B000009714,가평북중학교,중학교,운영,37.87934605,127.5481207
B000009715,설악중학교,중학교,운영,37.6819367,127.493950
B000009716,청심국제중학교,중학교,운영,37.6870224,127.5405281
B000009717,전곡중학교,중학교,운영,38.03431521,127.0711449
B000009718,청산중학교,중학교,운영,38.034767,127.1074886
B000009719,연천중학교,중학교,운영,38.10822391,127.0766731
B000009720,군남중학교,중학교,운영,38.06782209,127.0155896
B000009722,백학중학교,중학교,운영,38.02503151,126.9082653
B000009723,춘천중학교,중학교,운영,37.87518146,127.7185722
B000009724,소양중학교,중학교,운영,37.90575943,127.726089
B000009725,남춘천중학교,중학교,운영,37.86053611,127.7210884
B000009726,후평중학교,중학교,운영,37.87595864,127.7488513
B000009727,우석중학교,중학교,운영,37.86636438,127.7552511
B000009728,남춘천여자중학교,중학교,운영,37.8589848,127.7209989
B000009729,봄내중학교,중학교,운영,37.86546754,127.7407637
B000009730,봉의중학교,중학교,운영,37.87743853,127.7441016
B000009731,강원체육중학교,중학교,운영,37.85912229,127.694804
B000009732,대룡중학교,중학교,운영,37.84730259,127.7446209
B000009733,유봉여자중학교,중학교,운영,37.88478908,127.7345838
B000009734,춘성중학교,중학교,운영,37.92742351,127.7496092
B000009735,강서중학교,중학교,운영,37.90710564,127.7011928
B000009736,동산중학교,중학교,운영,37.75022835,127.7909631
B000009737,신포중학교,중학교,운영,38.0255464,127.6424296
B000009738,창촌중학교,중학교,운영,37.80668519,127.6350181
B000009739,강원중학교,중학교,운영,37.89496596,127.7564189
B000009740,광판중학교,중학교,운영,37.7238145,127.6988764
B000009741,원주중학교,중학교,운영,37.33758424,127.9591067
B000009742,학성중학교,중학교,운영,37.35018248,127.9397356
B000009743,원주여자중학교,중학교,운영,37.33941484,127.9460541
B000009744,북원중학교,중학교,운영,37.38687039,127.9533796
B000009745,반곡중학교,중학교,운영,37.33642707,127.9730108
B000009746,치악중학교,중학교,운영,37.35372963,127.9303187
B000009747,평원중학교,중학교,운영,37.33867015,127.9361119
B000009748,남원주중학교,중학교,운영,37.32289526,127.9451221
B000009749,단구중학교,중학교,운영,37.32082488,127.9568666
B000009750,태장중학교,중학교,운영,37.35776383,127.9590329
B000009751,원주대성중학교,중학교,운영,37.32730971,127.9208654
B000009752,진광중학교,중학교,운영,37.37291539,127.9358278
B000009753,상지여자중학교,중학교,운영,37.34005979,127.9616048
B000009754,원주삼육중학교,중학교,운영,37.32608484,127.9227366
B000009755,문막중학교,중학교,운영,37.3052737,127.8147585
B000009756,부론중학교,중학교,운영,37.20782695,127.7516585
B000009757,지정중학교,중학교,운영,37.36618378,127.8389446
B000009758,신림중학교,중학교,운영,37.2298983,128.0879389
B000009759,호저중학교,중학교,운영,37.41811388,127.9219136
B000009760,육민관중학교,중학교,운영,37.30936357,127.9184855
B000009761,귀래중학교,중학교,운영,37.17136117,127.8849727
B000009762,황둔중학교,중학교,운영,37.26225475,128.1866415
B000009763,경포중학교,중학교,운영,37.74193219,128.9000107
B000009764,강릉중학교,중학교,운영,37.75361977,128.9089302
B000009765,강릉해람중학교,중학교,운영,37.75232958,128.8883419
B000009766,하슬라중학교,중학교,운영,37.77201703,128.9070618
B000009767,율곡중학교,중학교,운영,37.77033971,128.8888217
B000009768,솔올중학교,중학교,운영,37.77109607,128.8797975
B000009769,관동중학교,중학교,운영,37.75721724,128.8788335
B000009770,동명중학교,중학교,운영,37.7766622,128.9135576
B000009771,주문진중학교,중학교,운영,37.88028383,128.8278508
B000009772,옥계중학교,중학교,운영,37.60274801,129.0331651
B000009773,사천중학교,중학교,운영,37.82832184,128.8454797
B000009774,왕산중학교,중학교,운영,37.67297147,128.8367696
B000009775,묵호중학교,중학교,운영,37.54329866,129.1054298
B000009776,북평중학교,중학교,운영,37.49829667,129.1157835
B000009777,하랑중학교,중학교,운영,37.56048966,129.1022817
B000009778,예람중학교,중학교,운영,37.48104844,129.1240127
B000009779,동해중학교,중학교,운영,37.54341476,129.097066
B000009780,동해광희중학교,중학교,운영,37.48988277,129.1026542
B000009781,동해삼육중학교,중학교,운영,37.5220721,129.0997495
B000009782,태백중학교,중학교,운영,37.10386327,129.0220119
B000009783,황지중학교,중학교,운영,37.16683116,128.9869546
B000009785,세연중학교,중학교,운영,37.17829998,128.9898266
B000009786,함태중학교,중학교,운영,37.14594878,128.9865614
B000009787,철암중학교,중학교,운영,37.1218814,129.0442778
B000009788,상장중학교,중학교,운영,37.15068611,128.9921217
B000009789,속초중학교,중학교,운영,38.20392531,128.5741808
B000009790,설악중학교,중학교,운영,38.20550398,128.5790108
B000009791,설온중학교,중학교,운영,38.19850893,128.5668924
B000009792,속초해랑중학교,중학교,운영,38.20675952,128.5844798
B000009793,양양중학교,중학교,운영,38.07291216,128.6134498
B000009795,현북중학교,중학교,운영,38.01470005,128.6939467
B000009796,현남중학교,중학교,운영,37.95368906,128.7695318
B000009797,강현중학교,중학교,운영,38.15026939,128.6021247
B000009798,삼척중학교,중학교,운영,37.438993,129.1436447
B000009799,청아중학교,중학교,운영,37.4437482,129.1596221
B000009800,삼일중학교,중학교,운영,37.432476,129.1652028
B000009801,임원중학교,중학교,운영,37.24083403,129.3364043
B000009802,원덕중학교,중학교,운영,37.17851881,129.3315382
B000009803,미로중학교,중학교,운영,37.41041541,129.1038915
B000009804,근덕중학교,중학교,운영,37.38492867,129.2243017
B000009808,가곡중학교,중학교,운영,37.14634584,129.2048268
B000009810,하장중학교,중학교,운영,37.3524848,128.934428
B000009811,홍천중학교,중학교,운영,37.69793823,127.8907053
B000009812,홍천여자중학교,중학교,운영,37.69747802,127.905088
B000009813,화촌중학교,중학교,운영,37.75547209,127.9632163
B000009814,두촌중학교,중학교,운영,37.87177845,128.0263307
B000009815,서석중학교,중학교,운영,37.70937582,128.1897158
B000009816,내촌중학교,중학교,운영,37.81885072,128.0925207
B000009817,양덕중학교,중학교,운영,37.60888471,127.7701243
B000009818,동화중학교,중학교,운영,37.67971012,127.9380556
B000009819,내면중학교,중학교,운영,37.766466,128.3877386
B000009820,한서중학교,중학교,운영,37.68747653,127.5942167
B000009821,팔렬중학교,중학교,운영,37.78372576,128.151705
B000009822,횡성중학교,중학교,운영,37.48622028,127.9789132
B000009823,대동여자중학교,중학교,운영,37.49221297,127.979723
B000009824,우천중학교,중학교,운영,37.4684289,128.0495417
B000009825,안흥중학교,중학교,운영,37.41259236,128.1527598
B000009826,둔내중학교,중학교,운영,37.51082915,128.2127223
B000009827,갑천중학교,중학교,운영,37.56069062,128.1143746
B000009828,청일중학교,중학교,운영,37.58260283,128.1468469
B000009829,공근중학교,중학교,운영,37.54023303,127.963107
B000009830,서원중학교,중학교,운영,37.48700554,127.8460046
B000009831,강림중학교,중학교,운영,37.36418649,128.1268087
B000009832,영월중학교,중학교,운영,37.19059443,128.4711874
B000009833,봉래중학교,중학교,운영,37.18162818,128.4858655
B000009834,석정여자중학교,중학교,운영,37.18016344,128.4599183
B000009835,연당중학교,중학교,운영,37.18839642,128.4074473
B000009836,쌍룡중학교,중학교,운영,37.17789678,128.3164053
B000009838,주천중학교,중학교,운영,37.27355179,128.2650794
B000009839,녹전중학교,중학교,운영,37.14409576,128.6774889
B000009840,옥동중학교,중학교,운영,37.12816565,128.5706668
B000009841,마차중학교,중학교,운영,37.25532941,128.4513289
B000009842,상동중학교,중학교,운영,37.12525841,128.8224544
B000009843,평창중학교,중학교,운영,37.36861758,128.3993748
B000009844,미탄중학교,중학교,운영,37.34226917,128.4976788
B000009845,대화중학교,중학교,운영,37.49329552,128.4599834
B000009846,봉평중학교,중학교,운영,37.61770857,128.3813508
B000009847,진부중학교,중학교,운영,37.63615526,128.5526279
B000009849,계촌중학교,중학교,운영,37.45278719,128.3088135
B000009850,용전중학교,중학교,운영,37.60900531,128.4394004
B000009851,함백중학교,중학교,운영,37.21571556,128.6737459
B000009853,정선중학교,중학교,운영,37.37821677,128.6609171
B000009854,고한중학교,중학교,운영,37.20615372,128.8529158
B000009855,여량중학교,중학교,운영,37.46878049,128.7263062
B000009856,나전중학교,중학교,운영,37.44126381,128.6645315
B000009857,화동중학교,중학교,운영,37.33964977,128.7872645
B000009858,임계중학교,중학교,운영,37.49285585,128.8460294
B000009859,사북중학교,중학교,운영,37.22816463,128.8288674
B000009860,문곡중학교,중학교,운영,37.26589652,128.7397508
B000009861,신철원중학교,중학교,운영,38.14706658,127.3038496
B000009862,철원중학교,중학교,운영,38.20962891,127.2112801
B000009863,김화중학교,중학교,운영,38.24340756,127.4349464
B000009864,철원여자중학교,중학교,운영,38.20530981,127.210088
B000009865,김화여자중학교,중학교,운영,38.24404542,127.4333719
B000009866,화천중학교,중학교,운영,38.09694119,127.7082684
B000009867,상서중학교,중학교,운영,38.1567044,127.6495105
B000009868,간동중학교,중학교,운영,38.05634052,127.7915913
B000009869,사내중학교,중학교,운영,38.06471424,127.5191095
B000009870,양구중학교,중학교,운영,38.10101742,127.9908281
B000009871,석천중학교,중학교,운영,38.1009114,127.9808197
B000009872,용하중학교,중학교,운영,38.1113939,128.0391745
B000009873,대암중학교,중학교,운영,38.18337919,128.0356787
B000009874,방산중학교,중학교,운영,38.20502185,127.9380739
B000009875,해안중학교,중학교,운영,38.28377125,128.1356864
B000009876,인제중학교,중학교,운영,38.07294877,128.174998
B000009877,신남중학교,중학교,운영,37.96985666,128.0794889
B000009878,원통중학교,중학교,운영,38.12747115,128.2129813
B000009879,서화중학교,중학교,운영,38.22102397,128.2090807
B000009880,기린중학교,중학교,운영,37.94620605,128.311690
B000009881,상남중학교,중학교,운영,37.87246229,128.2559968
B000009882,고성중학교,중학교,운영,38.3782834,128.4610029
B000009883,거진중학교,중학교,운영,38.44714556,128.4481053
B000009884,동광중학교,중학교,운영,38.29445445,128.5429663
B000009885,대진중학교,중학교,운영,38.48548499,128.433400
B000009886,충북대학교사범대학부설중학교,중학교,운영,36.6239268,127.4385285
B000009887,청주중학교,중학교,운영,36.64295204,127.4859557
B000009889,청주남중학교,중학교,운영,36.61442695,127.4842559
B000009890,청주중앙여자중학교,중학교,운영,36.66404363,127.4778871
B000009891,청주여자중학교,중학교,운영,36.63468533,127.4805441
B000009892,청운중학교,중학교,운영,36.61888194,127.5053758
B000009893,용성중학교,중학교,운영,36.62750678,127.5183091
B000009894,운동중학교,중학교,운영,36.60532067,127.5137136
B000009895,청주중앙중학교,중학교,운영,36.65432258,127.4797665
B000009896,율량중학교,중학교,운영,36.67563376,127.486176
B000009897,청주동중학교,중학교,운영,36.62848198,127.506259
B000009898,금천중학교,중학교,운영,36.6317748,127.5113213
B000009899,원봉중학교,중학교,운영,36.61418134,127.5055537
B000009900,용암중학교,중학교,운영,36.61120432,127.5095846
B000009901,산남중학교,중학교,운영,36.61149337,127.4633929
B000009902,남성중학교,중학교,운영,36.60926984,127.4847039
B000009903,성화중학교,중학교,운영,36.61741372,127.459426
B000009904,서원중학교,중학교,운영,36.63107402,127.4335017
B000009905,서경중학교,중학교,운영,36.61909886,127.4412818
B000009906,서현중학교,중학교,운영,36.61989101,127.4313028
B000009907,솔밭중학교,중학교,운영,36.64021621,127.429130
B000009908,송절중학교,중학교,운영,36.65940789,127.4580939
B000009909,경덕중학교,중학교,운영,36.61943157,127.4360439
B000009910,가경중학교,중학교,운영,36.62581198,127.4452459
B000009911,복대중학교,중학교,운영,36.63383868,127.4264097
B000009912,봉명중학교,중학교,운영,36.6468051,127.4604183
B000009913,원평중학교,중학교,운영,36.6080651,127.4938827
B000009914,수곡중학교,중학교,운영,36.61430614,127.4741591
B000009915,세광중학교,중학교,운영,36.60287611,127.4547348
B000009916,운호중학교,중학교,운영,36.62505317,127.4851868
B000009917,일신여자중학교,중학교,운영,36.62692783,127.4968969
B000009918,대성여자중학교,중학교,운영,36.64433671,127.4923634
B000009919,충북여자중학교,중학교,운영,36.62663158,127.4841051
B000009920,대성중학교,중학교,운영,36.6580328,127.4691294
B000009921,충일중학교,중학교,운영,36.97170114,127.9422377
B000009922,충주중학교,중학교,운영,36.95812516,127.9386753
B000009923,충주여자중학교,중학교,운영,36.97689631,127.9339639
B000009924,충주예성여자중학교,중학교,운영,36.95612607,127.9286031
B000009926,탄금중학교,중학교,운영,36.98457662,127.9195118
B000009927,칠금중학교,중학교,운영,36.98074545,127.9209379
B000009929,충주북여자중학교,중학교,운영,36.98004113,127.9390387
B000009930,주덕중학교,중학교,운영,36.97290674,127.7861144
B000009931,중원중학교,중학교,운영,37.03586225,127.929891
B000009932,산척중학교,중학교,운영,37.07972783,127.9579296
B000009933,앙성중학교,중학교,운영,37.11388959,127.7506559
B000009934,신니중학교,중학교,운영,37.00250511,127.7406411
B000009935,노은중학교,중학교,운영,37.04837368,127.7529067
B000009936,수안보중학교,중학교,운영,36.84625645,127.9975031
B000009937,신명중학교,중학교,운영,37.08806988,127.910885
B000009938,제천중학교,중학교,운영,37.13942849,128.2043508
B000009939,의림여자중학교,중학교,운영,37.14280399,128.1973457
B000009940,제천여자중학교,중학교,운영,37.15321063,128.2191021
B000009941,제천동중학교,중학교,운영,37.13263421,128.2346597
B000009942,내토중학교,중학교,운영,37.14473386,128.2222801
B000009943,대제중학교,중학교,운영,37.14662759,128.2004685
B000009944,봉양중학교,중학교,운영,37.12893752,128.1252033
B000009945,송학중학교,중학교,운영,37.18823072,128.2651767
B000009946,청풍중학교,중학교,운영,36.99628126,128.1648122
B000009947,수산중학교,중학교,운영,36.93623131,128.1882506
B000009948,제천덕산중학교,중학교,운영,36.90770944,128.1700912
B000009949,백운중학교,중학교,운영,37.14280559,128.0168918
B000009950,한송중학교,중학교,운영,36.88300948,128.0800468
B000009951,각리중학교,중학교,운영,36.70898232,127.4223164
B000009952,양청중학교,중학교,운영,36.72014588,127.424052
B000009953,내수중학교,중학교,운영,36.72399884,127.5377031
B000009954,한국교원대학교부설미호중학교,중학교,운영,36.62209938,127.3669072
B000009955,현도중학교,중학교,운영,36.48310468,127.425716
B000009956,문의중학교,중학교,운영,36.51585586,127.5011211
B000009957,가덕중학교,중학교,운영,36.5779265,127.5784827
B000009958,미원중학교,중학교,운영,36.6362374,127.6612932
B000009959,오창중학교,중학교,운영,36.73519455,127.4613997
B000009960,옥산중학교,중학교,운영,36.67072024,127.3697643
B000009962,오송중학교,중학교,운영,36.62673583,127.330528
B000009963,보은중학교,중학교,운영,36.4858868,127.7273959
B000009964,보은여자중학교,중학교,운영,36.49472013,127.7161033
B000009965,속리산중학교,중학교,운영,36.39305285,127.736200
B000009966,보덕중학교,중학교,운영,36.43629365,127.8049905
B000009967,회인중학교,중학교,운영,36.49453108,127.5967488
B000009968,옥천중학교,중학교,운영,36.30561277,127.5692719
B000009969,옥천여자중학교,중학교,운영,36.3035923,127.5716026
B000009970,안내중학교,중학교,운영,36.37693497,127.6533597
B000009971,이원중학교,중학교,운영,36.24840699,127.613697
B000009972,청산중학교,중학교,운영,36.34913547,127.7959737
B000009973,영동중학교,중학교,운영,36.16994986,127.7876056
B000009974,영신중학교,중학교,운영,36.16900834,127.7748399
B000009975,학산중학교,중학교,운영,36.10090506,127.6820366
B000009979,정수중학교,중학교,운영,36.12676451,127.6780589
B000009980,심천중학교,중학교,운영,36.22008398,127.7135686
B000009981,추풍령중학교,중학교,운영,36.21774616,128.0027118
B000009982,진천중학교,중학교,운영,36.86732592,127.4465511
B000009983,진천여자중학교,중학교,운영,36.86921086,127.4562294
B000009984,이월중학교,중학교,운영,36.92704651,127.4281234
B000009985,광혜원중학교,중학교,운영,36.99214384,127.440182
B000009986,덕산중학교,중학교,운영,36.90726011,127.5104128
B000009988,괴산북중학교,중학교,운영,36.81571946,127.7796102
B000009989,괴산중학교,중학교,운영,36.79727502,127.7836072
B000009990,청천중학교,중학교,운영,36.65687022,127.7348042
B000009991,송면중학교,중학교,운영,36.65954414,127.8736127
B000009992,칠성중학교,중학교,운영,36.78567499,127.8623911
B000009994,연풍중학교,중학교,운영,36.76687582,128.0002909
B000009997,청안중학교,중학교,운영,36.77314442,127.641906
B000009998,증평여자중학교,중학교,운영,36.7779141,127.5784193
B000009999,증평중학교,중학교,운영,36.78190048,127.5889812
B000010000,형석중학교,중학교,운영,36.79378517,127.5925775
B000010001,음성중학교,중학교,운영,36.93587078,127.6955885
B000010002,음성여자중학교,중학교,운영,36.92773554,127.6992079
B000010003,무극중학교,중학교,운영,36.98959289,127.5920361
B000010004,한일중학교,중학교,운영,36.93614885,127.6852495
B000010005,감곡중학교,중학교,운영,37.1114206,127.641395
B000010006,대소중학교,중학교,운영,36.9626896,127.4898499
B000010007,삼성중학교,중학교,운영,37.02541865,127.5002697
B000010008,매괴여자중학교,중학교,운영,37.12067594,127.6406558
B000010009,생극중학교,중학교,운영,37.03708115,127.6051369
B000010010,단양중학교,중학교,운영,36.98022231,128.3668703
B000010011,매포중학교,중학교,운영,37.03007021,128.3066264
B000010013,단성중학교,중학교,운영,36.93515176,128.3225622
B000010015,영춘중학교,중학교,운영,37.08374471,128.4844996
B000010017,천안중학교,중학교,운영,36.81133826,127.156421
B000010018,천안여자중학교,중학교,운영,36.80254964,127.1581917
B000010019,천안북중학교,중학교,운영,36.81448797,127.1545115
B000010020,천안동중학교,중학교,운영,36.78880336,127.1668253
B000010021,천안용곡중학교,중학교,운영,36.78921169,127.1332935
B000010022,천안새샘중학교,중학교,운영,36.77625095,127.1378975
B000010023,천안가온중학교,중학교,운영,36.78776535,127.1555309
B000010024,천안신방중학교,중학교,운영,36.79015871,127.1267493
B000010025,천안쌍용중학교,중학교,운영,36.80368922,127.1202337
B000010026,천안성정중학교,중학교,운영,36.82972477,127.1362562
B000010027,천안백석중학교,중학교,운영,36.81915413,127.1218521
B000010028,천안월봉중학교,중학교,운영,36.80126818,127.1109564
B000010029,천안부성중학교,중학교,운영,36.84770783,127.1498053
B000010030,천안봉서중학교,중학교,운영,36.80682005,127.129464
B000010031,천안성성중학교,중학교,운영,36.8376315,127.1350369
B000010032,천안두정중학교,중학교,운영,36.83603902,127.1392169
B000010033,천안오성중학교,중학교,운영,36.83617123,127.1291473
B000010034,천안불당중학교,중학교,운영,36.80455543,127.1098957
B000010035,천성중학교,중학교,운영,36.81268681,127.1740363
B000010036,천안계광중학교,중학교,운영,36.80941687,127.1343416
B000010037,복자여자중학교,중학교,운영,36.81554363,127.1523399
B000010038,천안서여자중학교,중학교,운영,36.80361191,127.1365589
B000010039,목천중학교,중학교,운영,36.78283528,127.2318896
B000010040,성환중학교,중학교,운영,36.91469553,127.1310809
B000010041,천안동성중학교,중학교,운영,36.90531672,127.1302003
B000010042,병천중학교,중학교,운영,36.76421876,127.3133478
B000010043,천남중학교,중학교,운영,36.73072281,127.2611061
B000010044,입장중학교,중학교,운영,36.9206312,127.2180424
B000010045,광풍중학교,중학교,운영,36.71527921,127.1155881
B000010046,공주대학교사범대학부설중학교,중학교,운영,36.45276665,127.1197907
B000010047,공주중학교,중학교,운영,36.46404495,127.1178388
B000010048,봉황중학교,중학교,운영,36.47546009,127.1227261
B000010049,공주여자중학교,중학교,운영,36.46057608,127.1187267
B000010050,공주영명중학교,중학교,운영,36.4519602,127.1278725
B000010051,공주북중학교,중학교,운영,36.4558871,127.1214141
B000010052,유구중학교,중학교,운영,36.54974089,126.9483435
B000010053,정안중학교,중학교,운영,36.60385335,127.1171299
B000010054,이인중학교,중학교,운영,36.35940783,127.063905
B000010055,탄천중학교,중학교,운영,36.33045395,127.0319922
B000010056,우성중학교,중학교,운영,36.46327418,127.0544004
B000010057,사곡중학교,중학교,운영,36.52618632,127.0310797
B000010059,반포중학교,중학교,운영,36.40429868,127.2425628
B000010060,경천중학교,중학교,운영,36.32519668,127.1524563
B000010061,대천중학교,중학교,운영,36.3423924,126.6005643
B000010062,대천여자중학교,중학교,운영,36.3546507,126.5927627
B000010063,한내여자중학교,중학교,운영,36.3496648,126.6237225
B000010064,대천서중학교,중학교,운영,36.31849307,126.5141199
B000010065,대명중학교,중학교,운영,36.34076327,126.6199677
B000010066,웅천중학교,중학교,운영,36.23446791,126.6041447
B000010067,천북중학교,중학교,운영,36.48343927,126.5335437
B000010068,보령중학교,중학교,운영,36.41706057,126.5905927
B000010070,남포중학교,중학교,운영,36.29473801,126.5913743
B000010071,미산중학교,중학교,운영,36.28888957,126.6770858
B000010072,청라중학교,중학교,운영,36.38888916,126.6622666
B000010074,온양중학교,중학교,운영,36.77372418,126.9983721
B000010075,온양여자중학교,중학교,운영,36.77694367,127.0143735
B000010076,온양신정중학교,중학교,운영,36.78851621,126.9879794
B000010077,온양용화중학교,중학교,운영,36.77457138,127.0074691
B000010078,설화중학교,중학교,운영,36.78586151,127.0966823
B000010079,아산중학교,중학교,운영,36.78906056,127.0046035
B000010080,한올중학교,중학교,운영,36.78855105,127.0105357
B000010081,아산배방중학교,중학교,운영,36.76998614,127.0715073
B000010082,영인중학교,중학교,운영,36.85439358,126.9614626
B000010084,탕정중학교,중학교,운영,36.80257362,127.0638757
B000010085,음봉중학교,중학교,운영,36.8427711,127.0672333
B000010087,선도중학교,중학교,운영,36.78878323,126.8639353
B000010088,도고중학교,중학교,운영,36.74268762,126.9018017
B000010089,송남중학교,중학교,운영,36.72154175,127.0043515
B000010090,둔포중학교,중학교,운영,36.92635313,127.0434001
B000010091,서산중학교,중학교,운영,36.76904553,126.4586303
B000010092,서산여자중학교,중학교,운영,36.76881764,126.4668512
B000010093,서산부춘중학교,중학교,운영,36.78615605,126.4435333
B000010094,서산석림중학교,중학교,운영,36.77382862,126.4685068
B000010095,서령중학교,중학교,운영,36.79247551,126.4582768
B000010096,서산명지중학교,중학교,운영,36.96773724,126.4101982
B000010097,대산중학교,중학교,운영,36.93326619,126.4404028
B000010098,고북중학교,중학교,운영,36.66963853,126.5340292
B000010099,해미중학교,중학교,운영,36.71512952,126.5445746
B000010100,음암중학교,중학교,운영,36.79028696,126.5181874
B000010101,성연중학교,중학교,운영,36.83692899,126.4617895
B000010102,인지중학교,중학교,운영,36.75002745,126.4268751
B000010103,부석중학교,중학교,운영,36.70916539,126.3937775
B000010104,대철중학교,중학교,운영,36.80463451,126.5782709
B000010105,서일중학교,중학교,운영,36.85930055,126.4324993
B000010106,팔봉중학교,중학교,운영,36.78278752,126.3617395
B000010107,금산중학교,중학교,운영,36.10630313,127.4943581
B000010108,금산여자중학교,중학교,운영,36.10574041,127.4830029
B000010109,금산동중학교,중학교,운영,36.10629597,127.4810847
B000010110,제원중학교,중학교,운영,36.11216135,127.5405112
B000010111,부리중학교,중학교,운영,36.06595069,127.5556784
B000010112,복수중학교,중학교,운영,36.18127321,127.3875622
B000010113,진산중학교,중학교,운영,36.1453448,127.370204
B000010114,추부중학교,중학교,운영,36.19272749,127.4685019
B000010116,세종중학교,중학교,운영,36.60705472,127.2977981
B000010117,한솔중학교,중학교,운영,36.47616935,127.2549804
B000010118,연서중학교,중학교,운영,36.58064127,127.2577898
B000010119,세종장영실고등학교,고등학교,운영,36.47763276,127.2994619
B000010120,전의중학교,중학교,운영,36.68165619,127.1975871
B000010121,연동중학교,중학교,운영,36.55410203,127.3302463
B000010139,부여중학교,중학교,운영,36.27799431,126.9141287
B000010140,부여여자중학교,중학교,운영,36.28746065,126.9244868
B000010141,은산중학교,중학교,운영,36.31389574,126.8535308
B000010142,홍산중학교,중학교,운영,36.21510909,126.7666228
B000010143,임천중학교,중학교,운영,36.18196395,126.8978693
B000010145,세도중학교,중학교,운영,36.16727567,126.9439111
B000010146,석성중학교,중학교,운영,36.24923918,126.9977371
B000010147,백제중학교,중학교,운영,36.27251325,126.8652629
B000010148,용강중학교,중학교,운영,36.25162459,126.8083323
B000010149,외산중학교,중학교,운영,36.30026287,126.700252
B000010150,서천중학교,중학교,운영,36.07540844,126.6928792
B000010151,서천여자중학교,중학교,운영,36.08139458,126.693820
B000010152,장항중학교,중학교,운영,36.00783655,126.701774
B000010153,서림여자중학교,중학교,운영,36.08312752,126.6993362
B000010154,한산중학교,중학교,운영,36.09242718,126.8041285
B000010155,비인중학교,중학교,운영,36.13966938,126.6062627
B000010156,서면중학교,중학교,운영,36.15348862,126.5497377
B000010157,판교중학교,중학교,운영,36.15664094,126.6873122
B000010158,동강중학교,중학교,운영,36.07188978,126.7491652
B000010159,청양중학교,중학교,운영,36.45232466,126.795560
B000010160,청신여자중학교,중학교,운영,36.44170783,126.8008216
B000010165,동영중학교,중학교,운영,36.40091037,126.7663426
B000010166,홍성중학교,중학교,운영,36.59745892,126.6741912
B000010167,광천중학교,중학교,운영,36.51013492,126.6299173
B000010168,홍성여자중학교,중학교,운영,36.6072488,126.6601233
B000010170,홍주중학교,중학교,운영,36.5927793,126.6625916
B000010172,서해삼육중학교,중학교,운영,36.50662283,126.6269267
B000010173,홍동중학교,중학교,운영,36.5618851,126.6916842
B000010174,금마중학교,중학교,운영,36.62074389,126.7232399
B000010175,갈산중학교,중학교,운영,36.60486517,126.5478142
B000010176,홍성서부중학교,중학교,운영,36.57100104,126.508840
B000010178,예산중학교,중학교,운영,36.67841854,126.8337459
B000010179,예산여자중학교,중학교,운영,36.69854439,126.8349439
B000010180,삽교중학교,중학교,운영,36.68661525,126.7495186
B000010181,대술중학교,중학교,운영,36.6566695,126.8917371
B000010182,신암중학교,중학교,운영,36.74013029,126.812764
B000010183,고덕중학교,중학교,운영,36.74449194,126.6987447
B000010185,신양중학교,중학교,운영,36.603915,126.8709326
B000010186,대흥중학교,중학교,운영,36.60548656,126.7916056
B000010187,광시중학교,중학교,운영,36.54913524,126.7722719
B000010188,임성중학교,중학교,운영,36.690006,126.7860128
B000010189,태안중학교,중학교,운영,36.75340325,126.3011531
B000010190,태안여자중학교,중학교,운영,36.75185621,126.3063015
B000010191,안면중학교,중학교,운영,36.50921863,126.3540803
B000010193,원이중학교,중학교,운영,36.82985852,126.2664746
B000010194,만리포중학교,중학교,운영,36.76552125,126.1939311
B000010195,근흥중학교,중학교,운영,36.71634464,126.2289023
B000010196,남면중학교,중학교,운영,36.67354349,126.3001728
B000010198,합덕중학교,중학교,운영,36.8133825,126.7624107
B000010199,합덕여자중학교,중학교,운영,36.81339746,126.7602994
B000010200,당진중학교,중학교,운영,36.89272189,126.6213256
B000010201,원당중학교,중학교,운영,36.90004426,126.6407478
B000010202,호서중학교,중학교,운영,36.899987,126.6373826
B000010203,송악중학교,중학교,운영,36.91658244,126.7047622
B000010204,서야중학교,중학교,운영,36.79091841,126.7874361
B000010205,송산중학교,중학교,운영,36.934811,126.6859161
B000010206,고대중학교,중학교,운영,36.93677371,126.5916532
B000010207,면천중학교,중학교,운영,36.81914558,126.6629937
B000010208,순성중학교,중학교,운영,36.85241021,126.706178
B000010209,신평중학교,중학교,운영,36.88245998,126.7601596
B000010210,석문중학교,중학교,운영,37.0118307,126.5327815
B000010211,당진중학교대호지분교장,중학교,운영,36.89952977,126.5092123
B000010212,전주효정중학교,중학교,운영,35.8067646,127.1336242
B000010213,전주곤지중학교,중학교,운영,35.81056438,127.143278
B000010214,전주서신중학교,중학교,운영,35.82877973,127.1167419
B000010215,전주풍남중학교,중학교,운영,35.79980046,127.1152469
B000010216,전주남중학교,중학교,운영,35.79608353,127.1402939
B000010217,전주우림중학교,중학교,운영,35.80570638,127.0990235
B000010218,전주용흥중학교,중학교,운영,35.79141082,127.1137801
B000010219,전주서중학교,중학교,운영,35.83182841,127.1097297
B000010220,전주신일중학교,중학교,운영,35.82896302,127.1532516
B000010221,서전주중학교,중학교,운영,35.81033988,127.1122327
B000010222,전주양지중학교,중학교,운영,35.79174135,127.1243865
B000010223,전주우전중학교,중학교,운영,35.80597309,127.1073907
B000010224,전주서곡중학교,중학교,운영,35.83554893,127.1035986
B000010225,전주평화중학교,중학교,운영,35.78337483,127.1340232
B000010226,전주호성중학교,중학교,운영,35.86432944,127.1571788
B000010227,전주아중중학교,중학교,운영,35.83248496,127.1703814
B000010229,전주솔빛중학교,중학교,운영,35.85903251,127.124056
B000010230,전주중학교,중학교,운영,35.85787171,127.1227172
B000010231,전주용소중학교,중학교,운영,35.86268677,127.1174747
B000010232,전주오송중학교,중학교,운영,35.86587029,127.1284673
B000010233,전주우아중학교,중학교,운영,35.85413557,127.1536003
B000010234,전주기린중학교,중학교,운영,35.8541504,127.1569104
B000010235,전주온고을중학교,중학교,운영,35.82915114,127.1654968
B000010236,전주중앙중학교,중학교,운영,35.82800762,127.1380542
B000010237,전주덕일중학교,중학교,운영,35.84798826,127.1111668
B000010238,전일중학교,중학교,운영,35.83829946,127.1449636
B000010239,전주동중학교,중학교,운영,35.83858477,127.1508852
B000010240,전주성심여자중학교,중학교,운영,35.81195132,127.150661
B000010241,전주효문중학교,중학교,운영,35.7982023,127.1198927
B000010242,완산중학교,중학교,운영,35.79206908,127.1383401
B000010243,전주해성중학교,중학교,운영,35.78676751,127.1008413
B000010244,전주신흥중학교,중학교,운영,35.81541013,127.1362767
B000010245,전주근영중학교,중학교,운영,35.82030227,127.1246416
B000010246,전주기전중학교,중학교,운영,35.82623909,127.100655
B000010247,전북중학교,중학교,운영,35.87414679,127.0780105
B000010248,전주덕진중학교,중학교,운영,35.84406521,127.1169315
B000010249,군산중학교,중학교,운영,35.97720115,126.7014138
B000010250,군산서흥중학교,중학교,운영,35.97158018,126.7090954
B000010251,군산동산중학교,중학교,운영,35.95104691,126.7060117
B000010252,군산동원중학교,중학교,운영,35.95943937,126.7000885
B000010253,군산금강중학교,중학교,운영,35.94097554,126.6882519
B000010254,군산진포중학교,중학교,운영,35.97243982,126.7220784
B000010255,군산남중학교,중학교,운영,35.97350222,126.6982092
B000010256,군산월명중학교,중학교,운영,35.97516852,126.679715
B000010257,군산산북중학교,중학교,운영,35.96505252,126.6830736
B000010259,군산제일중학교,중학교,운영,35.97273147,126.7490296
B000010260,군산중앙중학교,중학교,운영,36.00197655,126.7849803
B000010261,군산자양중학교,중학교,운영,35.92590431,126.6776641
B000010262,회현중학교,중학교,운영,35.91210816,126.7549318
B000010263,나포중학교,중학교,운영,36.02778284,126.832334
B000010264,옥구중학교,중학교,운영,35.94316674,126.8050803
B000010265,임피중학교,중학교,운영,35.98422417,126.8698947
B000010266,군산대성중학교,중학교,운영,35.98863023,126.8486974
B000010268,함열중학교,중학교,운영,36.0827198,126.9597687
B000010269,이리동중학교,중학교,운영,35.93247393,126.9694299
B000010270,이리영등중학교,중학교,운영,35.96463999,126.9814661
B000010271,익산부천중학교,중학교,운영,35.95342256,126.9901284
B000010273,익산지원중학교,중학교,운영,35.94000281,126.9607081
B000010274,익산부송중학교,중학교,운영,35.95596349,126.9959986
B000010275,익산어양중학교,중학교,운영,35.96523133,126.9849326
B000010276,이리북중학교,중학교,운영,35.96370252,126.9514716
B000010277,이리중학교,중학교,운영,35.93424298,126.9418576
B000010278,원광중학교,중학교,운영,35.97389316,127.0013592
B000010279,남성중학교,중학교,운영,35.95635944,126.9659181
B000010280,이리남성여자중학교,중학교,운영,35.95635944,126.9659967
B000010281,원광여자중학교,중학교,운영,35.95432998,126.9434322
B000010282,이일여자중학교,중학교,운영,35.93458743,126.9489825
B000010283,함열여자중학교,중학교,운영,36.08349605,126.9696539
B000010284,삼기중학교,중학교,운영,36.02164678,126.9839093
B000010285,웅포중학교,중학교,운영,36.08871987,126.8852374
B000010286,함라중학교,중학교,운영,36.06465913,126.9168739
B000010287,성당중학교,중학교,운영,36.08732668,126.9295696
B000010288,용안중학교,중학교,운영,36.11646976,126.9529583
B000010289,여산중학교,중학교,운영,36.06683286,127.080650
B000010290,왕궁중학교,중학교,운영,35.96712764,127.0909328
B000010291,황등중학교,중학교,운영,36.00753655,126.9459699
B000010292,진경여자중학교,중학교,운영,36.00127876,126.9327919
B000010293,익산중학교,중학교,운영,35.99491837,127.0554793
B000010294,정읍중학교,중학교,운영,35.55381853,126.8637005
B000010295,샘고을중학교,중학교,운영,35.5680704,126.8563949
B000010296,정일중학교,중학교,운영,35.58114306,126.8307516
B000010297,호남중학교,중학교,운영,35.55709637,126.8511976
B000010298,배영중학교,중학교,운영,35.60126026,126.8116536
B000010299,학산중학교,중학교,운영,35.56034415,126.8753952
B000010300,신태인중학교,중학교,운영,35.69198097,126.8937261
B000010301,왕신여자중학교,중학교,운영,35.68287964,126.8894006
B000010302,정우중학교,중학교,운영,35.6461159,126.8830837
B000010303,고부중학교,중학교,운영,35.61404249,126.7420284
B000010304,소성중학교,중학교,운영,35.55620959,126.7855099
B000010305,입암중학교,중학교,운영,35.51610661,126.7945601
B000010306,정산중학교,중학교,운영,35.56915324,127.0195919
B000010307,감곡중학교,중학교,운영,35.7183138,126.9235695
B000010308,전북동화중학교,중학교,운영,35.65059282,126.9374917
B000010309,칠보중학교,중학교,운영,35.61302799,126.9933595
B000010310,산외중학교,중학교,운영,35.61870768,127.044897
B000010311,이평중학교,중학교,운영,35.66166447,126.8116013
B000010312,태인중학교,중학교,운영,35.65261885,126.9389432
B000010313,남원하늘중학교,중학교,운영,35.40855263,127.3814409
B000010314,남원한빛중학교,중학교,운영,35.42390146,127.402738
B000010315,남원용성중학교,중학교,운영,35.41996321,127.3924337
B000010316,남원중학교,중학교,운영,35.42133278,127.3794518
B000010317,운봉중학교,중학교,운영,35.43740094,127.5356833
B000010318,인월중학교,중학교,운영,35.46495634,127.6027247
B000010319,산내중학교,중학교,운영,35.42289088,127.6274529
B000010320,아영중학교,중학교,운영,35.50702807,127.6098924
B000010321,보절중학교,중학교,운영,35.5114906,127.4010593
B000010323,송동중학교,중학교,운영,35.36398527,127.3426621
B000010324,금지중학교,중학교,운영,35.35002408,127.3016161
B000010325,대강중학교,중학교,운영,35.34177514,127.215826
B000010326,용북중학교,중학교,운영,35.49121972,127.3656473
B000010327,김제중앙중학교,중학교,운영,35.79360638,126.8885177
B000010328,김제중학교,중학교,운영,35.79376151,126.8995867
B000010329,한들중학교,중학교,운영,35.80448514,126.8917355
B000010330,덕암중학교,중학교,운영,35.81309241,126.8870829
B000010331,금성중학교,중학교,운영,35.7980177,126.8988054
B000010332,만경중학교,중학교,운영,35.84855174,126.8172224
B000010333,만경여자중학교,중학교,운영,35.85368921,126.8147776
B000010334,청하중학교,중학교,운영,35.88191902,126.8514878
B000010335,금구중학교,중학교,운영,35.7744982,127.0125018
B000010336,봉남중학교,중학교,운영,35.75316663,126.961921
B000010337,용지중학교,중학교,운영,35.85077247,126.9605037
B000010338,지평선중학교,중학교,운영,35.82821233,126.8312524
B000010339,동국대학교사범대학부속금산중학교,중학교,운영,35.7177326,126.9994481
B000010342,봉서중학교,중학교,운영,35.96601954,127.1252764
B000010343,완주중학교,중학교,운영,35.93485855,127.1603317
B000010344,용진중학교,중학교,운영,35.88236024,127.1532729
B000010345,구이중학교,중학교,운영,35.73412592,127.1183738
B000010346,상관중학교,중학교,운영,35.77103752,127.2067382
B000010347,전북체육중학교,중학교,운영,35.8655498,127.2506488
B000010348,소양중학교,중학교,운영,35.85655921,127.2324813
B000010349,고산중학교,중학교,운영,35.97867192,127.2090497
B000010350,운주중학교,중학교,운영,36.08868999,127.2813392
B000010351,전주예술중학교,중학교,운영,35.72023332,127.1087873
B000010352,삼우중학교,중학교,운영,35.82457344,127.0241716
B000010353,화산중학교,중학교,운영,36.03526614,127.1981792
B000010354,진안중학교,중학교,운영,35.80074338,127.4183991
B000010355,진안여자중학교,중학교,운영,35.80154854,127.4213457
B000010356,주천중학교,중학교,운영,35.97912612,127.4299875
B000010357,안천중학교,중학교,운영,35.90029728,127.5601694
B000010358,동향중학교,중학교,운영,35.83550868,127.5723506
B000010359,마령중학교,중학교,운영,35.73289992,127.3716574
B000010360,백운중학교,중학교,운영,35.68898827,127.3975578
B000010361,진성중학교,중학교,운영,35.70461484,127.3218798
B000010362,부귀중학교,중학교,운영,35.84026603,127.3661615
B000010363,용담중학교,중학교,운영,35.9652011,127.5185427
B000010364,무주중학교,중학교,운영,36.01093683,127.6647946
B000010365,설천중학교,중학교,운영,36.01252702,127.7881231
B000010367,적상중학교,중학교,운영,35.93509921,127.6565828
B000010368,안성중학교,중학교,운영,35.86958714,127.6544784
B000010369,부남중학교,중학교,운영,35.97290779,127.5597534
B000010370,장수중학교,중학교,운영,35.65352113,127.5207329
B000010371,번암중학교,중학교,운영,35.53566532,127.5482984
B000010372,산서중학교,중학교,운영,35.58388638,127.3990162
B000010373,계남중학교,중학교,운영,35.70509628,127.5727227
B000010374,장계중학교,중학교,운영,35.73247313,127.5826999
B000010375,천천중학교,중학교,운영,35.73621655,127.5386322
B000010376,계북중학교,중학교,운영,35.78964391,127.6148355
B000010377,임실동중학교,중학교,운영,35.61456761,127.2788369
B000010378,관촌중학교,중학교,운영,35.67849508,127.2697068
B000010380,청웅중학교,중학교,운영,35.56942024,127.1982913
B000010381,섬진중학교,중학교,운영,35.526980,127.1517752
B000010382,성수중학교,중학교,운영,35.6297434,127.3358183
B000010383,오수중학교,중학교,운영,35.54686393,127.3278067
B000010384,삼계중학교,중학교,운영,35.51000699,127.2738797
B000010385,지사중학교,중학교,운영,35.56728894,127.358871
B000010386,순창중학교,중학교,운영,35.37692157,127.1523716
B000010387,새솔중학교,중학교,운영,35.37840957,127.1339636
B000010388,순창북중학교,중학교,운영,35.3790983,127.1389666
B000010389,동계중학교,중학교,운영,35.45004832,127.240649
B000010390,구림중학교,중학교,운영,35.45297226,127.100401
B000010391,복흥중학교,중학교,운영,35.43279512,126.9255003
B000010392,쌍치중학교,중학교,운영,35.49956589,127.0015481
B000010393,고창중학교,중학교,운영,35.42860953,126.6937513
B000010394,자유중학교,중학교,운영,35.4413272,126.6964428
B000010395,성내중학교,중학교,운영,35.54309223,126.7444702
B000010396,흥덕중학교,중학교,운영,35.52331092,126.7015304
B000010397,신림중학교,중학교,운영,35.48793032,126.7175946
B000010398,대성중학교,중학교,운영,35.33962782,126.6036331
B000010399,공음중학교,중학교,운영,35.3791647,126.5146986
B000010400,해리중학교,중학교,운영,35.46277932,126.539783
B000010401,상하중학교,중학교,운영,35.44537281,126.4882934
B000010402,심원중학교,중학교,운영,35.52028349,126.5485883
B000010403,아산중학교,중학교,운영,35.43874982,126.6320729
B000010404,고창남중학교,중학교,운영,35.37394733,126.6483359
B000010405,영선중학교,중학교,운영,35.41426005,126.5580061
B000010406,고창북중학교,중학교,운영,35.50833774,126.6595544
B000010407,부안중학교,중학교,운영,35.72803921,126.7247491
B000010408,삼남중학교,중학교,운영,35.72920143,126.7422518
B000010409,낭주중학교,중학교,운영,35.71380194,126.7346339
B000010410,계화중학교,중학교,운영,35.75980648,126.6949525
B000010411,하서중학교,중학교,운영,35.71414156,126.6376014
B000010412,상서중학교,중학교,운영,35.68741026,126.6765207
B000010413,보안중학교,중학교,운영,35.61010081,126.6735425
B000010414,줄포중학교,중학교,운영,35.59248737,126.676313
B000010415,변산중학교,중학교,운영,35.58946353,126.6054306
B000010417,변산서중학교,중학교,운영,35.66265732,126.5207894
B000010418,백산중학교,중학교,운영,35.70808449,126.7910026
B000010419,위도중학교,중학교,운영,35.60490699,126.2961849
B000010421,목포제일중학교,중학교,운영,34.79613159,126.4069043
B000010422,목포유달중학교,중학교,운영,34.80494028,126.3905327
B000010423,목포여자중학교,중학교,운영,34.78517069,126.3801797
B000010424,목포중앙여자중학교,중학교,운영,34.80119163,126.4191907
B000010425,목포항도여자중학교,중학교,운영,34.81662603,126.4111056
B000010426,목포옥암중학교,중학교,운영,34.81033767,126.4529022
B000010427,목포애향중학교,중학교,운영,34.8071145,126.4569787
B000010428,목포하당중학교,중학교,운영,34.81038421,126.4286651
B000010429,목포홍일중학교,중학교,운영,34.80223621,126.3755128
B000010430,목포덕인중학교,중학교,운영,34.79998068,126.372628
B000010431,목포정명여자중학교,중학교,운영,34.79640482,126.3831138
B000010432,목포혜인여자중학교,중학교,운영,34.79998068,126.372628
B000010433,문태중학교,중학교,운영,34.80057558,126.4030507
B000010434,영흥중학교,중학교,운영,34.80525243,126.416556
B000010435,목포영화중학교,중학교,운영,34.80736557,126.4108458
B000010436,여수삼일중학교,중학교,운영,34.76365771,127.6407695
B000010437,충덕중학교,중학교,운영,34.75489021,127.7464736
B000010438,여수중학교,중학교,운영,34.74921774,127.7404056
B000010439,여수구봉중학교,중학교,운영,34.73267109,127.7144286
B000010440,여수아리울중학교,중학교,운영,34.74171416,127.7450481
B000010441,여수진남중학교,중학교,운영,34.7695745,127.7067839
B000010442,여수문수중학교,중학교,운영,34.75395513,127.6999662
B000010443,안산중학교,중학교,운영,34.7553989,127.6524025
B000010444,무선중학교,중학교,운영,34.77716348,127.6411765
B000010445,여선중학교,중학교,운영,34.76822906,127.6542642
B000010446,여천중학교,중학교,운영,34.76771622,127.6527598
B000010447,여수종고중학교,중학교,운영,34.74436688,127.7363763
B000010448,여수중앙중학교,중학교,운영,34.75308935,127.7329193
B000010449,여수진성중학교,중학교,운영,34.73964826,127.7213738
B000010450,여도중학교,중학교,운영,34.7841399,127.6943999
B000010452,돌산중학교,중학교,운영,34.61545383,127.7279421
B000010453,돌산중앙중학교,중학교,운영,34.65320725,127.7704784
B000010454,화양중학교,중학교,운영,34.70787512,127.6039821
B000010455,율촌중학교,중학교,운영,34.88062196,127.5745605
B000010456,여양중학교,중학교,운영,34.78900295,127.6314339
B000010457,화양중학교화양남분교장,중학교,운영,34.64686293,127.6118701
B000010458,여수개도중학교,중학교,운영,34.57172091,127.6591358
B000010459,여남중학교,중학교,운영,34.51226252,127.7679765
B000010460,거문중학교,중학교,운영,34.0253557,127.3030286
B000010466,순천이수중학교,중학교,운영,34.94911835,127.5033878
B000010468,순천동산중학교,중학교,운영,34.95537245,127.5157917
B000010469,순천세빛중학교,중학교,운영,34.96487114,127.4792475
B000010470,순천왕운중학교,중학교,운영,34.97281235,127.5252224
B000010471,순천향림중학교,중학교,운영,34.97263764,127.4857664
B000010472,순천연향중학교,중학교,운영,34.94764115,127.5213631
B000010473,순천풍덕중학교,중학교,운영,34.93819689,127.5072413
B000010474,순천남산중학교,중학교,운영,34.93880253,127.4969099
B000010475,순천신흥중학교,중학교,운영,34.95132643,127.5266916
B000010476,순천매산중학교,중학교,운영,34.95891877,127.4816008
B000010482,순천팔마중학교,중학교,운영,34.94868585,127.5346139
B000010483,순천왕의중학교,중학교,운영,34.95102235,127.5337103
B000010484,순천별량중학교,중학교,운영,34.86677946,127.4530241
B000010488,영산포여자중학교,중학교,운영,34.99738005,126.711442
B000010489,나주중학교,중학교,운영,35.03095299,126.7220063
B000010490,금성중학교,중학교,운영,35.0380384,126.712291
B000010491,영산중학교,중학교,운영,35.00894093,126.7139419
B000010492,남평중학교,중학교,운영,35.04569913,126.8463686
B000010493,노안중학교,중학교,운영,35.07365675,126.7340248
B000010495,나주봉황중학교,중학교,운영,34.9551506,126.7770113
B000010496,나주공산중학교,중학교,운영,34.9435841,126.6105622
B000010497,나주동강중학교,중학교,운영,34.93913431,126.559516
B000010498,나주반남중학교,중학교,운영,34.90175176,126.6521307
B000010499,나주다시중학교,중학교,운영,35.01511534,126.6379377
B000010500,나주문평중학교,중학교,운영,35.03671151,126.6110211
B000010501,세지중학교,중학교,운영,34.91802313,126.7483047
B000010502,남평중학교다도분교장,중학교,운영,34.94795093,126.8282738
B000010504,광영중학교,중학교,운영,34.96022556,127.7191768
B000010505,광양백운중학교,중학교,운영,34.93473703,127.6946462
B000010506,광양중동중학교,중학교,운영,34.93402774,127.6916609
B000010507,동광양중학교,중학교,운영,34.945510,127.6965072
B000010508,광양제철중학교,중학교,운영,34.94862438,127.7277236
B000010509,광양중학교,중학교,운영,34.97967879,127.5908687
B000010510,희양중학교,중학교,운영,34.97663704,127.5796073
B000010511,옥곡중학교,중학교,운영,34.99549987,127.7009386
B000010512,진상중학교,중학교,운영,35.01702381,127.7165243
B000010514,광양다압중학교,중학교,운영,35.09054225,127.7033167
B000010515,담양중학교,중학교,운영,35.31635562,126.9809705
B000010516,담양여자중학교,중학교,운영,35.29960333,126.9762152
B000010517,담양금성중학교,중학교,운영,35.34052619,127.0211102
B000010518,담양고서중학교,중학교,운영,35.2233401,126.9783253
B000010519,창평중학교,중학교,운영,35.24103644,127.0135695
B000010520,담양수북중학교,중학교,운영,35.29989626,126.9323436
B000010521,한재중학교,중학교,운영,35.27502333,126.8905002
B000010522,곡성중학교,중학교,운영,35.28105328,127.2883269
B000010523,석곡중학교,중학교,운영,35.12713246,127.2527226
B000010524,옥과중학교,중학교,운영,35.27255501,127.1282988
B000010525,구례중학교,중학교,운영,35.20006212,127.4634534
B000010526,구례여자중학교,중학교,운영,35.20579133,127.4635937
B000010527,구례북중학교,중학교,운영,35.25831666,127.4393457
B000010528,구례산동중학교,중학교,운영,35.31655809,127.4352614
B000010529,구례동중학교,중학교,운영,35.19251032,127.5459373
B000010530,고흥중학교,중학교,운영,34.61480957,127.2890618
B000010531,고흥여자중학교,중학교,운영,34.61020858,127.2885891
B000010532,녹동중학교,중학교,운영,34.53563455,127.1366963
B000010533,고흥점암중앙중학교,중학교,운영,34.65128409,127.383814
B000010534,고흥과역중학교,중학교,운영,34.6756715,127.3579036
B000010535,고흥남양중학교,중학교,운영,34.73639616,127.3564905
B000010536,포두중학교,중학교,운영,34.56639673,127.3403298
B000010537,고흥도화중학교,중학교,운영,34.51516585,127.3200152
B000010538,고흥풍양중학교,중학교,운영,34.57000635,127.2520243
B000010539,고흥도덕중학교,중학교,운영,34.57551603,127.1755625
B000010540,봉래중학교,중학교,운영,34.46214756,127.4626657
B000010541,동강중학교,중학교,운영,34.77202639,127.3363619
B000010542,고흥대서중학교,중학교,운영,34.77477904,127.2854955
B000010543,금산중학교,중학교,운영,34.46415381,127.1276982
B000010544,고흥백양중학교,중학교,운영,34.50392493,127.4653336
B000010545,보성중학교,중학교,운영,34.76481313,127.0909425
B000010546,벌교중학교,중학교,운영,34.85005681,127.343834
B000010547,보성여자중학교,중학교,운영,34.7656791,127.0886606
B000010548,벌교여자중학교,중학교,운영,34.84501119,127.3407994
B000010549,삼광중학교,중학교,운영,34.8333152,127.3422901
B000010552,보성회천중학교,중학교,운영,34.6770177,127.0852353
B000010553,조성중학교,중학교,운영,34.80802441,127.2424604
B000010554,용정중학교,중학교,운영,34.80691435,127.1087337
B000010555,득량중학교,중학교,운영,34.7621154,127.1722971
B000010556,예당중학교,중학교,운영,34.78042651,127.1968443
B000010559,화순사평중학교,중학교,운영,35.003226,127.0880523
B000010560,능주중학교,중학교,운영,34.98516412,126.9590427
B000010561,화순제일중학교,중학교,운영,35.0548525,126.9747483
B000010562,화순중학교,중학교,운영,35.05646996,126.9771469
B000010563,화순이양중학교,중학교,운영,34.88670179,126.9920316
B000010564,화순동면중학교,중학교,운영,35.02393047,127.0519154
B000010565,화순동복중학교,중학교,운영,35.06292841,127.1315756
B000010566,화순북면중학교,중학교,운영,35.16615557,127.1340919
B000010567,장흥중학교,중학교,운영,34.68363266,126.9103612
B000010568,장흥향원중학교,중학교,운영,34.68260537,126.9120574
B000010569,장흥관산중학교,중학교,운영,34.56809506,126.9403839
B000010570,대덕중학교,중학교,운영,34.49990283,126.8957904
B000010571,장흥유치중학교,중학교,운영,34.80273525,126.8355483
B000010572,장흥장평중학교,중학교,운영,34.77411141,126.9734838
B000010573,장흥안양중학교,중학교,운영,34.65304098,126.973885
B000010574,장흥용산중학교,중학교,운영,34.61668729,126.9139463
B000010575,장흥회덕중학교,중학교,운영,34.47720121,126.9358307
B000010576,강진중학교,중학교,운영,34.64390492,126.7785187
B000010577,강진여자중학교,중학교,운영,34.6399361,126.760540
B000010578,성전중학교,중학교,운영,34.69371745,126.7064011
B000010579,강진작천중학교,중학교,운영,34.70612997,126.7706339
B000010580,병영중학교,중학교,운영,34.71314245,126.8136053
B000010581,강진칠량중학교,중학교,운영,34.57155476,126.796534
B000010582,강진대구중학교,중학교,운영,34.49283075,126.8000594
B000010583,도암중학교,중학교,운영,34.54979412,126.722921
B000010584,해남제일중학교,중학교,운영,34.57655772,126.5965165
B000010585,해남중학교,중학교,운영,34.57110825,126.5945569
B000010586,산이중학교,중학교,운영,34.64545878,126.4481956
B000010587,황산중학교,중학교,운영,34.58080637,126.4473618
B000010588,우수영중학교,중학교,운영,34.59539971,126.312378
B000010589,화산중학교,중학교,운영,34.49546532,126.5091666
B000010590,현산중학교,중학교,운영,34.45850567,126.5577407
B000010591,송지중학교,중학교,운영,34.38421742,126.5164272
B000010592,북평중학교,중학교,운영,34.40569587,126.626746
B000010593,두륜중학교,중학교,운영,34.46853261,126.6740469
B000010594,화원중학교,중학교,운영,34.67092845,126.3229609
B000010595,영암중학교,중학교,운영,34.79842158,126.6880458
B000010596,삼호서중학교,중학교,운영,34.74730383,126.3839186
B000010597,삼호중학교,중학교,운영,34.75075323,126.4674655
B000010598,영암여자중학교,중학교,운영,34.80443156,126.7034113
B000010599,신북중학교,중학교,운영,34.8909443,126.6977646
B000010600,영암도포중학교,중학교,운영,34.85005914,126.6434204
B000010601,구림중학교,중학교,운영,34.76013402,126.6259299
B000010602,영암서호중학교,중학교,운영,34.75622826,126.5845393
B000010603,영암낭주중학교,중학교,운영,34.72700558,126.5662539
B000010605,영암금정중학교,중학교,운영,34.86128538,126.7534747
B000010606,시종중학교,중학교,운영,34.86486009,126.6080379
B000010607,무안북중학교,중학교,운영,34.98928006,126.4677989
B000010608,전남체육중학교,중학교,운영,34.84533769,126.4962094
B000010609,무안중학교,중학교,운영,34.85500753,126.4940492
B000010610,무안몽탄중학교,중학교,운영,34.94034434,126.5099323
B000010611,남악중학교,중학교,운영,34.81064882,126.4702984
B000010612,무안청계중학교,중학교,운영,34.91547999,126.4297122
B000010613,무안현경중학교,중학교,운영,35.02486435,126.4103098
B000010614,망운중학교,중학교,운영,34.95868793,126.3424227
B000010615,해제중학교,중학교,운영,35.11538542,126.2984775
B000010616,함평중학교,중학교,운영,35.06780892,126.5219752
B000010617,함평여자중학교,중학교,운영,35.05765099,126.5199402
B000010618,함평손불중학교,중학교,운영,35.14418792,126.4281757
B000010619,함평신광중학교,중학교,운영,35.15552762,126.5008917
B000010620,함평해보중학교,중학교,운영,35.17547776,126.6037315
B000010621,함평월야중학교,중학교,운영,35.18886745,126.6250974
B000010624,영광중학교,중학교,운영,35.26558826,126.5048683
B000010625,영광옥당중학교,중학교,운영,35.27881594,126.516119
B000010626,영광홍농중학교,중학교,운영,35.40177292,126.4471607
B000010627,영광백수중학교,중학교,운영,35.28363433,126.4048774
B000010628,해룡중학교,중학교,운영,35.26843387,126.513448
B000010629,영광대마중학교,중학교,운영,35.30145958,126.5753643
B000010630,영광군남중학교,중학교,운영,35.24024086,126.4509423
B000010631,영광염산중학교,중학교,운영,35.22060937,126.3739034
B000010632,법성중학교,중학교,운영,35.35826749,126.456010
B000010633,성지송학중학교,중학교,운영,35.27183641,126.4593254
B000010634,장성중학교,중학교,운영,35.30839569,126.7926017
B000010635,장성여자중학교,중학교,운영,35.29766188,126.7868137
B000010636,장성황룡중학교,중학교,운영,35.29756778,126.7590536
B000010638,장성백암중학교,중학교,운영,35.43153799,126.8160403
B000010640,삼계중학교,중학교,운영,35.2584815,126.6654827
B000010641,장성삼서중학교,중학교,운영,35.22922533,126.6518544
B000010642,장성남중학교,중학교,운영,35.24391312,126.8109517
B000010643,완도중학교,중학교,운영,34.30888645,126.7510838
B000010644,완도여자중학교,중학교,운영,34.31294047,126.7420957
B000010645,군외중학교,중학교,운영,34.39064916,126.6522382
B000010646,청산중학교,중학교,운영,34.1818915,126.8638457
B000010647,소안중학교,중학교,운영,34.17355884,126.6560189
B000010648,노화중학교,중학교,운영,34.18404317,126.5729982
B000010649,완도보길중학교,중학교,운영,34.16802251,126.5635684
B000010650,완도신지중학교,중학교,운영,34.33712382,126.8285091
B000010651,고금중학교,중학교,운영,34.39388508,126.8032334
B000010652,약산중학교,중학교,운영,34.39213844,126.8996588
B000010653,금일중학교,중학교,운영,34.35121011,127.0324812
B000010654,금당중학교,중학교,운영,34.44149306,127.0603093
B000010655,넙도초등학교노화중학교넙도분교장,중학교,운영,34.18846082,126.5042111
B000010656,금일중학교생일분교장,중학교,운영,34.33520257,126.9948871
B000010657,진도중학교,중학교,운영,34.48257614,126.2580561
B000010658,고성중학교,중학교,운영,34.50061468,126.3230717
B000010659,진도군내중학교,중학교,운영,34.53905019,126.2954968
B000010660,석교중학교,중학교,운영,34.40928568,126.1949291
B000010661,의신중학교,중학교,운영,34.44017722,126.2798028
B000010662,진도지산중학교,중학교,운영,34.41824058,126.1711116
B000010663,조도중학교,중학교,운영,34.31313423,126.0420213
B000010664,지명중학교,중학교,운영,35.06113938,126.2139863
B000010665,압해중학교,중학교,운영,34.86392837,126.3133306
B000010666,신안증도중학교,중학교,운영,34.9987397,126.1443695
B000010667,임자중학교,중학교,운영,35.09046024,126.0997368
B000010668,안좌중학교,중학교,운영,34.74424551,126.1275449
B000010669,암태중학교,중학교,운영,34.8298859,126.1127155
B000010670,자은중학교,중학교,운영,34.88817128,126.0441776
B000010671,비금중학교,중학교,운영,34.75982764,125.9232613
B000010673,신안흑산중학교,중학교,운영,34.68286744,125.4327867
B000010674,장산중학교,중학교,운영,34.64221032,126.1407137
B000010675,하의중학교,중학교,운영,34.60603857,126.0371142
B000010676,신안신의중학교,중학교,운영,34.59074284,126.0797056
B000010678,가거도초등학교신안흑산중학교가거도분교장,중학교,운영,34.05255202,125.1302803
B000010679,포항포은중학교,중학교,운영,35.96559626,129.4046146
B000010680,포항중학교,중학교,운영,36.04956264,129.3660959
B000010681,대도중학교,중학교,운영,36.07284812,129.3965964
B000010682,환호여자중학교,중학교,운영,36.07188866,129.4018114
B000010683,포항여자중학교,중학교,운영,36.05313299,129.3622002
B000010684,포항이동중학교,중학교,운영,36.03035784,129.340069
B000010685,상도중학교,중학교,운영,36.01453645,129.3616232
B000010686,송도중학교,중학교,운영,36.02905539,129.3770876
B000010687,양학중학교,중학교,운영,36.03347484,129.3418898
B000010688,대흥중학교,중학교,운영,36.04530538,129.3539589
B000010690,포항항도중학교,중학교,운영,36.01812132,129.3561063
B000010691,창포중학교,중학교,운영,36.06592065,129.3690432
B000010692,장흥중학교,중학교,운영,36.0858103,129.3869383
B000010693,동지중학교,중학교,운영,36.03860468,129.3467246
B000010694,포항영신중학교,중학교,운영,36.05945253,129.351381
B000010695,대동중학교,중학교,운영,36.05831145,129.3571484
B000010696,동지여자중학교,중학교,운영,36.03860468,129.3467246
B000010697,포항제철중학교,중학교,운영,36.02230834,129.3270264
B000010698,구룡포중학교,중학교,운영,35.99179076,129.5659125
B000010699,유강중학교,중학교,운영,36.00900446,129.3181196
B000010700,신흥중학교,중학교,운영,35.96497037,129.4224437
B000010701,영일중학교,중학교,운영,35.99552975,129.3534695
B000010702,오천중학교,중학교,운영,35.96902488,129.4127922
B000010703,흥해중학교,중학교,운영,36.10921794,129.3411709
B000010705,대보중학교,중학교,운영,36.07565376,129.5672519
B000010706,대송중학교,중학교,운영,35.97786663,129.3595369
B000010707,기계중학교,중학교,운영,36.07736697,129.1960801
B000010708,송라중학교,중학교,운영,36.22834872,129.3543734
B000010709,신광중학교,중학교,운영,36.13077706,129.2639672
B000010710,포항동해중학교,중학교,운영,35.98983978,129.4398422
B000010711,장기중학교,중학교,운영,35.89221542,129.4927966
B000010712,청하중학교,중학교,운영,36.19465393,129.335806
B000010713,기계중학교기북분교장,중학교,운영,36.13131831,129.1671005
B000010714,서포중학교,중학교,운영,36.16391663,129.0932289
B000010716,신라중학교,중학교,운영,35.85465841,129.2164259
B000010717,경주여자중학교,중학교,운영,35.83947751,129.1951452
B000010718,서라벌여자중학교,중학교,운영,35.8549853,129.2176397
B000010719,불국중학교,중학교,운영,35.77393121,129.309127
B000010720,계림중학교,중학교,운영,35.86411253,129.214146
B000010721,경주중학교,중학교,운영,35.84315899,129.2266807
B000010722,문화중학교,중학교,운영,35.85337311,129.1690639
B000010723,월성중학교,중학교,운영,35.84182328,129.176299969
B000010724,선덕여자중학교,중학교,운영,35.83862147,129.2242275
B000010725,근화여자중학교,중학교,운영,35.87058466,129.2273172
B000010726,안강중학교,중학교,운영,35.99278593,129.2298034
B000010727,외동중학교,중학교,운영,35.71736873,129.3253571
B000010728,감포중학교,중학교,운영,35.81078851,129.5061535
B000010729,안강여자중학교,중학교,운영,35.99333192,129.2108268
B000010730,무산중학교,중학교,운영,35.84478145,129.0961167
B000010731,양남중학교,중학교,운영,35.67412465,129.4607583
B000010732,아화중학교,중학교,운영,35.90011301,129.0472989
B000010733,산내중학교,중학교,운영,35.75291163,129.0467673
B000010734,양북중학교,중학교,운영,35.78544291,129.4435608
B000010735,화랑중학교,중학교,운영,35.87426195,129.2035169
B000010736,김천중앙중학교,중학교,운영,36.14144223,128.0842226
B000010737,김천여자중학교,중학교,운영,36.12577398,128.1191369
B000010738,김천석천중학교,중학교,운영,36.11757395,128.1220534
B000010739,김천중학교,중학교,운영,36.12343109,128.0939955
B000010740,문성중학교,중학교,운영,36.11844595,128.1468769
B000010741,성의중학교,중학교,운영,36.11395555,128.1389811
B000010742,한일여자중학교,중학교,운영,36.13774035,128.0958438
B000010743,성의여자중학교,중학교,운영,36.11961289,128.1133186
B000010744,아포중학교,중학교,운영,36.15917383,128.2429083
B000010745,어모중학교,중학교,운영,36.20138852,128.1090762
B000010746,개령중학교,중학교,운영,36.1677997,128.1853626
B000010747,감문중학교,중학교,운영,36.21758894,128.1861782
B000010754,안동중학교,중학교,운영,36.56465434,128.7119477
B000010755,안동여자중학교,중학교,운영,36.57298365,128.7275002
B000010756,복주여자중학교,중학교,운영,36.56259417,128.7180369
B000010757,길주중학교,중학교,운영,36.5564808,128.7584217
B000010758,경안중학교,중학교,운영,36.57641972,128.6813514
B000010759,경덕중학교,중학교,운영,36.56127878,128.7096062
B000010760,경안여자중학교,중학교,운영,36.57250005,128.7231447
B000010761,풍산중학교,중학교,운영,36.58414665,128.5665358
B000010762,풍천중학교,중학교,운영,36.57481296,128.5003836
B000010763,길안중학교,중학교,운영,36.45903834,128.8946102
B000010765,북후중학교,중학교,운영,36.68092819,128.6989439
B000010766,웅부중학교,중학교,운영,36.74887315,128.8234472
B000010767,일직중학교,중학교,운영,36.4706707,128.6638115
B000010771,금오중학교,중학교,운영,36.08528382,128.3703889
B000010772,구미중학교,중학교,운영,36.14668047,128.3292902
B000010773,송정여자중학교,중학교,운영,36.11382632,128.3477053
B000010774,구미여자중학교,중학교,운영,36.12523333,128.3269776
B000010775,도송중학교,중학교,운영,36.147709,128.3204363
B000010776,구미신평중학교,중학교,운영,36.12688507,128.3634079
B000010777,광평중학교,중학교,운영,36.11651264,128.3568194
B000010778,상모중학교,중학교,운영,36.09083563,128.3596617
B000010779,오태중학교,중학교,운영,36.07176063,128.3540672
B000010780,천생중학교,중학교,운영,36.09007828,128.4377035
B000010781,인동중학교,중학교,운영,36.10931541,128.4288808
B000010782,진평중학교,중학교,운영,36.09501035,128.4218139
B000010783,옥계중학교,중학교,운영,36.13852781,128.410856
B000010784,옥계동부중학교,중학교,운영,36.13905171,128.4261707
B000010785,봉곡중학교,중학교,운영,36.15883003,128.3045998
B000010786,선주중학교,중학교,운영,36.14257948,128.3132347
B000010787,형곡중학교,중학교,운영,36.10630547,128.330934
B000010788,형남중학교,중학교,운영,36.10110054,128.3358911
B000010789,경구중학교,중학교,운영,36.14854107,128.307609
B000010790,선산중학교,중학교,운영,36.24079585,128.2924806
B000010792,현일중학교,중학교,운영,36.18720149,128.349288
B000010793,무을중학교,중학교,운영,36.25877943,128.1891946
B000010794,산동중학교,중학교,운영,36.16891283,128.4397884
B000010795,해평중학교,중학교,운영,36.19960113,128.3922014
B000010796,오상중학교,중학교,운영,36.12502535,128.4961942
B000010797,도개중학교,중학교,운영,36.30151219,128.3301698
B000010798,영주중학교,중학교,운영,36.82000404,128.6320371
B000010799,영주여자중학교,중학교,운영,36.83207264,128.6106174
B000010800,영광중학교,중학교,운영,36.82869809,128.6201762
B000010801,대영중학교,중학교,운영,36.8089799,128.6322246
B000010802,영광여자중학교,중학교,운영,36.83289851,128.6208221
B000010803,동산여자중학교,중학교,운영,36.81859532,128.6455246
B000010804,풍기중학교,중학교,운영,36.87028488,128.5315522
B000010805,금계중학교,중학교,운영,36.88578033,128.524135
B000010806,소수중학교,중학교,운영,36.91253449,128.5775449
B000010807,부석중학교,중학교,운영,36.97753241,128.6528943
B000010808,단산중학교,중학교,운영,36.95287388,128.6167225
B000010809,영천중학교,중학교,운영,35.97489339,128.928862
B000010810,영천여자중학교,중학교,운영,35.96722562,128.9224925
B000010811,영동중학교,중학교,운영,35.97778874,128.9465541
B000010812,성남여자중학교,중학교,운영,35.9492794,128.9317962
B000010813,금호중학교,중학교,운영,35.93987039,128.8782664
B000010814,금호중학교,중학교,운영,35.93238187,128.8736677
B000010815,신녕중학교,중학교,운영,36.04302173,128.7804921
B000010818,화산중학교,중학교,운영,36.01997426,128.8488845
B000010820,영안중학교,중학교,운영,35.91800235,129.0076986
B000010821,청통중학교,중학교,운영,35.99118178,128.8246667
B000010823,산동중학교,중학교,운영,36.06836167,128.897874
B000010824,상주중학교,중학교,운영,36.42902055,128.1558594
B000010825,상주여자중학교,중학교,운영,36.41141033,128.1600204
B000010826,남산중학교,중학교,운영,36.40665006,128.1462224
B000010827,성신여자중학교,중학교,운영,36.42809793,128.1635092
B000010828,함창중학교,중학교,운영,36.5678607,128.1739661
B000010829,상지여자중학교,중학교,운영,36.5693225,128.1851504
B000010831,청리중학교,중학교,운영,36.33130095,128.1275037
B000010832,내서중학교,중학교,운영,36.41339717,128.0184187
B000010833,화령중학교,중학교,운영,36.44245211,127.9458196
B000010834,화동중학교,중학교,운영,36.3884768,127.9587288
B000010835,모서중학교,중학교,운영,36.34441508,127.9610567
B000010836,중모중학교,중학교,운영,36.3254066,127.9608589
B000010837,은척중학교,중학교,운영,36.53817356,128.0626337
B000010838,낙동중학교,중학교,운영,36.3654791,128.3001767
B000010839,낙운중학교,중학교,운영,36.37637874,128.2530359
B000010840,용운중학교,중학교,운영,36.27931281,128.0942764
B000010841,화북중학교,중학교,운영,36.55970701,127.9215608
B000010842,문경중학교,중학교,운영,36.60597442,128.2059638
B000010843,문경여자중학교,중학교,운영,36.5956739,128.1898857
B000010844,점촌중학교,중학교,운영,36.59983852,128.1898244
B000010845,산양중학교,중학교,운영,36.6133604,128.2555182
B000010846,산북중학교,중학교,운영,36.65452817,128.2594665
B000010847,문경서중학교,중학교,운영,36.73977014,128.1061611
B000010848,동로중학교,중학교,운영,36.77602945,128.3136429
B000010849,마성중학교,중학교,운영,36.69529959,128.133819
B000010850,가은중학교,중학교,운영,36.64547535,128.0711654
B000010851,경산중학교,중학교,운영,35.82428626,128.7484647
B000010852,경북체육중학교,중학교,운영,35.81222619,128.7380534
B000010853,장산중학교,중학교,운영,35.81897414,128.7303219
B000010854,삼성현중학교,중학교,운영,35.80114113,128.7401211
B000010855,사동중학교,중학교,운영,35.81400185,128.7590562
B000010856,문명중학교,중학교,운영,35.80503215,128.7451394
B000010857,경산여자중학교,중학교,운영,35.8177642,128.7299454
B000010858,신상중학교,중학교,운영,35.87468993,128.8219306
B000010860,하양여자중학교,중학교,운영,35.92967651,128.826076
B000010861,진량중학교,중학교,운영,35.87727334,128.8110155
B000010862,자인중학교,중학교,운영,35.81989055,128.8217723
B000010863,용성중학교,중학교,운영,35.792593,128.8733966
B000010864,경산제일중학교,중학교,운영,35.81594134,128.8278876
B000010865,군위중학교,중학교,운영,36.24547463,128.5697899
B000010866,효령중학교,중학교,운영,36.15464034,128.5778532
B000010867,부계중학교,중학교,운영,36.07957908,128.6548326
B000010868,군위중학교우보분교장,중학교,운영,36.1875361,128.6665367
B000010871,의성중학교,중학교,운영,36.34105051,128.7000801
B000010872,의성여자중학교,중학교,운영,36.35313649,128.7026019
B000010873,금성중학교,중학교,운영,36.25441645,128.690147
B000010875,옥산중학교,중학교,운영,36.3941915,128.8099059
B000010879,봉양중학교,중학교,운영,36.3031493,128.5849448
B000010880,경북중부중학교,중학교,운영,36.33826988,128.4912044
B000010881,안계중학교,중학교,운영,36.38686212,128.4309268
B000010882,다인중학교,중학교,운영,36.45317309,128.3551267
B000010883,삼성중학교,중학교,운영,36.3892258,128.428132
B000010884,탑리여자중학교,중학교,운영,36.25576021,128.6836772
B000010885,청송중학교,중학교,운영,36.43000334,129.0576987
B000010886,청송여자중학교,중학교,운영,36.43586526,129.0587046
B000010887,진보중학교,중학교,운영,36.53283897,129.0414663
B000010888,안덕중학교,중학교,운영,36.28977234,128.9570134
B000010889,현서중학교,중학교,운영,36.28145041,128.8986233
B000010890,진성중학교,중학교,운영,36.53311296,129.0340548
B000010892,현동중학교,중학교,운영,36.2893639,129.0212193
B000010893,구천중학교,중학교,운영,36.31362921,129.0988847
B000010895,영양중학교,중학교,운영,36.66077434,129.1108216
B000010896,영양여자중학교,중학교,운영,36.66188808,129.1297626
B000010897,석보중학교,중학교,운영,36.55265804,129.1355329
B000010899,수비중학교,중학교,운영,36.76502287,129.2037522
B000010900,영덕중학교,중학교,운영,36.41488843,129.3679427
B000010901,영덕여자중학교,중학교,운영,36.4131736,129.3745519
B000010902,영해중학교,중학교,운영,36.54233749,129.4132252
B000010903,강구중학교,중학교,운영,36.35361053,129.3803591
B000010904,축산중학교,중학교,운영,36.51351428,129.4063797
B000010905,남정중학교,중학교,운영,36.28382203,129.3702125
B000010906,병곡중학교,중학교,운영,36.60434274,129.411274
B000010907,지품중학교,중학교,운영,36.450434,129.283436
B000010908,청도중학교,중학교,운영,35.64073632,128.7479311
B000010909,모계중학교,중학교,운영,35.6494626,128.7359915
B000010910,풍각중학교,중학교,운영,35.64122493,128.6207782
B000010911,매전중학교,중학교,운영,35.66806716,128.8527037
B000010912,금천중학교,중학교,운영,35.68807595,128.8947636
B000010913,이서중학교,중학교,운영,35.66249467,128.6684614
B000010915,고령중학교,중학교,운영,35.74083826,128.2720685
B000010916,성산중학교,중학교,운영,35.75092754,128.3619612
B000010917,쌍림중학교,중학교,운영,35.68462812,128.2431018
B000010918,다산중학교,중학교,운영,35.81511901,128.4287221
B000010919,우곡중학교,중학교,운영,35.64486899,128.3560352
B000010920,고령중학교개진분교장,중학교,운영,35.71676088,128.3697462
B000010921,성주중학교,중학교,운영,35.92783552,128.2834315
B000010922,성주여자중학교,중학교,운영,35.91621487,128.2820473
B000010923,초전중학교,중학교,운영,35.97707649,128.2641006
B000010924,벽진중학교,중학교,운영,35.96103444,128.2128533
B000010925,용암중학교,중학교,운영,35.84136913,128.314491
B000010926,성주중학교가천분교장,중학교,운영,35.88671985,128.1601936
B000010927,명인중학교,중학교,운영,35.88583823,128.3642206
B000010928,수륜중학교,중학교,운영,35.83081062,128.1964419
B000010929,석전중학교,중학교,운영,36.00305954,128.4093092
B000010930,왜관중학교,중학교,운영,35.98533291,128.4045326
B000010931,장곡중학교,중학교,운영,36.07345548,128.4150883
B000010932,인평중학교,중학교,운영,36.06259352,128.3356923
B000010933,북삼중학교,중학교,운영,36.06994201,128.342881
B000010934,순심중학교,중학교,운영,35.9864732,128.403217
B000010935,순심여자중학교,중학교,운영,35.98647718,128.3958253
B000010936,약목중학교,중학교,운영,36.03537499,128.3604432
B000010937,신동중학교,중학교,운영,35.95843099,128.483912
B000010938,동명중학교,중학교,운영,35.98517727,128.549309
B000010939,예천중학교,중학교,운영,36.65176852,128.4603687
B000010940,예천여자중학교,중학교,운영,36.64945519,128.4621726
B000010941,대창중학교,중학교,운영,36.6600499,128.4552453
B000010942,용궁중학교,중학교,운영,36.61022138,128.2751173
B000010943,용문중학교,중학교,운영,36.69227695,128.4063279
B000010944,지보중학교,중학교,운영,36.54457556,128.388070
B000010945,풍양중학교,중학교,운영,36.50878288,128.2974077
B000010946,감천중학교,중학교,운영,36.72434848,128.5261545
B000010947,은풍중학교,중학교,운영,36.7507961,128.4375006
B000010948,봉화중학교,중학교,운영,36.89603742,128.7399693
B000010950,물야중학교,중학교,운영,36.97811734,128.7387726
B000010952,춘양중학교,중학교,운영,36.94786297,128.914111
B000010953,청량중학교,중학교,운영,36.86005258,128.8992053
B000010955,소천중학교,중학교,운영,36.94233953,129.0006938
B000010956,석포중학교,중학교,운영,37.0504648,129.0670263
B000010957,춘양중학교서벽분교장,중학교,운영,37.01180323,128.8273753
B000010958,평해중학교,중학교,운영,36.72891434,129.4429677
B000010960,울진중학교,중학교,운영,36.99395651,129.4051086
B000010961,죽변중학교,중학교,운영,37.06528825,129.4213289
B000010962,후포중학교,중학교,운영,36.68031187,129.4459375
B000010963,온정중학교,중학교,운영,36.72653526,129.3466575
B000010964,기성중학교,중학교,운영,36.79972762,129.457642
B000010965,매화중학교,중학교,운영,36.91225713,129.3811157
B000010966,부구중학교,중학교,운영,37.09932894,129.3558265
B000010972,양덕중학교,중학교,운영,35.24262116,128.5951783
B000010973,마산동중학교,중학교,운영,35.22110037,128.5681332
B000010974,마산서중학교,중학교,운영,35.17852774,128.5573056
B000010975,마산중학교,중학교,운영,35.20319064,128.5620358
B000010976,해운중학교,중학교,운영,35.17757645,128.5652974
B000010977,반송중학교,중학교,운영,35.23555208,128.6749507
B000010979,구암중학교,중학교,운영,35.25608813,128.5967086
B000010980,양덕여자중학교,중학교,운영,35.24369043,128.5947299
B000010981,마산여자중학교,중학교,운영,35.22131965,128.5610829
B000010982,합포여자중학교,중학교,운영,35.23215536,128.561743
B000010983,명곡여자중학교,중학교,운영,35.24370853,128.6449711
B000010984,반송여자중학교,중학교,운영,35.23572964,128.674391
B000010985,동진여자중학교,중학교,운영,35.14258248,128.7039422
B000010987,합포중학교,중학교,운영,35.21578987,128.5853702
B000010988,도계중학교,중학교,운영,35.25530878,128.6343183
B000010989,명서중학교,중학교,운영,35.25153733,128.6440578
B000010990,봉곡중학교,중학교,운영,35.2487636,128.6617998
B000010992,신월중학교,중학교,운영,35.22860169,128.6935418
B000010993,토월중학교,중학교,운영,35.22366263,128.6888018
B000010994,팔룡중학교,중학교,운영,35.25184668,128.6178746
B000010995,창원상남중학교,중학교,운영,35.21474025,128.6843651
B000010996,삼정자중학교,중학교,운영,35.20123356,128.7121935
B000010997,안민중학교,중학교,운영,35.18365416,128.6933757
B000010998,반림중학교,중학교,운영,35.23914674,128.6778473
B000010999,양곡중학교,중학교,운영,35.19852083,128.6268165
B000011000,남산중학교,중학교,운영,35.2039882,128.6983379
B000011001,대방중학교,중학교,운영,35.21041285,128.7062908
B000011002,안남중학교,중학교,운영,35.20557657,128.7080778
B000011003,창원중앙중학교,중학교,운영,35.24012853,128.6573992
B000011004,사파중학교,중학교,운영,35.21896417,128.7005664
B000011005,웅남중학교,중학교,운영,35.21622905,128.6889637
B000011006,경원중학교,중학교,운영,35.22548083,128.6632959
B000011007,석동중학교,중학교,운영,35.15430996,128.7039826
B000011008,동진중학교,중학교,운영,35.14416613,128.7051285
B000011009,용원중학교,중학교,운영,35.09965505,128.8179932
B000011010,안골포중학교,중학교,운영,35.10252543,128.8051432
B000011011,마산중앙중학교,중학교,운영,35.24269513,128.5969158
B000011012,창신중학교,중학교,운영,35.22433034,128.5973897
B000011013,창원중학교,중학교,운영,35.25582016,128.6414039
B000011014,진해남중학교,중학교,운영,35.16161832,128.6893971
B000011015,마산무학여자중학교,중학교,운영,35.22305717,128.5748764
B000011016,마산제일여자중학교,중학교,운영,35.18865983,128.5564144
B000011017,마산의신여자중학교,중학교,운영,35.211608,128.5660041
B000011018,성지여자중학교,중학교,운영,35.19793722,128.5598321
B000011019,창원여자중학교,중학교,운영,35.25933184,128.6164149
B000011020,창원남중학교,중학교,운영,35.21397156,128.6797496
B000011021,웅동중학교,중학교,운영,35.11282287,128.7962528
B000011022,광려중학교,중학교,운영,35.21738289,128.5028628
B000011023,삼계중학교,중학교,운영,35.23340567,128.4981696
B000011024,호계중학교,중학교,운영,35.26685106,128.5139257
B000011025,내서중학교,중학교,운영,35.24575912,128.5079397
B000011026,창덕중학교,중학교,운영,35.27744139,128.6888058
B000011027,창원동중학교,중학교,운영,35.29100882,128.6749409
B000011028,진전중학교,중학교,운영,35.104284,128.4095521
B000011029,구산중학교구남분교장,중학교,운영,35.08695811,128.5870692
B000011031,마산삼진중학교,중학교,운영,35.11430894,128.4882202
B000011032,창원대산중학교,중학교,운영,35.33415986,128.710433
B000011034,경상국립대학교사범대학부설중학교,중학교,운영,35.1589968,128.0965348
B000011035,진주중학교,중학교,운영,35.1995329,128.0805137
B000011036,진주남중학교,중학교,운영,35.18101825,128.090492
B000011037,진주제일중학교,중학교,운영,35.1756149,128.0666949
B000011038,진주중앙중학교,중학교,운영,35.19109539,128.1247866
B000011039,진명여자중학교,중학교,운영,35.18786394,128.1256918
B000011040,진주여자중학교,중학교,운영,35.1843521,128.0659306
B000011041,진주봉원중학교,중학교,운영,35.20497214,128.0736008
B000011042,개양중학교,중학교,운영,35.16041383,128.109740
B000011043,대아중학교,중학교,운영,35.18992819,128.0583889
B000011044,진주동명중학교,중학교,운영,35.20257652,128.1186018
B000011045,삼현여자중학교,중학교,운영,35.17765098,128.1107371
B000011046,경해여자중학교,중학교,운영,35.164931,128.0425534
B000011049,반성중학교,중학교,운영,35.17562282,128.2749072
B000011050,지수중학교,중학교,운영,35.22983862,128.267530
B000011052,명석중학교,중학교,운영,35.21727403,128.0419314
B000011053,진서중학교,중학교,운영,35.19813125,127.9275029
B000011054,진주동중학교,중학교,운영,35.21676532,128.1426495
B000011055,통영중학교,중학교,운영,34.82796442,128.4159456
B000011056,충무중학교,중학교,운영,34.84097741,128.3963218
B000011057,통영여자중학교,중학교,운영,34.84135128,128.4097587
B000011058,충무여자중학교,중학교,운영,34.84143652,128.3963458
B000011059,통영중앙중학교,중학교,운영,34.86220913,128.4242359
B000011060,동원중학교,중학교,운영,34.87046484,128.4130674
B000011061,산양중학교,중학교,운영,34.80205332,128.3920215
B000011062,도산중학교,중학교,운영,34.9033263,128.361360
B000011063,충렬여자중학교,중학교,운영,34.88688775,128.4650492
B000011064,욕지중학교,중학교,운영,34.6361845,128.2597179
B000011065,한산중학교,중학교,운영,34.76826614,128.5076295
B000011066,사량중학교,중학교,운영,34.84403241,128.2204882
B000011067,삼천포제일중학교,중학교,운영,34.94879903,128.085664
B000011068,삼천포중앙여자중학교,중학교,운영,34.94002572,128.0911538
B000011069,삼천포중학교,중학교,운영,34.94270825,128.0848167
B000011070,삼천포여자중학교,중학교,운영,34.94358035,128.0853254
B000011071,남양중학교,중학교,운영,34.96950126,128.0621159
B000011072,사천중학교,중학교,운영,35.08089921,128.0980837
B000011073,사천여자중학교,중학교,운영,35.08123828,128.1021273
B000011074,서포중학교,중학교,운영,35.00843777,127.9745282
B000011075,곤양중학교,중학교,운영,35.0597888,127.9732554
B000011076,곤명중학교,중학교,운영,35.1194671,127.9522657
B000011077,용남중학교,중학교,운영,35.0441686,128.0643803
B000011079,김해중학교,중학교,운영,35.23110531,128.8861356
B000011080,김해여자중학교,중학교,운영,35.24019103,128.8777008
B000011081,구산중학교,중학교,운영,35.25137667,128.8683035
B000011082,분성중학교,중학교,운영,35.26631071,128.8730642
B000011083,김해삼계중학교,중학교,운영,35.26651465,128.8642383
B000011084,가야중학교,중학교,운영,35.23705465,128.8703302
B000011085,삼정중학교,중학교,운영,35.23393351,128.9014451
B000011086,영운중학교,중학교,운영,35.25440052,128.9085499
B000011087,활천중학교,중학교,운영,35.23568579,128.9239733
B000011088,경운중학교,중학교,운영,35.23612594,128.8618342
B000011089,내동중학교,중학교,운영,35.24106571,128.8589326
B000011090,임호중학교,중학교,운영,35.23492485,128.870475
B000011091,신어중학교,중학교,운영,35.24481393,128.9118515
B000011092,김해대곡중학교,중학교,운영,35.24356439,128.898515
B000011093,봉명중학교,중학교,운영,35.22758024,128.8630051
B000011094,김해중앙여자중학교,중학교,운영,35.23260078,128.8886173
B000011095,한얼중학교,중학교,운영,35.30449312,128.7420673
B000011097,진영중학교,중학교,운영,35.30905482,128.7344574
B000011098,생림중학교,중학교,운영,35.35346517,128.8502498
B000011099,관동중학교,중학교,운영,35.17976521,128.7926333
B000011100,대청중학교,중학교,운영,35.18858742,128.8025437
B000011101,능동중학교,중학교,운영,35.19812312,128.7945625
B000011102,내덕중학교,중학교,운영,35.20681475,128.8173423
B000011103,월산중학교,중학교,운영,35.20526183,128.8039417
B000011104,율하중학교,중학교,운영,35.17508098,128.808001
B000011105,김해대동중학교,중학교,운영,35.23865485,128.9936485
B000011106,장유중학교,중학교,운영,35.1901494,128.8203774
B000011107,한림중학교,중학교,운영,35.32172162,128.7996056
B000011108,진례중학교,중학교,운영,35.24908424,128.7561667
B000011109,밀양중학교,중학교,운영,35.48341292,128.7560193
B000011110,밀양여자중학교,중학교,운영,35.48278093,128.7575846
B000011111,세종중학교,중학교,운영,35.47378054,128.7637125
B000011112,밀성중학교,중학교,운영,35.50157332,128.7509238
B000011113,밀성여자중학교,중학교,운영,35.5019567,128.7504628
B000011114,동명중학교,중학교,운영,35.37270065,128.7134587
B000011115,삼랑진중학교,중학교,운영,35.40106868,128.8428599
B000011117,무안중학교,중학교,운영,35.47920648,128.6545711
B000011120,동국대학교사범대학부속홍제중학교,중학교,운영,35.50937919,128.8521977
B000011121,밀양동강중학교,중학교,운영,35.58531532,128.8748167
B000011123,수월중학교,중학교,운영,34.89067858,128.6448996
B000011124,계룡중학교,중학교,운영,34.88492349,128.6283693
B000011125,옥포성지중학교,중학교,운영,34.88726316,128.6905058
B000011126,옥포중학교,중학교,운영,34.89573315,128.6981136
B000011127,거제고현중학교,중학교,운영,34.87766458,128.6247295
B000011128,신현중학교,중학교,운영,34.88860912,128.6167069
B000011129,거제중앙중학교,중학교,운영,34.89447877,128.6358219
B000011130,거제중학교,중학교,운영,34.86108759,128.6884261
B000011131,해성중학교,중학교,운영,34.87058102,128.7243847
B000011132,연초중학교,중학교,운영,34.91287432,128.6590176
B000011133,하청중학교,중학교,운영,34.9546126,128.6529294
B000011134,동부중학교,중학교,운영,34.82084244,128.6079629
B000011135,거제제일중학교,중학교,운영,34.85086877,128.5864541
B000011136,성포중학교,중학교,운영,34.9186361,128.5306364
B000011137,지세포중학교,중학교,운영,34.82784754,128.7031873
B000011138,외포중학교,중학교,운영,34.943997,128.717554
B000011139,장목예술중학교,중학교,운영,34.98496513,128.6808258
B000011140,둔덕중학교,중학교,운영,34.83967678,128.5058059
B000011141,의령중학교,중학교,운영,35.32446685,128.2653325
B000011142,신반중학교,중학교,운영,35.46313729,128.3200942
B000011143,의령여자중학교,중학교,운영,35.32416174,128.2453647
B000011144,정곡중학교,중학교,운영,35.38243669,128.3273188
B000011145,지정중학교,중학교,운영,35.36486068,128.414972
B000011146,함안중학교,중학교,운영,35.28292153,128.4042846
B000011147,함안여자중학교,중학교,운영,35.27250669,128.4024888
B000011149,호암중학교,중학교,운영,35.27468508,128.5215881
B000011150,함성중학교,중학교,운영,35.24145693,128.4207687
B000011151,군북중학교,중학교,운영,35.26050336,128.3437104
B000011152,대산중학교,중학교,운영,35.34795693,128.4392206
B000011153,칠원중학교,중학교,운영,35.31819273,128.5073148
B000011154,칠성중학교,중학교,운영,35.38841766,128.5028395
B000011155,창녕중학교,중학교,운영,35.53522784,128.5039535
B000011156,남지중학교,중학교,운영,35.38919794,128.4690005
B000011157,창녕여자중학교,중학교,운영,35.53925262,128.5052665
B000011158,신창여자중학교,중학교,운영,35.53845526,128.4935657
B000011159,남지여자중학교,중학교,운영,35.38974539,128.4687749
B000011160,영산중학교,중학교,운영,35.4601691,128.5242737
B000011161,부곡중학교,중학교,운영,35.43758068,128.6076948
B000011162,창녕옥야중학교,중학교,운영,35.60057032,128.3801199
B000011163,대성중학교,중학교,운영,35.60134951,128.4615163
B000011164,성산중학교,중학교,운영,35.61970612,128.4724816
B000011165,양산중학교,중학교,운영,35.34965808,129.0439196
B000011166,웅상중학교,중학교,운영,35.37645026,129.1439927
B000011167,웅상여자중학교,중학교,운영,35.37547538,129.1448484
B000011168,양산중앙중학교,중학교,운영,35.33259109,129.0259921
B000011169,삼성중학교,중학교,운영,35.360720,129.047050
B000011170,서창중학교,중학교,운영,35.41270108,129.1782555
B000011171,양산여자중학교,중학교,운영,35.34527202,129.0241365
B000011172,개운중학교,중학교,운영,35.41239092,129.1699843
B000011173,범어중학교,중학교,운영,35.33187736,129.0099715
B000011174,신주중학교,중학교,운영,35.33479185,129.0145282
B000011175,물금동아중학교,중학교,운영,35.30881511,128.9935314
B000011176,원동중학교,중학교,운영,35.37604466,128.9216574
B000011177,양주중학교,중학교,운영,35.41517665,129.0677568
B000011178,보광중학교,중학교,운영,35.4918218,129.0873838
B000011179,고성중학교,중학교,운영,34.97940119,128.3052664
B000011180,고성여자중학교,중학교,운영,34.97989917,128.3263738
B000011182,회화중학교,중학교,운영,35.05670183,128.3616137
B000011183,고성동중학교,중학교,운영,34.98773566,128.4012968
B000011184,동해중학교,중학교,운영,35.04641801,128.4474265
B000011187,영천중학교,중학교,운영,35.10820313,128.236500
B000011189,남해중학교,중학교,운영,34.83897493,127.8967668
B000011190,남해여자중학교,중학교,운영,34.83610696,127.8887587
B000011191,미조중학교,중학교,운영,34.71635241,128.0393878
B000011195,설천중학교,중학교,운영,34.92401217,127.9162197
B000011196,이동중학교,중학교,운영,34.80280046,127.951543
B000011197,상주중학교,중학교,운영,34.72116206,127.9911391
B000011198,창선중학교,중학교,운영,34.85749552,128.0122318
B000011199,해성중학교,중학교,운영,34.77357644,127.8602782
B000011200,하동중앙중학교,중학교,운영,35.07664446,127.7495276
B000011201,하동중학교,중학교,운영,35.06214765,127.7479205
B000011202,악양중학교,중학교,운영,35.16279021,127.7133466
B000011203,화개중학교,중학교,운영,35.19976932,127.6300146
B000011206,청암중학교,중학교,운영,35.16107331,127.7978895
B000011207,옥종중학교,중학교,운영,35.17908692,127.8794113
B000011208,진교중학교,중학교,운영,35.03648168,127.8997632
B000011209,금남중학교,중학교,운영,34.98640295,127.8395655
B000011211,산청중학교,중학교,운영,35.41093137,127.8715069
B000011214,덕산중학교,중학교,운영,35.27592431,127.8346458
B000011215,단성중학교,중학교,운영,35.30639183,127.9643023
B000011216,신등중학교,중학교,운영,35.38846187,128.0130664
B000011218,함양중학교,중학교,운영,35.52544442,127.7310521
B000011219,함양여자중학교,중학교,운영,35.52395122,127.7246365
B000011220,수동중학교,중학교,운영,35.52433595,127.7895834
B000011221,서상중학교,중학교,운영,35.67710456,127.6896788
B000011222,안의중학교,중학교,운영,35.62990204,127.819746
B000011223,마천중학교,중학교,운영,35.38782412,127.6593628
B000011224,거창중학교,중학교,운영,35.69051244,127.9206649
B000011225,거창여자중학교,중학교,운영,35.69196393,127.9102311
B000011226,거창대성중학교,중학교,운영,35.69107845,127.9017417
B000011227,혜성여자중학교,중학교,운영,35.68725247,127.9058254
B000011228,샛별중학교,중학교,운영,35.69450701,127.9111301
B000011229,웅양중학교,중학교,운영,35.80577544,127.9164554
B000011232,가조중학교,중학교,운영,35.71240135,128.015285
B000011233,거창중학교고제분교장,중학교,운영,35.81412414,127.8735691
B000011235,합천중학교,중학교,운영,35.56424376,128.166591
B000011236,합천여자중학교,중학교,운영,35.56284985,128.1546742
B000011237,초계중학교,중학교,운영,35.5600663,128.2705019
B000011238,야로중학교,중학교,운영,35.70497972,128.1672801
B000011239,삼가중학교,중학교,운영,35.41122598,128.1265002
B000011240,묘산중학교,중학교,운영,35.66049728,128.1135315
B000011241,해인중학교,중학교,운영,35.75875748,128.1358164
B000011242,대병중학교,중학교,운영,35.51841197,128.0116543
B000011243,가회중학교,중학교,운영,35.43643396,128.0323236
B000011246,제주대학교사범대학부설중학교,중학교,운영,33.51592494,126.5085016
B000011247,제주중앙중학교,중학교,운영,33.48675886,126.5006626
B000011248,제주제일중학교,중학교,운영,33.49567465,126.5392087
B000011249,제주동여자중학교,중학교,운영,33.50271672,126.541031
B000011250,제주중앙여자중학교,중학교,운영,33.50520116,126.5216203
B000011251,탐라중학교,중학교,운영,33.4920277,126.5450897
B000011252,아라중학교,중학교,운영,33.48610003,126.5459376
B000011253,한라중학교,중학교,운영,33.47778787,126.4851768
B000011254,제주서중학교,중학교,운영,33.49477253,126.480886
B000011255,제주동중학교,중학교,운영,33.51882145,126.5723074
B000011256,오현중학교,중학교,운영,33.51780188,126.5564692
B000011257,제주중학교,중학교,운영,33.51229726,126.5166019
B000011258,제주여자중학교,중학교,운영,33.4833337,126.5397621
B000011259,신성여자중학교,중학교,운영,33.47704923,126.5631856
B000011260,한림중학교,중학교,운영,33.40574382,126.2664728
B000011261,한림여자중학교,중학교,운영,33.41031345,126.2597361
B000011262,신엄중학교,중학교,운영,33.47270585,126.3684672
B000011263,애월중학교,중학교,운영,33.46460717,126.3246814
B000011264,조천중학교,중학교,운영,33.53301443,126.6164767
B000011265,함덕중학교,중학교,운영,33.53678618,126.6726542
B000011266,김녕중학교,중학교,운영,33.55266695,126.7507701
B000011267,세화중학교,중학교,운영,33.52155716,126.8530677
B000011268,귀일중학교,중학교,운영,33.47900072,126.4052261
B000011269,고산중학교,중학교,운영,33.30007758,126.181868
B000011270,신창중학교,중학교,운영,33.34898229,126.1851933
B000011271,저청중학교,중학교,운영,33.32556023,126.2529321
B000011272,추자중학교,중학교,운영,33.94580566,126.3253151
B000011273,우도중학교,중학교,운영,33.50514824,126.9554325
B000011274,서귀포중학교,중학교,운영,33.2472993,126.5693104
B000011275,서귀포여자중학교,중학교,운영,33.25584018,126.5465121
B000011276,서귀중앙여자중학교,중학교,운영,33.25564731,126.5618758
B000011277,효돈중학교,중학교,운영,33.26553816,126.6209394
B000011278,서귀포대신중학교,중학교,운영,33.25727167,126.5063965
B000011279,중문중학교,중학교,운영,33.25097421,126.429445
B000011280,남주중학교,중학교,운영,33.27652166,126.5649677
B000011281,성산중학교,중학교,운영,33.44361266,126.9106478
B000011282,신산중학교,중학교,운영,33.38162137,126.8755684
B000011283,무릉중학교,중학교,운영,33.27282519,126.201483
B000011284,대정중학교,중학교,운영,33.21996162,126.2532327
B000011285,남원중학교,중학교,운영,33.28225502,126.7175237
B000011286,위미중학교,중학교,운영,33.28049717,126.6635449
B000011287,표선중학교,중학교,운영,33.32933285,126.8320777
B000011288,안덕중학교,중학교,운영,33.24892777,126.3374515
B000011289,경기상업고등학교,고등학교,운영,37.58925853,126.9700571
B000011290,서일문화예술고등학교,고등학교,운영,37.57937936,127.0127598
B000011291,대동세무고등학교,고등학교,운영,37.58158273,126.9879513
B000011292,성동글로벌경영고등학교,고등학교,운영,37.56585472,127.0135246
B000011293,성동공업고등학교,고등학교,운영,37.56936315,127.0172917
B000011294,한양공업고등학교,고등학교,운영,37.5658716,127.0114433
B000011295,서울의료보건고등학교,고등학교,운영,37.55729809,126.9667727
B000011296,리라아트고등학교,고등학교,운영,37.55711546,126.988252
B000011297,대경생활과학고등학교,고등학교,운영,37.55637326,127.0169792
B000011298,용산철도고등학교,고등학교,운영,37.52430312,126.9673581
B000011299,선린인터넷고등학교,고등학교,운영,37.54296872,126.9649361
B000011300,서울디지텍고등학교,고등학교,운영,37.53896942,126.9906121
B000011303,서울방송고등학교,고등학교,운영,37.54777448,127.0110373
B000011304,휘경공업고등학교,고등학교,운영,37.58521558,127.0697283
B000011305,해성국제컨벤션고등학교,고등학교,운영,37.5818726,127.0569769
B000011306,서울정화고등학교,고등학교,운영,37.58604864,127.0410703
B000011307,송곡관광고등학교,고등학교,운영,37.60668904,127.1051455
B000011308,이화여자대학교병설미디어고등학교,고등학교,운영,37.6031324,127.1053324
B000011309,서울도시과학기술고등학교,고등학교,운영,37.6078128,127.0330442
B000011310,서울동구고등학교,고등학교,운영,37.59410587,127.0082153
B000011312,고명외식고등학교,고등학교,운영,37.59767468,127.0191869
B000011313,성암국제무역고등학교,고등학교,운영,37.62041353,127.0239059
B000011314,서울문화고등학교,고등학교,운영,37.66413143,127.0472858
B000011315,세그루패션디자인고등학교,고등학교,운영,37.65634868,127.0268766
B000011316,경기기계공업고등학교,고등학교,운영,37.63224005,127.0749285
B000011317,광운인공지능고등학교,고등학교,운영,37.61923977,127.0565452
B000011318,영신간호비즈니스고등학교,고등학교,운영,37.65245208,127.083205
B000011319,염광메디텍고등학교,고등학교,운영,37.63028445,127.0492646
B000011320,인덕과학기술고등학교,고등학교,운영,37.63034387,127.0544999
B000011321,서울동산고등학교,고등학교,운영,37.63077798,127.0739984
B000011322,미래산업과학고등학교,고등학교,운영,37.65877948,127.0784407
B000011323,서울아이티고등학교,고등학교,운영,37.64241844,127.0624493
B000011324,선정국제관광고등학교,고등학교,운영,37.61870451,126.9090316
B000011325,선일빅데이터고등학교,고등학교,운영,37.62033713,126.9119931
B000011326,예일디자인고등학교,고등학교,운영,37.6109459,126.9147928
B000011327,동명생활경영고등학교,고등학교,운영,37.61441879,126.9228204
B000011328,신진과학기술고등학교,고등학교,운영,37.59871385,126.9188364
B000011329,은평메디텍고등학교,고등학교,운영,37.63534652,126.9297048
B000011330,세명컴퓨터고등학교,고등학교,운영,37.6277708,126.9232499
B000011331,홍익디자인고등학교,고등학교,운영,37.56351064,126.9191663
B000011332,한세사이버보안고등학교,고등학교,운영,37.55178983,126.9520321
B000011333,서울디자인고등학교,고등학교,운영,37.54670177,126.9469053
B000011334,서울금융고등학교,고등학교,운영,37.5376165,126.8256209
B000011335,서울영상고등학교,고등학교,운영,37.52330444,126.8602935
B000011336,강서공업고등학교,고등학교,운영,37.57603409,126.8161817
B000011338,화곡보건경영고등학교,고등학교,운영,37.5484056,126.8326573
B000011339,서울신정고등학교,고등학교,운영,37.53838143,126.8570622
B000011340,서울항공비즈니스고등학교,고등학교,운영,37.56921778,126.8170408
B000011341,영등포공업고등학교,고등학교,운영,37.56983562,126.8500283
B000011342,예림디자인고등학교,고등학교,운영,37.50035507,126.827683
B000011343,덕일전자공업고등학교,고등학교,운영,37.49053652,126.8371091
B000011344,유한공업고등학교,고등학교,운영,37.48791416,126.8232907
B000011345,서서울생활과학고등학교,고등학교,운영,37.50382919,126.8282007
B000011346,서울매그넷고등학교,고등학교,운영,37.45193626,126.9158199
B000011347,한강미디어고등학교,고등학교,운영,37.53929145,126.8972599
B000011348,서울공업고등학교,고등학교,운영,37.50190126,126.9223834
B000011349,서울여자상업고등학교,고등학교,운영,37.47290457,126.9509181
B000011350,광신방송예술고등학교,고등학교,운영,37.4644762,126.9259406
B000011351,서울관광고등학교,고등학교,운영,37.48781542,126.9437608
B000011352,영락의료과학고등학교,고등학교,운영,37.47658804,126.9454164
B000011353,서울웹툰애니메이션고등학교,고등학교,운영,37.46972182,126.9883284
B000011354,서울로봇고등학교,고등학교,운영,37.48073174,127.0845761
B000011355,단국대학교부속소프트웨어고등학교,고등학교,운영,37.49562483,127.0577682
B000011356,대진디자인고등학교,고등학교,운영,37.49042815,127.0959793
B000011357,서울인공지능고등학교,고등학교,운영,37.49175309,127.1423309
B000011358,일신여자상업고등학교,고등학교,운영,37.50179413,127.1142413
B000011359,성덕고등학교,고등학교,운영,37.54996367,127.1419039
B000011360,서울컨벤션고등학교,고등학교,운영,37.5592845,127.1580303
B000011361,상일미디어고등학교,고등학교,운영,37.54858748,127.1708235
B000011362,부산디지털고등학교,고등학교,운영,35.10885429,129.0324467
B000011363,부산관광고등학교,고등학교,운영,35.08250055,129.0222269
B000011364,경성전자고등학교,고등학교,운영,35.11658597,129.0124449
B000011366,부산컴퓨터과학고등학교,고등학교,운영,35.1210635,129.0329123
B000011367,부산영상예술고등학교,고등학교,운영,35.08513613,129.0449175
B000011368,부산보건고등학교,고등학교,운영,35.0815515,129.0412838
B000011369,부산진여자상업고등학교,고등학교,운영,35.1701018,129.0721827
B000011370,경남공업고등학교,고등학교,운영,35.15334824,129.0636387
B000011371,동의고등학교,고등학교,운영,35.16390848,129.0710384
B000011372,부산마케팅고등학교,고등학교,운영,35.15108044,129.0704528
B000011373,세정고등학교,고등학교,운영,35.16997026,129.0793616
B000011374,부산정보고등학교,고등학교,운영,35.1775236,129.0645205
B000011375,동래원예고등학교,고등학교,운영,35.21464589,129.0754982
B000011376,부산전자공업고등학교,고등학교,운영,35.21560631,129.0730588
B000011377,부산공업고등학교,고등학교,운영,35.13016741,129.0876872
B000011378,한국조형예술고등학교,고등학교,운영,35.12048796,129.1165597
B000011379,세연고등학교,고등학교,운영,35.13964921,129.085826
B000011380,배정미래고등학교,고등학교,운영,35.13109322,129.0680868
B000011381,대양고등학교,고등학교,운영,35.13338218,129.0739797
B000011382,동명공업고등학교,고등학교,운영,35.12091013,129.1008256
B000011383,부산해군과학기술고등학교,고등학교,운영,35.16763616,129.1441028
B000011384,부산문화여자고등학교,고등학교,운영,35.16597407,129.1435338
B000011385,영산고등학교,고등학교,운영,35.22605862,129.1554497
B000011386,해운대관광고등학교,고등학교,운영,35.17052556,129.1571278
B000011387,부일전자디자인고등학교,고등학교,운영,35.09073609,129.0025604
B000011388,동아공업고등학교,고등학교,운영,35.09322008,128.9884286
B000011389,대광고등학교,고등학교,운영,35.10127615,128.9725723
B000011390,금샘고등학교,고등학교,운영,35.22173328,129.1073012
B000011391,대진전자통신고등학교,고등학교,운영,35.24150549,129.0818052
B000011392,부산정보관광고등학교,고등학교,운영,35.22394897,129.0919103
B000011393,부산소프트웨어마이스터고등학교,고등학교,운영,35.18926099,128.9039687
B000011394,계성여자고등학교,고등학교,운영,35.18297547,129.0678658
B000011396,부산여자상업고등학교,고등학교,운영,35.16911499,129.0964447
B000011397,부산항공고등학교,고등학교,운영,35.17327691,128.9933191
B000011398,경북공업고등학교,고등학교,운영,35.85851368,128.5835008
B000011399,대구공업고등학교,고등학교,운영,35.88321267,128.6141702
B000011400,대구일마이스터고등학교,고등학교,운영,35.88205162,128.6472193
B000011401,조일고등학교,고등학교,운영,35.8820852,128.6944554
B000011402,달구벌고등학교,고등학교,운영,35.99454114,128.6108132
B000011403,대구관광고등학교,고등학교,운영,35.89004876,128.6323701
B000011404,대구과학기술고등학교,고등학교,운영,35.85749282,128.5482964
B000011405,경상공업고등학교,고등학교,운영,35.8452186,128.5741961
B000011406,경북여자상업고등학교,고등학교,운영,35.83487624,128.5969733
B000011407,대구여자상업고등학교,고등학교,운영,35.84902055,128.5832069
B000011408,대구농업마이스터고등학교,고등학교,운영,35.8357803,128.7007091
B000011409,영남공업고등학교,고등학교,운영,35.84842817,128.6469293
B000011410,대구하이텍고등학교,고등학교,운영,35.82324215,128.5386414
B000011411,대구제일여자상업고등학교,고등학교,운영,35.84075539,128.545887
B000011412,대구전자공업고등학교,고등학교,운영,35.84793267,128.5297971
B000011413,대구보건고등학교,고등학교,운영,35.85810993,128.5726243
B000011414,상서고등학교,고등학교,운영,35.84643612,128.5498704
B000011415,대구소프트웨어마이스터고등학교,고등학교,운영,35.66325082,128.4136189
B000011417,인천여자상업고등학교,고등학교,운영,37.46821127,126.6282965
B000011418,인천반도체고등학교,고등학교,운영,37.47070292,126.6366135
B000011419,영종국제물류고등학교,고등학교,운영,37.4900632,126.5311287
B000011420,인천중앙여자고등학교,고등학교,운영,37.46541654,126.6418096
B000011421,인천재능고등학교,고등학교,운영,37.47553313,126.6504734
B000011422,영화국제관광고등학교,고등학교,운영,37.47139745,126.6403955
B000011424,인천기계공업고등학교,고등학교,운영,37.45685643,126.6683566
B000011425,인천소방고등학교,고등학교,운영,37.47099649,126.6548626
B000011426,인천비즈니스고등학교,고등학교,운영,37.47211645,126.6665695
B000011427,문학정보고등학교,고등학교,운영,37.43549148,126.6866821
B000011428,정석항공과학고등학교,고등학교,운영,37.45144803,126.6515423
B000011429,인천해양과학고등학교,고등학교,운영,37.42524979,126.6407095
B000011430,인천바이오과학고등학교,고등학교,운영,37.42084997,126.6683713
B000011431,인천뷰티예술고등학교,고등학교,운영,37.40393222,126.6713019
B000011432,인천생활과학고등학교,고등학교,운영,37.42400958,126.6782904
B000011433,인천금융고등학교,고등학교,운영,37.40884693,126.7117141
B000011434,부평공업고등학교,고등학교,운영,37.51253378,126.7267928
B000011435,인천미래생활고등학교,고등학교,운영,37.50056712,126.7426846
B000011437,인평자동차고등학교,고등학교,운영,37.49225169,126.702193
B000011438,계산공업고등학교,고등학교,운영,37.53481361,126.7397141
B000011439,인천디자인고등학교,고등학교,운영,37.54822343,126.6714899
B000011440,인천보건고등학교,고등학교,운영,37.50532986,126.6815492
B000011441,한국주얼리고등학교,고등학교,운영,37.58164872,126.6730503
B000011442,강남영상미디어고등학교,고등학교,운영,37.64167363,126.4791248
B000011443,산마을고등학교,고등학교,운영,37.68636257,126.4255653
B000011444,광주여자상업고등학교,고등학교,운영,35.11548253,126.8935344
B000011445,송원여자상업고등학교,고등학교,운영,35.10818451,126.8732664
B000011446,동일미래과학고등학교,고등학교,운영,35.12886986,126.9273037
B000011447,광주공업고등학교,고등학교,운영,35.189132,126.8951358
B000011448,광주자연과학고등학교,고등학교,운영,35.19084274,126.9154959
B000011449,전남여자상업고등학교,고등학교,운영,35.19911446,126.8956123
B000011450,금파공업고등학교,고등학교,운영,35.17669545,126.8871706
B000011451,광주소프트웨어마이스터고등학교,고등학교,운영,35.14276897,126.800772
B000011452,광주전자공업고등학교,고등학교,운영,35.20485605,126.8407681
B000011453,전남공업고등학교,고등학교,운영,35.19357256,126.8431138
B000011454,동명고등학교,고등학교,운영,35.15572544,126.7407774
B000011455,계룡디지텍고등학교,고등학교,운영,36.33762549,127.4344749
B000011456,대전대성여자고등학교,고등학교,운영,36.3377246,127.4405277
B000011457,충남기계공업고등학교,고등학교,운영,36.31199421,127.4035731
B000011458,대전국제통상고등학교,고등학교,운영,36.31386261,127.4075368
B000011459,대전신일여자고등학교,고등학교,운영,36.30866941,127.4334058
B000011460,대전여자상업고등학교,고등학교,운영,36.3338799,127.4216785
B000011461,대덕소프트웨어마이스터고등학교,고등학교,운영,36.39202633,127.3630148
B000011462,대전전자디자인고등학교,고등학교,운영,36.41294348,127.3770167
B000011463,유성생명과학고등학교,고등학교,운영,36.34711665,127.3299616
B000011464,대전도시과학고등학교,고등학교,운영,36.29751392,127.3199445
B000011465,대전생활과학고등학교,고등학교,운영,36.3498313,127.4230626
B000011466,울산애니원고등학교,고등학교,운영,35.57871758,129.3211199
B000011467,울산여자상업고등학교,고등학교,운영,35.52903416,129.3098873
B000011468,울산공업고등학교,고등학교,운영,35.54182925,129.3159739
B000011469,울산생활과학고등학교,고등학교,운영,35.50423681,129.4210107
B000011470,현대공업고등학교,고등학교,운영,35.53866837,129.4308887
B000011471,울산상업고등학교,고등학교,운영,35.55693466,129.2560364
B000011472,언양고등학교,고등학교,운영,35.56176926,129.1320192
B000011473,울산기술공업고등학교,고등학교,운영,35.43889079,129.3080231
B000011474,울산산업고등학교,고등학교,운영,35.55340342,129.1157139
B000011475,울산미용예술고등학교,고등학교,운영,35.46555847,129.2047008
B000011476,수원농생명과학고등학교,고등학교,운영,37.29515359,127.0194502
B000011477,경기대명고등학교,고등학교,운영,37.29601975,126.9399849
B000011478,수원정보과학고등학교,고등학교,운영,37.27608009,127.0497818
B000011479,한봄고등학교,고등학교,운영,37.25945904,126.9693453
B000011480,매향여자정보고등학교,고등학교,운영,37.28457355,127.0186217
B000011481,삼일공업고등학교,고등학교,운영,37.28554473,127.0205554
B000011482,삼일고등학교,고등학교,운영,37.28638393,127.0196791
B000011483,수원공업고등학교,고등학교,운영,37.27423255,127.0245216
B000011484,성남테크노과학고등학교,고등학교,운영,37.42762312,127.1477126
B000011486,양영디지털고등학교,고등학교,운영,37.37401753,127.1400112
B000011488,성보경영고등학교,고등학교,운영,37.46184664,127.1585265
B000011489,성일정보고등학교,고등학교,운영,37.43487853,127.1448205
B000011490,이우고등학교,고등학교,운영,37.35324326,127.090941
B000011491,부천공업고등학교,고등학교,운영,37.48141243,126.7667974
B000011492,부천정보산업고등학교,고등학교,운영,37.49636452,126.7494103
B000011493,경기국제통상고등학교,고등학교,운영,37.50046935,126.7608615
B000011494,경기경영고등학교,고등학교,운영,37.4750207,126.7730511
B000011495,안양공업고등학교,고등학교,운영,37.39956392,126.914329
B000011496,경기게임마이스터고등학교,고등학교,운영,37.39791081,126.9474683
B000011497,평촌경영고등학교,고등학교,운영,37.40107292,126.9590273
B000011498,평촌과학기술고등학교,고등학교,운영,37.37360398,126.9626142
B000011499,근명고등학교,고등학교,운영,37.39354124,126.9200136
B000011500,안양문화고등학교,고등학교,운영,37.39571621,126.9090332
B000011501,경기모바일과학고등학교,고등학교,운영,37.30556825,126.8981471
B000011502,경일관광경영고등학교,고등학교,운영,37.34794915,126.8049706
B000011503,한국디지털미디어고등학교,고등학교,운영,37.3423166,126.8309423
B000011505,안산디자인문화고등학교,고등학교,운영,37.29692001,126.8713099
B000011506,안산공업고등학교,고등학교,운영,37.33634683,126.8615892
B000011507,덕영고등학교,고등학교,운영,37.24160007,127.2161944
B000011508,용인바이오고등학교,고등학교,운영,37.14044111,127.2007625
B000011509,경기폴리텍고등학교,고등학교,운영,37.36019041,126.9243504
B000011510,군포e비즈니스고등학교,고등학교,운영,37.36305308,126.9185422
B000011511,경기스마트고등학교,고등학교,운영,37.34323883,126.7523469
B000011512,군자디지털과학고등학교,고등학교,운영,37.35053779,126.7860428
B000011513,경기자동차과학고등학교,고등학교,운영,37.41429863,126.8398538
B000011514,한국조리과학고등학교,고등학교,운영,37.45851798,126.8323613
B000011515,동일공업고등학교,고등학교,운영,36.99232581,127.1179833
B000011517,청담고등학교,고등학교,운영,36.96221527,127.0624303
B000011518,한국관광고등학교,고등학교,운영,37.07183184,127.0220615
B000011519,발안바이오과학고등학교,고등학교,운영,37.13293438,126.9170045
B000011520,두레자연고등학교,고등학교,운영,37.0592118064,126.7953038209
B000011521,삼괴고등학교,고등학교,운영,37.0896174918,126.8214954998
B000011522,오산정보고등학교,고등학교,운영,37.15389008,127.059967
B000011523,창의경영고등학교,고등학교,운영,37.4383574,126.8821568
B000011524,경기항공고등학교,고등학교,운영,37.47331347,126.8570351
B000011526,한국애니메이션고등학교,고등학교,운영,37.53493189,127.2274873
B000011527,하남경영고등학교,고등학교,운영,37.53845212,127.2260188
B000011528,한국도예고등학교,고등학교,운영,37.28889092,127.3993265
B000011529,일죽고등학교,고등학교,운영,37.0914178,127.4733715
B000011530,두원공업고등학교,고등학교,운영,36.99677795,127.2417999
B000011531,한겨레고등학교,고등학교,운영,37.03064101,127.4226896
B000011532,여주자영농업고등학교,고등학교,운영,37.29602842,127.6211937
B000011533,양평전자과학고등학교,고등학교,운영,37.51009186,127.4009331
B000011534,일산고등학교,고등학교,운영,37.6889721,126.7683384
B000011535,일산국제컨벤션고등학교,고등학교,운영,37.67288456,126.771578
B000011536,경기영상과학고등학교,고등학교,운영,37.66540546,126.7621008
B000011538,고양고등학교,고등학교,운영,37.6542399,126.8908686
B000011539,남양주고등학교,고등학교,운영,37.65247358,127.3344687
B000011540,의정부공업고등학교,고등학교,운영,37.74844623,127.0375432
B000011541,경민비즈니스고등학교,고등학교,운영,37.74612458,127.0251316
B000011542,경민IT고등학교,고등학교,운영,37.74612458,127.0251316
B000011543,세경고등학교,고등학교,운영,37.83131463,126.8299018
B000011544,한국문화영상고등학교,고등학교,운영,37.90605631,127.060131
B000011545,한국외식과학고등학교,고등학교,운영,37.89719133,126.9798514
B000011546,춘천기계공업고등학교,고등학교,운영,37.89192587,127.7464284
B000011547,강원생명과학고등학교,고등학교,운영,37.91001603,127.7232945
B000011549,강원애니고등학교,고등학교,운영,37.90616461,127.7004387
B000011550,전인고등학교,고등학교,운영,37.78791012,127.751207
B000011551,미래고등학교,고등학교,운영,37.33896696,128.0083876
B000011552,영서고등학교,고등학교,운영,37.3130767,127.9797601
B000011553,강릉중앙고등학교,고등학교,운영,37.75736497,128.9150334
B000011554,강릉정보공업고등학교,고등학교,운영,37.88054161,128.8307453
B000011555,동해상업고등학교,고등학교,운영,37.54320424,129.0941785
B000011556,한국항공고등학교,고등학교,운영,37.09902067,129.0212841
B000011557,황지정보산업고등학교,고등학교,운영,37.16869509,128.9877203
B000011558,한국에너지마이스터고등학교,고등학교,운영,37.38492867,129.2243017
B000011559,도계전산정보고등학교,고등학교,운영,37.23152638,129.0479747
B000011560,홍천농업고등학교,고등학교,운영,37.70541298,127.9120772
B000011561,강원생활과학고등학교,고등학교,운영,37.60888471,127.7701243
B000011562,팔렬고등학교,고등학교,운영,37.78372576,128.151705
B000011563,한국소방마이스터고등학교,고등학교,운영,37.18854543,128.471906
B000011564,정선정보공업고등학교,고등학교,운영,37.38045612,128.6471346
B000011565,김화공업고등학교,고등학교,운영,38.24340756,127.4349464
B000011566,화천정보산업고등학교,고등학교,운영,38.10773828,127.7047587
B000011567,동광산업과학고등학교,고등학교,운영,38.29445445,128.5429663
B000011568,청주공업고등학교,고등학교,운영,36.6376457,127.4856352
B000011569,청주농업고등학교,고등학교,운영,36.65852796,127.4854368
B000011570,충북상업정보고등학교,고등학교,운영,36.66459021,127.4792673
B000011571,충북공업고등학교,고등학교,운영,36.61276064,127.4313961
B000011572,청주하이텍고등학교,고등학교,운영,36.60921436,127.4923679
B000011573,대성여자상업고등학교,고등학교,운영,36.64537659,127.4922457
B000011574,청주여자상업고등학교,고등학교,운영,36.62595797,127.4839083
B000011575,충주공업고등학교,고등학교,운영,36.96556942,127.9404948
B000011576,국원고등학교,고등학교,운영,36.97949344,127.9214027
B000011577,한림디자인고등학교,고등학교,운영,36.98004113,127.9390387
B000011578,충주상업고등학교,고등학교,운영,36.94672186,127.937922
B000011579,제천산업고등학교,고등학교,운영,37.11962871,128.2342425
B000011580,제천상업고등학교,고등학교,운영,37.13364913,128.2284182
B000011581,제천디지털전자고등학교,고등학교,운영,37.14132233,128.1156999
B000011582,충북에너지고등학교,고등학교,운영,36.63980192,127.6571478
B000011584,청주IT과학고등학교,고등학교,운영,36.52188865,127.4366168
B000011585,양업고등학교,고등학교,운영,36.67137226,127.3473567
B000011587,충북생명산업고등학교,고등학교,운영,36.49099549,127.7154662
B000011588,충북산업과학고등학교,고등학교,운영,36.30947631,127.5763371
B000011589,영동산업과학고등학교,고등학교,운영,36.17254541,127.7711799
B000011590,영동미래고등학교,고등학교,운영,36.17809238,127.7795959
B000011591,학산고등학교,고등학교,운영,36.10090506,127.6820366
B000011592,진천상업고등학교,고등학교,운영,36.84776396,127.443637
B000011593,한국호텔관광고등학교,고등학교,운영,36.92655735,128.3385084
B000011594,증평공업고등학교,고등학교,운영,36.78091382,127.5903231
B000011595,충북비즈니스고등학교,고등학교,운영,36.7779141,127.5784193
B000011596,천안공업고등학교,고등학교,운영,36.81484693,127.1556508
B000011597,천안여자상업고등학교,고등학교,운영,36.80367767,127.1365589
B000011598,천안상업고등학교,고등학교,운영,36.85929729,127.1555454
B000011599,병천고등학교,고등학교,운영,36.76421876,127.3133478
B000011601,공주생명과학고등학교,고등학교,운영,36.47346639,127.122704
B000011602,공주정보고등학교,고등학교,운영,36.48557283,127.1574896
B000011603,대천여자상업고등학교,고등학교,운영,36.33215727,126.579488
B000011604,충남해양과학고등학교,고등학교,운영,36.31849307,126.5141199
B000011605,주산산업고등학교,고등학교,운영,36.19860758,126.6363604
B000011606,서산공업고등학교,고등학교,운영,36.80931536,126.5878508
B000011610,금산산업고등학교,고등학교,운영,36.10440219,127.4793939
B000011611,금산하이텍고등학교,고등학교,운영,36.14234919,127.3738609
B000011612,부여정보고등학교,고등학교,운영,36.27731649,126.8817737
B000011613,한국식품마이스터고등학교,고등학교,운영,36.21603727,126.7663663
B000011614,부여전자고등학교,고등학교,운영,36.17627488,126.8917865
B000011615,장항공업고등학교,고등학교,운영,36.01394132,126.6856731
B000011616,서천여자정보고등학교,고등학교,운영,36.08312752,126.6993362
B000011617,공동체비전고등학교,고등학교,운영,36.10022398,126.712868
B000011618,충남디자인예술고등학교,고등학교,운영,36.08934788,126.8017061
B000011619,홍성공업고등학교,고등학교,운영,36.52923567,126.5478721
B000011620,예산전자공업고등학교,고등학교,운영,36.7137605,126.8373857
B000011621,당진정보고등학교,고등학교,운영,36.89207275,126.6246862
B000011622,한국전통문화고등학교,고등학교,운영,35.77240766,127.0978656
B000011623,전주상업정보고등학교,고등학교,운영,35.81067636,127.124988
B000011624,전주공업고등학교,고등학교,운영,35.86235186,127.0753697
B000011625,전주생명과학고등학교,고등학교,운영,35.83672624,127.1490519
B000011626,완산여자고등학교,고등학교,운영,35.79203367,127.1383432
B000011627,군산여자상업고등학교,고등학교,운영,35.95745391,126.7075576
B000011628,이리공업고등학교,고등학교,운영,35.9542133,126.9533587
B000011629,진경여자고등학교,고등학교,운영,36.00504357,126.9408324
B000011630,정읍제일고등학교,고등학교,운영,35.57013279,126.8541772
B000011631,글로벌학산고등학교,고등학교,운영,35.56034415,126.8753952
B000011632,칠보고등학교,고등학교,운영,35.60478126,126.9919605
B000011633,남원용성고등학교,고등학교,운영,35.41795647,127.3929209
B000011634,남원제일고등학교,고등학교,운영,35.39142667,127.3737218
B000011635,한국경마축산고등학교,고등학교,운영,35.4408014,127.5161913
B000011636,김제농생명마이스터고등학교,고등학교,운영,35.79232044,126.8904612
B000011637,덕암정보고등학교,고등학교,운영,35.81309241,126.8870829
B000011638,지평선고등학교,고등학교,운영,35.82821233,126.8312524
B000011639,전북하이텍고등학교,고등학교,운영,35.90774937,127.0694379
B000011640,세인고등학교,고등학교,운영,36.06863841,127.153994
B000011641,한국게임과학고등학교,고등학교,운영,36.08278434,127.2854062
B000011642,한국기술부사관고등학교,고등학교,운영,35.80056579,127.4167038
B000011643,한국한방고등학교,고등학교,운영,35.77070891,127.3774507
B000011644,푸른꿈고등학교,고등학교,운영,35.86433064,127.6186346
B000011645,전북유니텍고등학교,고등학교,운영,35.73290982,127.5819498
B000011646,한국치즈과학고등학교,고등학교,운영,35.53327378,127.1647542
B000011647,전북펫고등학교,고등학교,운영,35.54753286,127.3281427
B000011648,강호항공고등학교,고등학교,운영,35.42510185,126.6999786
B000011649,서림고등학교,고등학교,운영,35.72113791,126.7428757
B000011650,줄포자동차공업고등학교,고등학교,운영,35.58512049,126.6769191
B000011651,전북베이커리고등학교,고등학교,운영,35.72864208,126.7225062
B000011652,목포공업고등학교,고등학교,운영,34.79607323,126.4038678
B000011653,목포여자상업고등학교,고등학교,운영,34.80841659,126.411971
B000011654,목포중앙고등학교,고등학교,운영,34.8347188,126.4258535
B000011655,목포성신고등학교,고등학교,운영,34.81645959,126.4097016
B000011656,여수석유화학고등학교,고등학교,운영,34.77872793,127.6431612
B000011657,진성여자고등학교,고등학교,운영,34.73964826,127.7213738
B000011658,여수공업고등학교,고등학교,운영,34.74436688,127.7363763
B000011659,여수해양과학고등학교,고등학교,운영,34.61413689,127.7270000195
B000011660,순천공업고등학교,고등학교,운영,34.95557109,127.5167914
B000011661,순천청암고등학교,고등학교,운영,34.92772924,127.4895729
B000011662,순천효산고등학교,고등학교,운영,34.97321267,127.4954825
B000011663,순천미래과학고등학교,고등학교,운영,34.99825546,127.4880054
B000011664,나주상업고등학교,고등학교,운영,35.04269594,126.722411
B000011665,전남미용고등학교,고등학교,운영,34.9985773,126.7120248
B000011666,나주공업고등학교,고등학교,운영,35.03980492,126.7127511
B000011667,호남원예고등학교,고등학교,운영,35.03822307,126.751088
B000011668,광양하이텍고등학교,고등학교,운영,34.98080879,127.5910447
B000011669,담양공업고등학교,고등학교,운영,35.30241167,126.9822366
B000011670,한빛고등학교,고등학교,운영,35.29153056,126.9131364
B000011671,한울고등학교,고등학교,운영,35.11735857,127.2980952
B000011672,전남조리과학고등학교,고등학교,운영,35.28257899,127.2871456
B000011673,전남자연과학고등학교,고등학교,운영,35.19995065,127.4631172
B000011674,고흥산업과학고등학교,고등학교,운영,34.60253833,127.275209
B000011675,다향고등학교,고등학교,운영,34.76382902,127.0920752
B000011676,벌교상업고등학교,고등학교,운영,34.84667869,127.3495607
B000011678,전남기술과학고등학교,고등학교,운영,35.07198494,126.9919092
B000011679,전남미래자동차고등학교,고등학교,운영,34.68789365,126.9009493
B000011680,한국말산업고등학교,고등학교,운영,34.49694448,126.8839438
B000011681,전남생명과학고등학교,고등학교,운영,34.64770421,126.7769617
B000011682,병영상업고등학교,고등학교,운영,34.71314245,126.8136156
B000011683,해남공업고등학교,고등학교,운영,34.57266047,126.5929698
B000011686,전남에너지고등학교,고등학교,운영,34.88322061,126.6907254
B000011687,구림공업고등학교,고등학교,운영,34.75989027,126.6263371
B000011690,전남보건고등학교,고등학교,운영,35.18856303,126.624301
B000011691,영광공업고등학교,고등학교,운영,35.27888642,126.5020801
B000011692,영산성지고등학교,고등학교,운영,35.32251596,126.4361801
B000011694,영광전자고등학교,고등학교,운영,35.22288655,126.3712771
B000011695,법성고등학교,고등학교,운영,35.35954595,126.4574605
B000011696,장성하이텍고등학교,고등학교,운영,35.30771586,126.7932086
B000011697,삼계부사관고등학교,고등학교,운영,35.2584815,126.6654827
B000011698,완도수산고등학교,고등학교,운영,34.32352536,126.7441894
B000011699,진도실업고등학교,고등학교,운영,34.48303174,126.2600368
B000011700,포항여자전자고등학교,고등학교,운영,36.05062684,129.3477758
B000011701,한국해양마이스터고등학교,고등학교,운영,36.07418804,129.4061983
B000011702,포항제철공업고등학교,고등학교,운영,36.02230834,129.3270264
B000011703,포항과학기술고등학교,고등학교,운영,35.99179076,129.5659125
B000011704,포항흥해공업고등학교,고등학교,운영,36.1071263,129.3385381
B000011706,경주공업고등학교,고등학교,운영,35.83555575,129.2051046
B000011707,경주정보고등학교,고등학교,운영,35.84182328,129.176299969
B000011708,경주여자정보고등학교,고등학교,운영,35.77338342,129.2898895
B000011709,안강전자고등학교,고등학교,운영,35.99278593,129.2298687
B000011711,경주디자인고등학교,고등학교,운영,35.90034715,129.1632696
B000011712,신라공업고등학교,고등학교,운영,35.8936469,129.242522
B000011713,삼성생활예술고등학교,고등학교,운영,35.75247154,129.1993527
B000011714,경주화랑고등학교,고등학교,운영,35.79394991,129.3884051
B000011715,김천생명과학고등학교,고등학교,운영,36.13632669,128.102178
B000011716,경북과학기술고등학교,고등학교,운영,36.15917383,128.2429083
B000011718,한국생명과학고등학교,고등학교,운영,36.55044902,128.6877646
B000011719,경북하이텍고등학교,고등학교,운영,36.57040385,128.7028288
B000011720,구미여자상업고등학교,고등학교,운영,36.10756924,128.3421444
B000011721,구미정보고등학교,고등학교,운영,36.11855183,128.4342303
B000011722,경북생활과학고등학교,고등학교,운영,36.19960113,128.3922014
B000011723,한국미래산업고등학교,고등학교,운영,36.81859532,128.6455598
B000011724,경북항공고등학교,고등학교,운영,36.88033832,128.5266682
B000011725,경북휴먼테크고등학교,고등학교,운영,35.9323949,128.8736677
B000011726,경북바이오마이스터고등학교,고등학교,운영,36.04302173,128.7804921
B000011727,영천전자고등학교,고등학교,운영,36.06838306,128.897874
B000011728,상산전자고등학교,고등학교,운영,36.43009163,128.161317
B000011729,상주공업고등학교,고등학교,운영,36.40665006,128.1462224
B000011730,경북자연과학고등학교,고등학교,운영,36.27931281,128.0942764
B000011731,문경공업고등학교,고등학교,운영,36.59534446,128.2073917
B000011732,경북조리과학고등학교,고등학교,운영,36.73901645,128.1145085
B000011733,경북기계금속고등학교,고등학교,운영,35.81989055,128.8217723
B000011734,경산제일고등학교,고등학교,운영,35.81597735,128.8278499
B000011736,의성유니텍고등학교,고등학교,운영,36.35494747,128.7010442
B000011738,경북소프트웨어마이스터고등학교,고등학교,운영,36.3031493,128.5849448
B000011741,강구정보고등학교,고등학교,운영,36.35361053,129.3803591
B000011742,경북드론고등학교,고등학교,운영,35.64122493,128.6207782
B000011743,한국조리명장고등학교,고등학교,운영,35.73565191,128.2701005
B000011744,명인고등학교,고등학교,운영,35.88583823,128.3642206
B000011745,한국펫고등학교,고등학교,운영,36.88687651,128.734622
B000011746,한국산림과학고등학교,고등학교,운영,36.94786297,128.914111
B000011747,한국원자력마이스터고등학교,고등학교,운영,36.74310804,129.4634936
B000011748,경북관광비즈니스고등학교,고등학교,운영,36.72891434,129.4429677
B000011749,울릉고등학교,고등학교,운영,37.49299459,130.9073535
B000011750,창원기계공업고등학교,고등학교,운영,35.22630036,128.6654086
B000011751,마산공업고등학교,고등학교,운영,35.24416345,128.5959635
B000011752,창원공업고등학교,고등학교,운영,35.23631124,128.6437086
B000011753,한일여자고등학교,고등학교,운영,35.22957678,128.5786542
B000011754,진해세화여자고등학교,고등학교,운영,35.16141317,128.6937922
B000011755,경남관광고등학교,고등학교,운영,35.2485272,128.6752628
B000011756,태봉고등학교,고등학교,운영,35.14779402,128.5098136
B000011757,경남정보고등학교,고등학교,운영,35.15788733,128.1168163
B000011758,진주기계공업고등학교,고등학교,운영,35.17618865,128.1018139
B000011759,선명여자고등학교,고등학교,운영,35.16415402,128.0420882
B000011760,경진고등학교,고등학교,운영,35.20041487,128.0663566
B000011761,경남자동차고등학교,고등학교,운영,35.21943516,128.1015361
B000011762,경남자영고등학교,고등학교,운영,35.07844229,128.1004126
B000011763,김해건설공업고등학교,고등학교,운영,35.23954528,128.8759904
B000011764,김해생명과학고등학교,고등학교,운영,35.23723898,128.8552702
B000011765,김해한일여자고등학교,고등학교,운영,35.23924195,128.9166756
B000011766,진영제일고등학교,고등학교,운영,35.30373148,128.7432868
B000011767,밀성제일고등학교,고등학교,운영,35.50218318,128.750145
B000011768,한국나노마이스터고등학교,고등학교,운영,35.4784026,128.6531771
B000011769,거제여자상업고등학교,고등학교,운영,34.85121955,128.5946948
B000011770,경남산업고등학교,고등학교,운영,34.95343564,128.6539233
B000011771,신반정보고등학교,고등학교,운영,35.46426124,128.3196888
B000011772,창녕슈퍼텍고등학교,고등학교,운영,35.53432206,128.5034538
B000011773,한국과학기술고등학교,고등학교,운영,35.56764195,128.5084514
B000011774,경남항공고등학교,고등학교,운영,34.97853358,128.3073889
B000011775,경남해양과학고등학교,고등학교,운영,34.83089787,128.004177
B000011776,남해정보산업고등학교,고등학교,운영,34.89706973,127.8739785
B000011777,지리산고등학교,고등학교,운영,35.23889917,127.8959409
B000011778,간디고등학교,고등학교,운영,35.35849956,127.9445919
B000011779,경남간호고등학교,고등학교,운영,35.35804061,128.0843307
B000011780,함양제일고등학교,고등학교,운영,35.52525216,127.7323767
B000011781,합천평화고등학교,고등학교,운영,35.5399597,128.2843169
B000011782,제주여자상업고등학교,고등학교,운영,33.51467082,126.536353
B000011783,제주고등학교,고등학교,운영,33.47237342,126.4816709
B000011784,한림공업고등학교,고등학교,운영,33.40652604,126.2699123
B000011785,함덕고등학교,고등학교,운영,33.54458376,126.6514373
B000011786,한국뷰티고등학교,고등학교,운영,33.30007758,126.181868
B000011787,서귀포산업과학고등학교,고등학교,운영,33.29764586,126.5947672
B000011788,중문고등학교,고등학교,운영,33.25486483,126.4468949
B000011789,서울과학고등학교,고등학교,운영,37.59154805,126.9984363
B000011790,서울국제고등학교,고등학교,운영,37.59179115,126.9954907
B000011791,서울예술고등학교,고등학교,운영,37.60575682,126.9678907
B000011792,이화여자외국어고등학교,고등학교,운영,37.56557732,126.9696417
B000011793,대원외국어고등학교,고등학교,운영,37.56249279,127.0894374
B000011794,선화예술고등학교,고등학교,운영,37.5509798,127.0870952
B000011795,대일외국어고등학교,고등학교,운영,37.61330459,127.014176
B000011796,서울외국어고등학교,고등학교,운영,37.64578079,127.0515087
B000011797,한성과학고등학교,고등학교,운영,37.57543617,126.9523709
B000011798,명덕외국어고등학교,고등학교,운영,37.55394399,126.8342914
B000011799,덕원예술고등학교,고등학교,운영,37.54862258,126.8290245
B000011800,세종과학고등학교,고등학교,운영,37.4975694,126.8273517
B000011801,서울공연예술고등학교,고등학교,운영,37.49993066,126.8326087
B000011802,국립전통예술고등학교,고등학교,운영,37.44637006,126.9064871
B000011803,미림마이스터고등학교,고등학교,운영,37.4661018,126.9319279
B000011804,국립국악고등학교,고등학교,운영,37.4762308,127.0514732
B000011805,수도전기공업고등학교,고등학교,운영,37.48493754,127.0644787
B000011806,서울체육고등학교,고등학교,운영,37.52233038,127.1298226
B000011807,한영외국어고등학교,고등학교,운영,37.54914056,127.1577731
B000011808,부산해사고등학교,고등학교,운영,35.0741905,129.0770175
B000011809,부산체육고등학교,고등학교,운영,35.07205496,129.064034
B000011810,한국과학영재학교,고등학교,운영,35.16520011,129.0257844
B000011811,부산국제고등학교,고등학교,운영,35.16722627,129.0234526
B000011812,부산기계공업고등학교,고등학교,운영,35.16184146,129.1528983
B000011813,부산센텀여자고등학교,고등학교,운영,35.16591884,129.1443578
B000011814,부산일과학고등학교,고등학교,운영,35.11720995,128.9888935
B000011815,부산자동차마이스터고등학교,고등학교,운영,35.07556112,128.9643074
B000011816,부일외국어고등학교,고등학교,운영,35.09073609,129.0025604
B000011817,부산예술고등학교,고등학교,운영,35.24704234,129.0981972
B000011818,브니엘예술고등학교,고등학교,운영,35.25485306,129.1039264
B000011819,부산과학고등학교,고등학교,운영,35.26378066,129.0833789
B000011820,부산외국어고등학교,고등학교,운영,35.18370672,129.0971477
B000011821,대구일과학고등학교,고등학교,운영,35.88656282,128.7226999
B000011822,경북예술고등학교,고등학교,운영,35.85458674,128.5885265
B000011823,대구체육고등학교,고등학교,운영,35.95879744,128.5577173
B000011824,대구과학고등학교,고등학교,운영,35.844679,128.6254904
B000011825,경북기계공업고등학교,고등학교,운영,35.82211269,128.5424752
B000011826,대구외국어고등학교,고등학교,운영,35.86044381,128.4980612
B000011827,인천해사고등학교,고등학교,운영,37.46863564,126.6016659
B000011828,인천과학고등학교,고등학교,운영,37.49195555,126.5082571
B000011829,인천국제고등학교,고등학교,운영,37.48971398,126.5094118
B000011832,인천예술고등학교,고등학교,운영,37.45854014,126.7039112
B000011833,미추홀외국어고등학교,고등학교,운영,37.38961737,126.7244414
B000011834,인천외국어고등학교,고등학교,운영,37.50473105,126.695142
B000011835,광주과학고등학교,고등학교,운영,35.22815205,126.8478336
B000011836,광주체육고등학교,고등학교,운영,35.18250305,126.8794162
B000011838,광주자동화설비마이스터고등학교,고등학교,운영,35.15002094,126.8140921
B000011839,동아마이스터고등학교,고등학교,운영,36.34466315,127.4545998
B000011840,대전외국어고등학교,고등학교,운영,36.33658566,127.3656242
B000011841,대전체육고등학교,고등학교,운영,36.33651309,127.3406536
B000011842,대전과학고등학교,고등학교,운영,36.37419466,127.3714358
B000011843,대전예술고등학교,고등학교,운영,36.34695405,127.333560
B000011844,울산에너지고등학교,고등학교,운영,35.59019598,129.3693918
B000011845,울산마이스터고등학교,고등학교,운영,35.56075734,129.378178
B000011846,울산외국어고등학교,고등학교,운영,35.65878666,129.3541754
B000011847,울산과학고등학교,고등학교,운영,35.59864145,129.1015713
B000011848,울산예술고등학교,고등학교,운영,35.4818641,129.2162738
B000011849,경기체육고등학교,고등학교,운영,37.30395971,126.9785339
B000011850,경기과학고등학교,고등학교,운영,37.308815,127.0064083
B000011851,수원외국어고등학교,고등학교,운영,37.29599326,127.0351158
B000011852,수원하이텍고등학교,고등학교,운영,37.25629389,127.0812925
B000011853,성남외국어고등학교,고등학교,운영,37.37860539,127.0965798
B000011854,계원예술고등학교,고등학교,운영,37.35836192,127.1155061
B000011855,경기예술고등학교,고등학교,운영,37.50575359,126.7613615
B000011856,안양외국어고등학교,고등학교,운영,37.39571621,126.9090332
B000011857,안양예술고등학교,고등학교,운영,37.39580704,126.9114168
B000011858,과천외국어고등학교,고등학교,운영,37.43264355,126.9881073
B000011859,경기외국어고등학교,고등학교,운영,37.34807009,126.9597494
B000011860,평택마이스터고등학교,고등학교,운영,36.99908517,127.091105
B000011861,동탄국제고등학교,고등학교,운영,37.18920635,127.0785038465
B000011862,김포외국어고등학교,고등학교,운영,37.7012131,126.567517
B000011863,고양국제고등학교,고등학교,운영,37.68458737,126.8086453
B000011864,고양예술고등학교,고등학교,운영,37.69741041,126.742303
B000011865,고양외국어고등학교,고등학교,운영,37.69052753,126.8592787
B000011866,경기북과학고등학교,고등학교,운영,37.7588324,127.0196447
B000011867,동두천외국어고등학교,고등학교,운영,37.89280911,127.0630227
B000011868,청심국제고등학교,고등학교,운영,37.6870224,127.5405562
B000011869,강원체육고등학교,고등학교,운영,37.85912229,127.694804
B000011870,강원과학고등학교,고등학교,운영,37.37542765,127.9731977
B000011871,원주의료고등학교,고등학교,운영,37.31446027,127.8225113
B000011872,강원예술고등학교,고등학교,운영,37.72193969,128.8645411
B000011873,강원외국어고등학교,고등학교,운영,38.11982808,127.9905164
B000011874,충북예술고등학교,고등학교,운영,36.61085188,127.4327541
B000011875,청주외국어고등학교,고등학교,운영,36.6255022,127.4444905
B000011877,충북과학고등학교,고등학교,운영,36.58779121,127.5691772
B000011878,한국바이오마이스터고등학교,고등학교,운영,36.85087948,127.4400545
B000011879,충북반도체고등학교,고등학교,운영,36.99456018,127.6068945
B000011880,충남예술고등학교,고등학교,운영,36.86844127,127.204377
B000011881,공주마이스터고등학교,고등학교,운영,36.54765379,126.9482472
B000011882,충남과학고등학교,고등학교,운영,36.42737971,127.2187102
B000011883,충남외국어고등학교,고등학교,운영,36.80404361,127.061467
B000011886,합덕제철고등학교,고등학교,운영,36.8133825,126.7624107
B000011887,군산기계공업고등학교,고등학교,운영,35.97728004,126.7003422
B000011888,전북외국어고등학교,고등학교,운영,35.98169109,126.6852969
B000011889,전북기계공업고등학교,고등학교,운영,35.94795211,126.9617606
B000011890,전북과학고등학교,고등학교,운영,36.01457166,127.0347845
B000011891,전북체육고등학교,고등학교,운영,35.8655498,127.2506488
B000011892,전주예술고등학교,고등학교,운영,35.72023332,127.1087873
B000011893,전남외국어고등학교,고등학교,운영,34.99437053,126.7227378
B000011894,전남과학고등학교,고등학교,운영,35.03306834,126.7590628
B000011895,한국항만물류고등학교,고등학교,운영,35.01702381,127.7165243
B000011896,전남체육고등학교,고등학교,운영,34.84533769,126.4962094
B000011897,전남예술고등학교,고등학교,운영,34.84699033,126.4316104
B000011898,진도국악고등학교,고등학교,운영,34.4080872,126.1907454
B000011900,포항예술고등학교,고등학교,운영,36.05181115,129.3148061
B000011901,김천예술고등학교,고등학교,운영,36.13774035,128.0958438
B000011902,구미전자공업고등학교,고등학교,운영,36.11720873,128.4046109
B000011903,금오공업고등학교,고등학교,운영,36.11808678,128.3697454
B000011904,경북외국어고등학교,고등학교,운영,36.12450267,128.3220899
B000011905,경북체육고등학교,고등학교,운영,35.81222619,128.7380534
B000011906,경산과학고등학교,고등학교,운영,35.82202009,128.7688881
B000011907,창원과학고등학교,고등학교,운영,35.2567644,128.6198339
B000011908,경남예술고등학교,고등학교,운영,35.21654607,128.1032775
B000011909,경남과학고등학교,고등학교,운영,35.20163805,128.2253125
B000011910,경남체육고등학교,고등학교,운영,35.20369991,128.221603
B000011911,삼천포공업고등학교,고등학교,운영,34.93428197,128.0839734
B000011912,김해외국어고등학교,고등학교,운영,35.17082614,128.8046616
B000011913,거제공업고등학교,고등학교,운영,34.88210511,128.614194
B000011914,경남외국어고등학교,고등학교,운영,35.39712542,129.0134242
B000011915,제주과학고등학교,고등학교,운영,33.42440023,126.525293
B000011916,제주외국어고등학교,고등학교,운영,33.43397575,126.4259791
B000011917,경복고등학교,고등학교,운영,37.58594567,126.9715109
B000011918,대신고등학교,고등학교,운영,37.57312377,126.9612545
B000011919,경신고등학교,고등학교,운영,37.59222582,126.999531
B000011920,배화여자고등학교,고등학교,운영,37.57954401,126.9672919
B000011922,덕성여자고등학교,고등학교,운영,37.57776082,126.9835581
B000011923,상명대학교사범대학부속여자고등학교,고등학교,운영,37.60410891,126.9551595
B000011925,장충고등학교,고등학교,운영,37.5535149,127.006415
B000011927,용산고등학교,고등학교,운영,37.54480263,126.981731
B000011928,오산고등학교,고등학교,운영,37.52350529,127.0008872
B000011929,배문고등학교,고등학교,운영,37.54999783,126.9639041
B000011930,보성여자고등학교,고등학교,운영,37.54308154,126.9842996
B000011931,신광여자고등학교,고등학교,운영,37.54289988,126.9694475
B000011932,성심여자고등학교,고등학교,운영,37.53420937,126.9545934
B000011933,무학여자고등학교,고등학교,운영,37.55762633,127.0338809
B000011934,성수고등학교,고등학교,운영,37.54734181,127.0382534
B000011935,광남고등학교,고등학교,운영,37.54151472,127.1012139
B000011936,자양고등학교,고등학교,운영,37.53607797,127.0733395
B000011937,대원고등학교,고등학교,운영,37.56249279,127.0894374
B000011938,동국대학교사범대학부속가람고등학교,고등학교,운영,37.54192936,127.0869732
B000011939,대원여자고등학교,고등학교,운영,37.56249619,127.0894052
B000011940,건국대학교사범대학부속고등학교,고등학교,운영,37.53918267,127.0747119
B000011941,휘봉고등학교,고등학교,운영,37.58647725,127.068852
B000011942,동국대학교사범대학부속고등학교,고등학교,운영,37.57804718,127.075133
B000011943,해성여자고등학교,고등학교,운영,37.5818726,127.0569769
B000011944,경희여자고등학교,고등학교,운영,37.59394914,127.054891
B000011945,휘경여자고등학교,고등학교,운영,37.58190052,127.0674341
B000011946,태릉고등학교,고등학교,운영,37.61916383,127.0855576
B000011947,신현고등학교,고등학교,운영,37.60524904,127.0929499
B000011948,중화고등학교,고등학교,운영,37.60481461,127.0836541
B000011949,송곡고등학교,고등학교,운영,37.60584544,127.1064637
B000011950,송곡여자고등학교,고등학교,운영,37.60668904,127.1051455
B000011951,혜원여자고등학교,고등학교,운영,37.59327987,127.0970427
B000011952,서울대학교사범대학부설고등학교,고등학교,운영,37.59472384,127.0381204
B000011953,석관고등학교,고등학교,운영,37.60958929,127.0667176
B000011954,홍익대학교사범대학부속고등학교,고등학교,운영,37.59366662,127.002805
B000011955,고려대학교사범대학부속고등학교,고등학교,운영,37.60783857,127.0028302
B000011956,한성여자고등학교,고등학교,운영,37.5830649,127.0117841
B000011957,성신여자고등학교,고등학교,운영,37.59428963,127.0224072
B000011958,혜화여자고등학교,고등학교,운영,37.63130842,127.013212
B000011959,삼각산고등학교,고등학교,운영,37.61628573,127.0201333
B000011960,창문여자고등학교,고등학교,운영,37.6134057,127.0357962
B000011961,영훈고등학교,고등학교,운영,37.61468187,127.0280933
B000011962,누원고등학교,고등학교,운영,37.68556896,127.0499327
B000011963,효문고등학교,고등학교,운영,37.65269871,127.0184005
B000011964,자운고등학교,고등학교,운영,37.65902067,127.0506763
B000011965,창동고등학교,고등학교,운영,37.65103577,127.0388191
B000011966,정의여자고등학교,고등학교,운영,37.65335584,127.0324273
B000011967,상계고등학교,고등학교,운영,37.65272468,127.0554534
B000011968,불암고등학교,고등학교,운영,37.64915853,127.0803058
B000011969,노원고등학교,고등학교,운영,37.66180319,127.0540195
B000011970,월계고등학교,고등학교,운영,37.63173301,127.0487159
B000011971,청원고등학교,고등학교,운영,37.66525155,127.0625329
B000011972,서라벌고등학교,고등학교,운영,37.64525653,127.0758406
B000011973,대진고등학교,고등학교,운영,37.63780685,127.076090
B000011974,재현고등학교,고등학교,운영,37.66129064,127.0807998
B000011975,청원여자고등학교,고등학교,운영,37.66525155,127.0625329
B000011976,영신여자고등학교,고등학교,운영,37.65245208,127.0832893
B000011977,혜성여자고등학교,고등학교,운영,37.64055021,127.0736197
B000011978,용화여자고등학교,고등학교,운영,37.65913138,127.0582807
B000011979,대진여자고등학교,고등학교,운영,37.64617362,127.0671966
B000011980,한국삼육고등학교,고등학교,운영,37.64335737,127.1088503
B000011981,염광고등학교,고등학교,운영,37.63028445,127.0492646
B000011982,상명고등학교,고등학교,운영,37.64954781,127.0680416
B000011983,신도고등학교,고등학교,운영,37.62913251,126.9187486
B000011984,진관고등학교,고등학교,운영,37.64333857,126.9243825
B000011985,은평고등학교,고등학교,운영,37.60984462,126.9057368
B000011986,충암고등학교,고등학교,운영,37.58464029,126.9218095
B000011987,숭실고등학교,고등학교,운영,37.59327482,126.9024039
B000011988,동명여자고등학교,고등학교,운영,37.61441879,126.9228204
B000011989,선일여자고등학교,고등학교,운영,37.62030421,126.9119931
B000011990,예일여자고등학교,고등학교,운영,37.6109459,126.9147928
B000011991,선정고등학교,고등학교,운영,37.61870451,126.9090316
B000011992,인창고등학교,고등학교,운영,37.56488513,126.9640232
B000011993,한성고등학교,고등학교,운영,37.55909644,126.9544615
B000011994,중앙여자고등학교,고등학교,운영,37.56317672,126.9540593
B000011995,명지고등학교,고등학교,운영,37.58491135,126.9270902
B000011996,광성고등학교,고등학교,운영,37.54869756,126.9359696
B000011997,경성고등학교,고등학교,운영,37.56351064,126.9191663
B000011998,홍익대학교사범대학부속여자고등학교,고등학교,운영,37.55964474,126.9132084
B000011999,금옥여자고등학교,고등학교,운영,37.51096532,126.8439717
B000012000,신목고등학교,고등학교,운영,37.51290943,126.8736069
B000012001,신서고등학교,고등학교,운영,37.52391432,126.8602096
B000012002,강서고등학교,고등학교,운영,37.53631557,126.8657711
B000012003,광영고등학교,고등학교,운영,37.5371981,126.8232759
B000012004,양천고등학교,고등학교,운영,37.5083206,126.8452028
B000012005,진명여자고등학교,고등학교,운영,37.52404701,126.8658566
B000012006,목동고등학교,고등학교,운영,37.50921598,126.860143
B000012007,광영여자고등학교,고등학교,운영,37.5371981,126.8232464
B000012008,백암고등학교,고등학교,운영,37.51219626,126.844377
B000012010,수명고등학교,고등학교,운영,37.54976186,126.8247662
B000012011,세현고등학교,고등학교,운영,37.56043066,126.8636211
B000012012,대일고등학교,고등학교,운영,37.53958612,126.8625699
B000012013,마포고등학교,고등학교,운영,37.55998867,126.8531334
B000012014,화곡고등학교,고등학교,운영,37.54793611,126.8315357
B000012015,명덕고등학교,고등학교,운영,37.55390749,126.8342914
B000012016,동양고등학교,고등학교,운영,37.56901968,126.8470811
B000012017,영일고등학교,고등학교,운영,37.54728726,126.8620589
B000012018,경복여자고등학교,고등학교,운영,37.55782183,126.8505957
B000012019,덕원여자고등학교,고등학교,운영,37.54862258,126.8290245
B000012020,명덕여자고등학교,고등학교,운영,37.55394399,126.8342914
B000012021,한서고등학교,고등학교,운영,37.5747927,126.8081439
B000012022,한광고등학교,고등학교,운영,37.53884371,126.857922
B000012023,경인고등학교,고등학교,운영,37.49599268,126.8654289
B000012024,구로고등학교,고등학교,운영,37.49884008,126.8903092
B000012025,구일고등학교,고등학교,운영,37.49350529,126.8746185
B000012026,신도림고등학교,고등학교,운영,37.51406292,126.8820838
B000012027,오류고등학교,고등학교,운영,37.50035507,126.827683
B000012028,독산고등학교,고등학교,운영,37.47621872,126.9109732
B000012029,문일고등학교,고등학교,운영,37.44891526,126.8987207
B000012030,동일여자고등학교,고등학교,운영,37.45193626,126.9158199
B000012031,여의도고등학교,고등학교,운영,37.52505101,126.9342192
B000012032,영등포여자고등학교,고등학교,운영,37.51538845,126.9153563
B000012033,여의도여자고등학교,고등학교,운영,37.52288764,126.9350871
B000012034,관악고등학교,고등학교,운영,37.52179166,126.8829505
B000012035,영신고등학교,고등학교,운영,37.49810094,126.909739
B000012036,선유고등학교,고등학교,운영,37.53390162,126.8948507
B000012037,영등포고등학교,고등학교,운영,37.5080846,126.9331435
B000012038,수도여자고등학교,고등학교,운영,37.49280146,126.9149071
B000012039,동작고등학교,고등학교,운영,37.48260194,126.9650863
B000012040,성남고등학교,고등학교,운영,37.50528157,126.9266153
B000012041,숭의여자고등학교,고등학교,운영,37.50736414,126.9292433
B000012042,구암고등학교,고등학교,운영,37.49244195,126.949625
B000012043,신림고등학교,고등학교,운영,37.47921049,126.9169672
B000012044,인헌고등학교,고등학교,운영,37.47231073,126.9704851
B000012045,삼성고등학교,고등학교,운영,37.46913998,126.9436438
B000012046,남강고등학교,고등학교,운영,37.47137567,126.9249091
B000012047,성보고등학교,고등학교,운영,37.48072837,126.9209573
B000012048,서울문영여자고등학교,고등학교,운영,37.47290457,126.9509181
B000012049,서울미술고등학교,고등학교,운영,37.47669631,126.9667485
B000012050,광신고등학교,고등학교,운영,37.4644762,126.9259406
B000012051,영락고등학교,고등학교,운영,37.47654259,126.9454164
B000012052,서울고등학교,고등학교,운영,37.48429306,127.0049019
B000012053,반포고등학교,고등학교,운영,37.50270273,127.0165603
B000012054,양재고등학교,고등학교,운영,37.48242164,127.0320796
B000012055,서초고등학교,고등학교,운영,37.48961169,127.0053782
B000012056,언남고등학교,고등학교,운영,37.47233002,127.0430052
B000012057,상문고등학교,고등학교,운영,37.47975543,127.0039168
B000012058,서문여자고등학교,고등학교,운영,37.48891973,126.9845458
B000012059,동덕여자고등학교,고등학교,운영,37.47583666,126.991995
B000012060,경기고등학교,고등학교,운영,37.51756454,127.0560755
B000012061,경기여자고등학교,고등학교,운영,37.48691516,127.065453
B000012062,개포고등학교,고등학교,운영,37.48495285,127.0594065
B000012063,압구정고등학교,고등학교,운영,37.53113395,127.0327116
B000012064,청담고등학교,고등학교,운영,37.52800302,127.0437002
B000012065,영동고등학교,고등학교,운영,37.52138901,127.0437393
B000012066,중산고등학교,고등학교,운영,37.48574293,127.0814285
B000012067,단국대학교사범대학부속고등학교,고등학교,운영,37.49561749,127.0577682
B000012068,숙명여자고등학교,고등학교,운영,37.49147536,127.0526126
B000012069,은광여자고등학교,고등학교,운영,37.48837857,127.0352324
B000012070,진선여자고등학교,고등학교,운영,37.50230289,127.0482866
B000012071,서울세종고등학교,고등학교,운영,37.49038935,127.1027968
B000012072,중앙대학교사범대학부속고등학교,고등학교,운영,37.4919059,127.0521116
B000012073,잠일고등학교,고등학교,운영,37.514521,127.0825552
B000012074,잠실고등학교,고등학교,운영,37.52293043,127.106515
B000012075,창덕여자고등학교,고등학교,운영,37.51624351,127.1402736
B000012076,방산고등학교,고등학교,운영,37.50831315,127.1204696
B000012077,문정고등학교,고등학교,운영,37.4851785,127.1266921
B000012078,가락고등학교,고등학교,운영,37.50107579,127.1164258
B000012079,오금고등학교,고등학교,운영,37.50453217,127.128969
B000012080,잠신고등학교,고등학교,운영,37.51470129,127.088283
B000012081,문현고등학교,고등학교,운영,37.48131355,127.1287623
B000012082,보성고등학교,고등학교,운영,37.52008989,127.1357293
B000012083,배명고등학교,고등학교,운영,37.4976895,127.0958118
B000012084,잠실여자고등학교,고등학교,운영,37.50179413,127.1142413
B000012085,정신여자고등학교,고등학교,운영,37.50945384,127.0738473
B000012086,영파여자고등학교,고등학교,운영,37.53273562,127.1197395
B000012087,영동일고등학교,고등학교,운영,37.51003447,127.089867
B000012088,명일여자고등학교,고등학교,운영,37.54977633,127.1495815
B000012089,둔촌고등학교,고등학교,운영,37.53143258,127.1438087
B000012090,강일고등학교,고등학교,운영,37.5638281,127.1779035
B000012091,선사고등학교,고등학교,운영,37.55631588,127.1357998
B000012092,동북고등학교,고등학교,운영,37.52024061,127.1394507
B000012093,상일여자고등학교,고등학교,운영,37.54858748,127.1708235
B000012094,광문고등학교,고등학교,운영,37.56046181,127.1585463
B000012095,강동고등학교,고등학교,운영,37.54991665,127.1606683
B000012096,한영고등학교,고등학교,운영,37.54913153,127.1577731
B000012097,혜광고등학교,고등학교,운영,35.10879982,129.0246054
B000012098,동주여자고등학교,고등학교,운영,35.10097077,129.0313539
B000012099,남성여자고등학교,고등학교,운영,35.10573605,129.0345523
B000012100,경남고등학교,고등학교,운영,35.1201981,129.0200404
B000012101,부산서여자고등학교,고등학교,운영,35.11340208,129.0213157
B000012102,부경고등학교,고등학교,운영,35.1157788,129.0133065
B000012103,부산고등학교,고등학교,운영,35.12146725,129.0366296
B000012104,금성고등학교,고등학교,운영,35.13463713,129.0515092
B000012105,데레사여자고등학교,고등학교,운영,35.13744208,129.0550458
B000012106,광명고등학교,고등학교,운영,35.08366549,129.0646045
B000012107,개금고등학교,고등학교,운영,35.16087702,129.0256396
B000012108,양정고등학교,고등학교,운영,35.16990941,129.0750869
B000012109,부산동고등학교,고등학교,운영,35.15326954,129.0712527
B000012110,부산동성고등학교,고등학교,운영,35.15151692,129.0697793
B000012111,부산진여자고등학교,고등학교,운영,35.16950074,129.0750971
B000012112,성모여자고등학교,고등학교,운영,35.16726136,129.072124
B000012113,가야고등학교,고등학교,운영,35.14630264,129.0310877
B000012114,경원고등학교,고등학교,운영,35.16371025,129.0318871
B000012115,동래고등학교,고등학교,운영,35.20090083,129.0927025
B000012116,충렬고등학교,고등학교,운영,35.2028575,129.1095733
B000012117,부산중앙여자고등학교,고등학교,운영,35.2079666,129.0796668
B000012118,사직고등학교,고등학교,운영,35.20362214,129.0559786
B000012119,용인고등학교,고등학교,운영,35.21451237,129.0949469
B000012120,동인고등학교,고등학교,운영,35.19852193,129.0509969
B000012121,혜화여자고등학교,고등학교,운영,35.20315589,129.1115615
B000012122,대명여자고등학교,고등학교,운영,35.21211001,129.0962141
B000012123,사직여자고등학교,고등학교,운영,35.1968431,129.0514472
B000012124,학산여자고등학교,고등학교,운영,35.20644229,129.0965495
B000012125,문현여자고등학교,고등학교,운영,35.14513702,129.0739485
B000012126,분포고등학교,고등학교,운영,35.12981258,129.115149
B000012127,동천고등학교,고등학교,운영,35.14433722,129.0868043
B000012128,배정고등학교,고등학교,운영,35.13215205,129.0674134
B000012129,대연고등학교,고등학교,운영,35.12879874,129.1019811
B000012130,예문여자고등학교,고등학교,운영,35.11552808,129.1075077
B000012131,한얼고등학교,고등학교,운영,35.14615209,129.0713257
B000012132,성지고등학교,고등학교,운영,35.12880982,129.0806464
B000012133,금명여자고등학교,고등학교,운영,35.24429037,129.024600
B000012134,화명고등학교,고등학교,운영,35.23954676,129.0106915
B000012135,부산백양고등학교,고등학교,운영,35.19695301,128.9975453
B000012136,금곡고등학교,고등학교,운영,35.2443532,129.0119466
B000012137,만덕고등학교,고등학교,운영,35.20179406,129.0345872
B000012138,성도고등학교,고등학교,운영,35.19397545,129.0054379
B000012139,경혜여자고등학교,고등학교,운영,35.20418761,129.0105038
B000012140,삼정고등학교,고등학교,운영,35.19360082,129.0100284
B000012141,센텀고등학교,고등학교,운영,35.17710343,129.1269806
B000012142,양운고등학교,고등학교,운영,35.17786581,129.1705491
B000012143,반여고등학교,고등학교,운영,35.20295915,129.1265612
B000012144,부흥고등학교,고등학교,운영,35.17367376,129.180577
B000012145,신도고등학교,고등학교,운영,35.17207941,129.1674214
B000012146,해강고등학교,고등학교,운영,35.16411392,129.137539
B000012147,해운대여자고등학교,고등학교,운영,35.16960195,129.1530235
B000012148,다대고등학교,고등학교,운영,35.05313679,128.9698499
B000012149,건국고등학교,고등학교,운영,35.10952808,128.9696164
B000012150,동아고등학교,고등학교,운영,35.09340085,128.9844284
B000012151,해동고등학교,고등학교,운영,35.09285454,128.9904231
B000012152,대동고등학교,고등학교,운영,35.0873648,128.9842391
B000012153,삼성여자고등학교,고등학교,운영,35.09422497,128.9982328
B000012154,성일여자고등학교,고등학교,운영,35.08949951,128.9800626
B000012155,부산대학교사범대학부설고등학교,고등학교,운영,35.23281825,129.0956533
B000012156,내성고등학교,고등학교,운영,35.22138302,129.0927454
B000012157,금정여자고등학교,고등학교,운영,35.22026157,129.1011474
B000012158,남산고등학교,고등학교,운영,35.26808358,129.0859013
B000012159,브니엘고등학교,고등학교,운영,35.25485306,129.1039264
B000012160,지산고등학교,고등학교,운영,35.24337608,129.098813
B000012161,브니엘여자고등학교,고등학교,운영,35.25485306,129.1039264
B000012162,부산강서고등학교,고등학교,운영,35.21642661,128.9824742
B000012163,명호고등학교,고등학교,운영,35.08062883,128.9000754
B000012164,부산대저고등학교,고등학교,운영,35.17758668,128.956294
B000012166,덕문고등학교,고등학교,운영,35.05108195,128.828940
B000012167,이사벨고등학교,고등학교,운영,35.19353414,129.077938
B000012168,부산남일고등학교,고등학교,운영,35.17856564,129.1011712
B000012169,부산동여자고등학교,고등학교,운영,35.14602702,129.1047285
B000012170,덕문여자고등학교,고등학교,운영,35.16774439,129.1036484
B000012171,구덕고등학교,고등학교,운영,35.13842716,128.9907463
B000012172,대덕여자고등학교,고등학교,운영,35.17944488,128.9933857
B000012173,기장고등학교,고등학교,운영,35.24015148,129.2090256
B000012174,부산장안고등학교,고등학교,운영,35.31875901,129.2361258
B000012175,신정고등학교,고등학교,운영,35.32826001,129.1667905
B000012176,장안제일고등학교,고등학교,운영,35.31450466,129.2407786
B000012178,신명고등학교,고등학교,운영,35.86838328,128.584035
B000012179,청구고등학교,고등학교,운영,35.86865525,128.6205716
B000012180,정동고등학교,고등학교,운영,35.87674854,128.6928649
B000012181,영신고등학교,고등학교,운영,35.92000422,128.646424
B000012182,대구동부고등학교,고등학교,운영,35.87429023,128.7190722
B000012183,경덕여자고등학교,고등학교,운영,35.86357119,128.5489381
B000012184,대구제일고등학교,고등학교,운영,35.8706847,128.5738084
B000012186,협성고등학교,고등학교,운영,35.83479736,128.5985816
B000012187,함지고등학교,고등학교,운영,35.92786841,128.5605125
B000012188,운암고등학교,고등학교,운영,35.93883398,128.5637524
B000012189,매천고등학교,고등학교,운영,35.91159433,128.5472371
B000012190,강북고등학교,고등학교,운영,35.92972817,128.5412228
B000012191,성광고등학교,고등학교,운영,35.9075717,128.6242288
B000012192,경상고등학교,고등학교,운영,35.90189918,128.621534
B000012193,영진고등학교,고등학교,운영,35.89461538,128.6220753
B000012194,영송여자고등학교,고등학교,운영,35.92901653,128.5418413
B000012195,성화여자고등학교,고등학교,운영,35.9032298,128.620265
B000012196,경명여자고등학교,고등학교,운영,35.88072706,128.5984327
B000012197,경상여자고등학교,고등학교,운영,35.90054196,128.5878439
B000012198,경북고등학교,고등학교,운영,35.84474469,128.6416344
B000012199,대구여자고등학교,고등학교,운영,35.85650935,128.629864
B000012200,시지고등학교,고등학교,운영,35.83012049,128.7074233
B000012201,동문고등학교,고등학교,운영,35.87730148,128.6510319
B000012202,대륜고등학교,고등학교,운영,35.85168394,128.6567622
B000012203,능인고등학교,고등학교,운영,35.83210847,128.632558
B000012204,오성고등학교,고등학교,운영,35.85447266,128.6447837
B000012205,대구혜화여자고등학교,고등학교,운영,35.84985719,128.647666
B000012206,정화여자고등학교,고등학교,운영,35.84940778,128.6418878
B000012207,덕원고등학교,고등학교,운영,35.82572222,128.705953
B000012208,대구남산고등학교,고등학교,운영,35.85731247,128.6091788
B000012209,대구중앙고등학교,고등학교,운영,35.86646267,128.6172837
B000012210,대곡고등학교,고등학교,운영,35.80323736,128.536857
B000012211,도원고등학교,고등학교,운영,35.80527659,128.5454881
B000012212,대구상원고등학교,고등학교,운영,35.82168481,128.5394052
B000012213,성산고등학교,고등학교,운영,35.86224357,128.5200481
B000012214,성서고등학교,고등학교,운영,35.8598709,128.516192
B000012215,와룡고등학교,고등학교,운영,35.86137993,128.5036794
B000012216,영남고등학교,고등학교,운영,35.82076999,128.5363043
B000012217,경원고등학교,고등학교,운영,35.86547932,128.525679
B000012218,송현여자고등학교,고등학교,운영,35.83112106,128.5462157
B000012219,효성여자고등학교,고등학교,운영,35.83430422,128.5284024
B000012220,경화여자고등학교,고등학교,운영,35.84839511,128.5486077
B000012221,원화여자고등학교,고등학교,운영,35.84830827,128.5491224
B000012222,다사고등학교,고등학교,운영,35.86110567,128.4627608
B000012223,화원고등학교,고등학교,운영,35.79720117,128.4892713
B000012224,대원고등학교,고등학교,운영,35.80668948,128.5070767
B000012225,포산고등학교,고등학교,운영,35.69081479,128.447956
B000012226,달서고등학교,고등학교,운영,35.8861993,128.4214028
B000012227,현풍고등학교,고등학교,운영,35.6985296,128.4382371
B000012228,제물포고등학교,고등학교,운영,37.47726936,126.6238449
B000012229,인일여자고등학교,고등학교,운영,37.47797136,126.6263097
B000012230,광성고등학교,고등학교,운영,37.46757337,126.639585
B000012231,인성여자고등학교,고등학교,운영,37.4739458,126.624248
B000012232,동산고등학교,고등학교,운영,37.47303977,126.6488935
B000012234,학익고등학교,고등학교,운영,37.43903057,126.6633844
B000012235,선인고등학교,고등학교,운영,37.47099649,126.6548626
B000012236,인천고등학교,고등학교,운영,37.45295893,126.6913054
B000012237,학익여자고등학교,고등학교,운영,37.44381933,126.6753484
B000012238,인화여자고등학교,고등학교,운영,37.47099649,126.6548626
B000012239,인항고등학교,고등학교,운영,37.44681429,126.6407082
B000012240,인하대학교사범대학부속고등학교,고등학교,운영,37.44596571,126.6628662
B000012241,인명여자고등학교,고등학교,운영,37.44037081,126.6972234
B000012242,연수고등학교,고등학교,운영,37.41173562,126.6801271
B000012243,인천여자고등학교,고등학교,운영,37.42188142,126.6903145
B000012244,연수여자고등학교,고등학교,운영,37.41103535,126.6723295
B000012245,옥련여자고등학교,고등학교,운영,37.43190903,126.6488476
B000012246,인천해송고등학교,고등학교,운영,37.38256719,126.6458688
B000012247,신송고등학교,고등학교,운영,37.3920074,126.6596644
B000012248,송도고등학교,고등학교,운영,37.42861209,126.6437726
B000012249,인천대건고등학교,고등학교,운영,37.4019879,126.6651466
B000012250,인천남고등학교,고등학교,운영,37.46791494,126.6965526
B000012251,인천만수고등학교,고등학교,운영,37.44709898,126.7422697
B000012253,인천송천고등학교,고등학교,운영,37.3958707,126.7216321
B000012254,인천남동고등학교,고등학교,운영,37.4060269,126.7215164
B000012255,석정여자고등학교,고등학교,운영,37.46866507,126.694192
B000012256,인천고잔고등학교,고등학교,운영,37.38914932,126.7222573
B000012257,인천논현고등학교,고등학교,운영,37.40402323,126.727139
B000012258,인제고등학교,고등학교,운영,37.46139701,126.7124654
B000012259,신명여자고등학교,고등학교,운영,37.46923037,126.7130184
B000012260,숭덕여자고등학교,고등학교,운영,37.46428211,126.7339171
B000012261,문일여자고등학교,고등학교,운영,37.45247978,126.7306571
B000012262,부평고등학교,고등학교,운영,37.50227408,126.7276188
B000012263,부광고등학교,고등학교,운영,37.48841975,126.7030714
B000012264,인천상정고등학교,고등학교,운영,37.48070089,126.6961796
B000012265,부개여자고등학교,고등학교,운영,37.49791578,126.7410316
B000012266,부광여자고등학교,고등학교,운영,37.5026085,126.7355759
B000012267,부평여자고등학교,고등학교,운영,37.50115184,126.7197062
B000012268,인천산곡고등학교,고등학교,운영,37.50320265,126.7131951
B000012269,인천진산과학고등학교,고등학교,운영,37.51327242,126.7437134
B000012270,인천부흥고등학교,고등학교,운영,37.49121895,126.7366563
B000012271,부개고등학교,고등학교,운영,37.49221894,126.7380466
B000012272,삼산고등학교,고등학교,운영,37.52161093,126.7458927
B000012273,인천영선고등학교,고등학교,운영,37.51594529,126.743904
B000012274,세일고등학교,고등학교,운영,37.50616504,126.6930689
B000012275,제일고등학교,고등학교,운영,37.478222,126.7083763
B000012276,명신여자고등학교,고등학교,운영,37.50460448,126.6939278
B000012277,계양고등학교,고등학교,운영,37.54193113,126.7438981
B000012278,계산고등학교,고등학교,운영,37.54718933,126.7297335
B000012279,작전고등학교,고등학교,운영,37.53284074,126.7301792
B000012280,계산여자고등학교,고등학교,운영,37.53825318,126.7418943
B000012281,인천세원고등학교,고등학교,운영,37.55161396,126.7447093
B000012282,작전여자고등학교,고등학교,운영,37.53213347,126.7295556
B000012283,인천효성고등학교,고등학교,운영,37.53146736,126.7149972
B000012284,서운고등학교,고등학교,운영,37.52691454,126.7457474
B000012285,안남고등학교,고등학교,운영,37.52503666,126.7271275
B000012286,인천청라고등학교,고등학교,운영,37.53720827,126.6607696
B000012287,인천초은고등학교,고등학교,운영,37.52929109,126.6571142
B000012288,백석고등학교,고등학교,운영,37.58060358,126.6742921
B000012289,가정고등학교,고등학교,운영,37.51351681,126.6797187
B000012290,가림고등학교,고등학교,운영,37.49261929,126.6812015
B000012291,가좌고등학교,고등학교,운영,37.48964618,126.6809096
B000012292,검단고등학교,고등학교,운영,37.60386225,126.6647414
B000012293,인천원당고등학교,고등학교,운영,37.59689277,126.7048226
B000012294,대인고등학교,고등학교,운영,37.55802602,126.6786094
B000012295,서인천고등학교,고등학교,운영,37.56108344,126.675771
B000012296,강화고등학교,고등학교,운영,37.74802846,126.4738138
B000012297,강화여자고등학교,고등학교,운영,37.75388637,126.4795303
B000012298,교동고등학교,고등학교,운영,37.77846268,126.2843169
B000012299,서도고등학교,고등학교,운영,37.64803766,126.2524746
B000012300,덕신고등학교,고등학교,운영,37.74487949,126.472799
B000012301,한국글로벌셰프고등학교,고등학교,운영,37.71179563,126.392810
B000012302,인천영흥고등학교,고등학교,운영,37.26521102,126.4794201
B000012303,연평고등학교,고등학교,운영,37.66412851,125.7010233
B000012304,대청고등학교,고등학교,운영,37.8325852,124.6939792
B000012305,덕적고등학교,고등학교,운영,37.22538058,126.1481953
B000012307,전남여자고등학교,고등학교,운영,35.15054835,126.9208313
B000012308,조선대학교부속고등학교,고등학교,운영,35.13505815,126.9308097
B000012309,조선대학교여자고등학교,고등학교,운영,35.14640197,126.9327203
B000012310,살레시오여자고등학교,고등학교,운영,35.14697456,126.9298381
B000012311,전남고등학교,고등학교,운영,35.14747561,126.8437327
B000012312,광주여자고등학교,고등학교,운영,35.14818775,126.8731839
B000012313,상무고등학교,고등학교,운영,35.15479285,126.8596319
B000012314,풍암고등학교,고등학교,운영,35.12295098,126.8674015
B000012315,광주대동고등학교,고등학교,운영,35.11937249,126.8497281
B000012316,광주서석고등학교,고등학교,운영,35.14925067,126.881315
B000012317,광덕고등학교,고등학교,운영,35.1446869,126.8784967
B000012318,광주동성고등학교,고등학교,운영,35.11548253,126.8935344
B000012319,광주인성고등학교,고등학교,운영,35.10283514,126.8813301
B000012320,문성고등학교,고등학교,운영,35.12045939,126.9049884
B000012321,광주석산고등학교,고등학교,운영,35.13849282,126.9087951
B000012322,광주수피아여자고등학교,고등학교,운영,35.13719317,126.911614
B000012323,설월여자고등학교,고등학교,운영,35.12612039,126.9285943
B000012324,서진여자고등학교,고등학교,운영,35.12555976,126.8999456
B000012325,대광여자고등학교,고등학교,운영,35.12524421,126.8991024
B000012326,대성여자고등학교,고등학교,운영,35.1194595,126.8929965
B000012327,동아여자고등학교,고등학교,운영,35.12584749,126.9220748
B000012328,송원여자고등학교,고등학교,운영,35.10818451,126.8732664
B000012329,숭의과학기술고등학교,고등학교,운영,35.12743476,126.9231472
B000012330,호남삼육고등학교,고등학교,운영,35.1302339,126.893732
B000012331,전남대학교사범대학부설고등학교,고등학교,운영,35.1729465,126.9011018
B000012332,문정여자고등학교,고등학교,운영,35.18919758,126.9194511
B000012333,빛고을고등학교,고등학교,운영,35.21071222,126.862344
B000012334,광주동신고등학교,고등학교,운영,35.16943786,126.9223461
B000012335,고려고등학교,고등학교,운영,35.19253901,126.8982854
B000012336,금호고등학교,고등학교,운영,35.1785969,126.8855126
B000012337,살레시오고등학교,고등학교,운영,35.21688754,126.8920601
B000012338,금호중앙여자고등학교,고등학교,운영,35.1785969,126.8855126
B000012339,광주경신여자고등학교,고등학교,운영,35.17473839,126.8926244
B000012340,광주동신여자고등학교,고등학교,운영,35.16943786,126.9223461
B000012341,국제고등학교,고등학교,운영,35.19911446,126.8956123
B000012342,서강고등학교,고등학교,운영,35.17517965,126.8680368
B000012343,광주숭일고등학교,고등학교,운영,35.21781348,126.8969064
B000012344,성덕고등학교,고등학교,운영,35.19585015,126.8174891
B000012345,장덕고등학교,고등학교,운영,35.18599882,126.8153427
B000012346,수완고등학교,고등학교,운영,35.19807379,126.8259386
B000012347,운남고등학교,고등학교,운영,35.17542994,126.8163057
B000012348,첨단고등학교,고등학교,운영,35.20672915,126.8375619
B000012349,광주진흥고등학교,고등학교,운영,35.19643601,126.8416886
B000012350,정광고등학교,고등학교,운영,35.15514287,126.7960286
B000012351,명진고등학교,고등학교,운영,35.18741842,126.8301197
B000012352,광일고등학교,고등학교,운영,35.22062838,126.7419508
B000012353,대전가오고등학교,고등학교,운영,36.3106602,127.4544751
B000012354,명석고등학교,고등학교,운영,36.35298746,127.4542462
B000012355,보문고등학교,고등학교,운영,36.33697696,127.4241257
B000012356,우송고등학교,고등학교,운영,36.33562875,127.4428489
B000012357,충남여자고등학교,고등학교,운영,36.32974636,127.4112877
B000012358,대전동산고등학교,고등학교,운영,36.31611842,127.4044918
B000012359,남대전고등학교,고등학교,운영,36.31074837,127.4278195
B000012360,대전중앙고등학교,고등학교,운영,36.33842277,127.4147891
B000012361,대전성모여자고등학교,고등학교,운영,36.32246468,127.4182965
B000012362,청란여자고등학교,고등학교,운영,36.31073792,127.4295277
B000012363,호수돈여자고등학교,고등학교,운영,36.32671701,127.4144851
B000012364,대전한빛고등학교,고등학교,운영,36.28124455,127.3733529
B000012365,대전둔산여자고등학교,고등학교,운영,36.35297303,127.3732835
B000012366,한밭고등학교,고등학교,운영,36.34649685,127.3643986
B000012367,대전둔원고등학교,고등학교,운영,36.34283137,127.3733872
B000012368,대전구봉고등학교,고등학교,운영,36.29557493,127.3310026
B000012369,대전관저고등학교,고등학교,운영,36.31080711,127.3377631
B000012370,대전괴정고등학교,고등학교,운영,36.34040306,127.3788431
B000012371,대전만년고등학교,고등학교,운영,36.36726986,127.3729925
B000012372,대전복수고등학교,고등학교,운영,36.30377161,127.3735857
B000012373,대전대신고등학교,고등학교,운영,36.30895881,127.3800491
B000012374,서대전고등학교,고등학교,운영,36.36013353,127.3695006
B000012375,서일고등학교,고등학교,운영,36.29332636,127.3236362
B000012376,서일여자고등학교,고등학교,운영,36.29429961,127.3235457
B000012377,동방고등학교,고등학교,운영,36.30033708,127.3462432
B000012378,대전제일고등학교,고등학교,운영,36.31331472,127.3723589
B000012379,유성고등학교,고등학교,운영,36.34921738,127.334775
B000012380,대전지족고등학교,고등학교,운영,36.37803212,127.3156568
B000012381,대전반석고등학교,고등학교,운영,36.38691878,127.3135242
B000012382,대덕고등학교,고등학교,운영,36.38757339,127.3816844
B000012383,대전용산고등학교,고등학교,운영,36.42100777,127.3959054
B000012384,대전전민고등학교,고등학교,운영,36.39833683,127.3983327
B000012385,유성여자고등학교,고등학교,운영,36.38458956,127.3289254
B000012386,중일고등학교,고등학교,운영,36.42052491,127.3886965
B000012387,신탄진고등학교,고등학교,운영,36.44970668,127.4359505
B000012388,동대전고등학교,고등학교,운영,36.35628714,127.4236428
B000012389,대전이문고등학교,고등학교,운영,36.44731214,127.4234779
B000012390,울산중앙고등학교,고등학교,운영,35.55609474,129.2844496
B000012391,학성여자고등학교,고등학교,운영,35.56663235,129.3349493
B000012392,울산중앙여자고등학교,고등학교,운영,35.55458461,129.3441552
B000012393,함월고등학교,고등학교,운영,35.56136572,129.2972888
B000012394,다운고등학교,고등학교,운영,35.56648882,129.2706096
B000012395,울산고등학교,고등학교,운영,35.56309225,129.3311353
B000012396,신정고등학교,고등학교,운영,35.53293825,129.3019906
B000012397,학성고등학교,고등학교,운영,35.5316044,129.3003274
B000012398,대현고등학교,고등학교,운영,35.52613218,129.3243389
B000012399,울산여자고등학교,고등학교,운영,35.5355867,129.3095958
B000012400,신선여자고등학교,고등학교,운영,35.52506185,129.3259457
B000012401,무거고등학교,고등학교,운영,35.53627893,129.2507423
B000012402,문수고등학교,고등학교,운영,35.55569199,129.265401
B000012403,삼산고등학교,고등학교,운영,35.54525692,129.3413314
B000012404,울산강남고등학교,고등학교,운영,35.54904256,129.3192237
B000012405,울산제일고등학교,고등학교,운영,35.54258944,129.2681645
B000012406,삼일여자고등학교,고등학교,운영,35.51593104,129.316772
B000012407,성광여자고등학교,고등학교,운영,35.54314574,129.2658489
B000012408,우신고등학교,고등학교,운영,35.53825621,129.2499623
B000012409,방어진고등학교,고등학교,운영,35.50456253,129.4229041
B000012410,대송고등학교,고등학교,운영,35.50566855,129.4190091
B000012411,화암고등학교,고등학교,운영,35.476981,129.409585
B000012412,남목고등학교,고등학교,운영,35.53801042,129.4187517
B000012413,현대고등학교,고등학교,운영,35.52521961,129.4216686
B000012414,화봉고등학교,고등학교,운영,35.59529953,129.3700214
B000012415,효정고등학교,고등학교,운영,35.5636665,129.3749966
B000012416,달천고등학교,고등학교,운영,35.63192969,129.3288462
B000012417,울산동천고등학교,고등학교,운영,35.63277988,129.3388513
B000012418,무룡고등학교,고등학교,운영,35.58665093,129.3616127
B000012419,호계고등학교,고등학교,운영,35.63056594,129.3550384
B000012420,범서고등학교,고등학교,운영,35.56979092,129.2493247
B000012421,남창고등학교,고등학교,운영,35.41477812,129.2772126
B000012423,울산경의고등학교,고등학교,운영,35.58852032,129.0932748
B000012424,호매실고등학교,고등학교,운영,37.26492553,126.9553373
B000012425,광교고등학교,고등학교,운영,37.28972795,127.0485481
B000012426,수성고등학교,고등학교,운영,37.29361367,127.0026571
B000012427,수원여자고등학교,고등학교,운영,37.27682819,127.004355
B000012428,대평고등학교,고등학교,운영,37.29535733,126.988126
B000012429,천천고등학교,고등학교,운영,37.29945329,126.982976
B000012430,장안고등학교,고등학교,운영,37.29312138,126.9955918
B000012431,수일고등학교,고등학교,운영,37.30771516,127.0180455
B000012432,조원고등학교,고등학교,운영,37.30734419,127.0156673
B000012433,권선고등학교,고등학교,운영,37.25278194,127.0333651
B000012434,화홍고등학교,고등학교,운영,37.2517435,127.0402944
B000012435,율천고등학교,고등학교,운영,37.28782913,126.978878
B000012436,숙지고등학교,고등학교,운영,37.28296783,126.9932658
B000012437,매원고등학교,고등학교,운영,37.26565476,127.0545337
B000012438,효원고등학교,고등학교,운영,37.25941827,127.0390512
B000012439,망포고등학교,고등학교,운영,37.23382741,127.0464357
B000012440,청명고등학교,고등학교,운영,37.26089042,127.0773249
B000012441,태장고등학교,고등학교,운영,37.24936938,127.0594286
B000012442,영덕고등학교,고등학교,운영,37.25242219,127.0684717
B000012443,매탄고등학교,고등학교,운영,37.26262774,127.0447779
B000012444,동원고등학교,고등학교,운영,37.31981901,126.9824035
B000012445,유신고등학교,고등학교,운영,37.28243152,127.0413483
B000012446,수원고등학교,고등학교,운영,37.26713365,127.0174147
B000012447,동우여자고등학교,고등학교,운영,37.31981901,126.9824035
B000012448,영신여자고등학교,고등학교,운영,37.2419379,126.9669823
B000012449,영복여자고등학교,고등학교,운영,37.28562481,127.0016721
B000012450,영생고등학교,고등학교,운영,37.30473311,126.9742361
B000012451,창현고등학교,고등학교,운영,37.28490893,127.0418566
B000012452,성남고등학교,고등학교,운영,37.43400578,127.1471687
B000012453,성남여자고등학교,고등학교,운영,37.43615488,127.1446087
B000012454,복정고등학교,고등학교,운영,37.46152833,127.1372794
B000012455,한솔고등학교,고등학교,운영,37.36677616,127.1156884
B000012456,판교고등학교,고등학교,운영,37.40514882,127.1147726
B000012457,보평고등학교,고등학교,운영,37.39419168,127.1176047
B000012458,운중고등학교,고등학교,운영,37.39280433,127.0736445
B000012459,이매고등학교,고등학교,운영,37.39240095,127.1209492
B000012460,불곡고등학교,고등학교,운영,37.34848033,127.1185237
B000012461,늘푸른고등학교,고등학교,운영,37.37332701,127.1053275
B000012462,분당중앙고등학교,고등학교,운영,37.36064712,127.1246258
B000012463,서현고등학교,고등학교,운영,37.38222205,127.1240595
B000012464,수내고등학교,고등학교,운영,37.36611486,127.1298639
B000012465,돌마고등학교,고등학교,운영,37.39327801,127.1321643
B000012466,분당고등학교,고등학교,운영,37.37563295,127.1160677
B000012467,풍생고등학교,고등학교,운영,37.43504295,127.1314146
B000012468,성일고등학교,고등학교,운영,37.43487853,127.1448205
B000012469,숭신여자고등학교,고등학교,운영,37.45026861,127.1700177
B000012470,분당영덕여자고등학교,고등학교,운영,37.40529859,127.1394071
B000012471,효성고등학교,고등학교,운영,37.4502211,127.1040748
B000012472,동광고등학교,고등학교,운영,37.43463362,127.1434964
B000012473,분당대진고등학교,고등학교,운영,37.36941233,127.1381475
B000012474,태원고등학교,고등학교,운영,37.40391632,127.1290213
B000012475,낙생고등학교,고등학교,운영,37.38610469,127.1003748
B000012476,야탑고등학교,고등학교,운영,37.40376833,127.1535645
B000012477,송림고등학교,고등학교,운영,37.39191272,127.1318098
B000012478,부천고등학교,고등학교,운영,37.47991398,126.7663039
B000012479,부천여자고등학교,고등학교,운영,37.48987335,126.7617479
B000012480,부명고등학교,고등학교,운영,37.49912254,126.7612672
B000012481,상동고등학교,고등학교,운영,37.49062565,126.7450659
B000012482,상원고등학교,고등학교,운영,37.49839693,126.7523333
B000012483,부천북고등학교,고등학교,운영,37.51845054,126.7890343
B000012484,도당고등학교,고등학교,운영,37.51862256,126.7909608
B000012485,중원고등학교,고등학교,운영,37.51156679,126.7622256
B000012486,심원고등학교,고등학교,운영,37.50469091,126.7791341
B000012487,중흥고등학교,고등학교,운영,37.5086048,126.7686695
B000012488,원미고등학교,고등학교,운영,37.4982099,126.782733
B000012489,계남고등학교,고등학교,운영,37.49619693,126.7726105
B000012490,상일고등학교,고등학교,운영,37.49818386,126.7437111
B000012491,수주고등학교,고등학교,운영,37.5324198,126.815192
B000012492,덕산고등학교,고등학교,운영,37.53080239,126.7896968
B000012493,원종고등학교,고등학교,운영,37.52849582,126.8004974
B000012494,범박고등학교,고등학교,운영,37.46768281,126.8117382
B000012495,소사고등학교,고등학교,운영,37.46496623,126.8001855
B000012496,송내고등학교,고등학교,운영,37.48678546,126.7453518
B000012497,소명여자고등학교,고등학교,운영,37.48782298,126.791310
B000012498,시온고등학교,고등학교,운영,37.47148659,126.8051061
B000012499,정명고등학교,고등학교,운영,37.4750207,126.7730511
B000012500,안양고등학교,고등학교,운영,37.40048898,126.901360
B000012501,충훈고등학교,고등학교,운영,37.41081461,126.8931377
B000012502,인덕원고등학교,고등학교,운영,37.39997331,126.981096
B000012503,관양고등학교,고등학교,운영,37.40881423,126.9601177
B000012504,동안고등학교,고등학교,운영,37.39035669,126.9661064
B000012505,평촌고등학교,고등학교,운영,37.3865366,126.9547456
B000012506,부흥고등학교,고등학교,운영,37.39330664,126.9446222
B000012507,양명고등학교,고등학교,운영,37.40864037,126.9200167
B000012508,신성고등학교,고등학교,운영,37.38415457,126.918832
B000012509,양명여자고등학교,고등학교,운영,37.40697627,126.9221725
B000012510,안양여자고등학교,고등학교,운영,37.40353299,126.9163026
B000012511,성문고등학교,고등학교,운영,37.37984308,126.9246852
B000012512,백영고등학교,고등학교,운영,37.386458,126.9649474
B000012513,과천중앙고등학교,고등학교,운영,37.42301485,126.9865702
B000012514,과천고등학교,고등학교,운영,37.43085587,126.9970303
B000012515,과천여자고등학교,고등학교,운영,37.43264355,126.9881073
B000012516,단원고등학교,고등학교,운영,37.3273054,126.8239977
B000012518,양지고등학교,고등학교,운영,37.30918755,126.8220702
B000012519,선부고등학교,고등학교,운영,37.34138815,126.7939234
B000012520,원곡고등학교,고등학교,운영,37.33286062,126.7986843
B000012521,초지고등학교,고등학교,운영,37.31002122,126.8110074
B000012522,고잔고등학교,고등학교,운영,37.30878749,126.8353458
B000012523,성포고등학교,고등학교,운영,37.32610962,126.8513003
B000012524,광덕고등학교,고등학교,운영,37.34014053,126.8457848
B000012525,송호고등학교,고등학교,운영,37.31050267,126.8452044
B000012526,성안고등학교,고등학교,운영,37.30271205,126.8425361
B000012527,경안고등학교,고등학교,운영,37.32519093,126.8349272
B000012528,안산강서고등학교,고등학교,운영,37.33479362,126.8179386
B000012529,안산고등학교,고등학교,운영,37.36050434,126.8736141
B000012530,대부고등학교,고등학교,운영,37.24775077,126.5790618
B000012531,상현고등학교,고등학교,운영,37.29911295,127.0743761
B000012532,신봉고등학교,고등학교,운영,37.32774897,127.0629561
B000012533,성지고등학교,고등학교,운영,37.27228468,127.1312675
B000012534,기흥고등학교,고등학교,운영,37.28229211,127.108853
B000012535,보라고등학교,고등학교,운영,37.25145551,127.1105881
B000012536,흥덕고등학교,고등학교,운영,37.27075758,127.0744587
B000012537,동백고등학교,고등학교,운영,37.28335075,127.1584727
B000012538,용인백현고등학교,고등학교,운영,37.2793322,127.1625331
B000012539,구성고등학교,고등학교,운영,37.29914483,127.1156348
B000012540,보정고등학교,고등학교,운영,37.31390108,127.1096482
B000012541,청덕고등학교,고등학교,운영,37.29233368,127.143917
B000012542,초당고등학교,고등학교,운영,37.25869538,127.1632171
B000012543,서원고등학교,고등학교,운영,37.3024074,127.0814728
B000012544,용인홍천고등학교,고등학교,운영,37.32221072,127.0823971
B000012545,죽전고등학교,고등학교,운영,37.33263026,127.1060548
B000012546,현암고등학교,고등학교,운영,37.32880026,127.1313577
B000012547,대지고등학교,고등학교,운영,37.32477894,127.1225516
B000012548,수지고등학교,고등학교,운영,37.33131984,127.0922274
B000012549,풍덕고등학교,고등학교,운영,37.31702384,127.0892193
B000012550,성복고등학교,고등학교,운영,37.32336344,127.0611228
B000012551,용인고등학교,고등학교,운영,37.24057072,127.1930495
B000012552,태성고등학교,고등학교,운영,37.22892007,127.2088544
B000012553,신갈고등학교,고등학교,운영,37.26975906,127.1113065
B000012554,포곡고등학교,고등학교,운영,37.27259121,127.2276557
B000012555,백암고등학교,고등학교,운영,37.164968,127.3685728
B000012556,용호고등학교,고등학교,운영,37.3418258,126.9393348
B000012557,수리고등학교,고등학교,운영,37.35526201,126.9197712
B000012558,산본고등학교,고등학교,운영,37.37078146,126.9258411
B000012559,흥진고등학교,고등학교,운영,37.35237537,126.9291997
B000012560,군포고등학교,고등학교,운영,37.35760393,126.9404491
B000012561,백운고등학교,고등학교,운영,37.38788839,126.9866943
B000012562,우성고등학교,고등학교,운영,37.34928616,126.9806509
B000012563,시흥능곡고등학교,고등학교,운영,37.37393847,126.8119474
B000012564,시흥고등학교,고등학교,운영,37.38959641,126.8140881
B000012565,장곡고등학교,고등학교,운영,37.38022615,126.7821136
B000012566,군서고등학교,고등학교,운영,37.34918175,126.7425022
B000012567,서해고등학교,고등학교,운영,37.36050976,126.7239075
B000012568,시흥매화고등학교,고등학교,운영,37.41607446,126.815906
B000012569,소래고등학교,고등학교,운영,37.43782613,126.7948856
B000012570,은행고등학교,고등학교,운영,37.44341639,126.8029873
B000012571,정왕고등학교,고등학교,운영,37.35044006,126.7284476
B000012572,신천고등학교,고등학교,운영,37.4351037,126.7783978
B000012573,평택고등학교,고등학교,운영,36.98973504,127.1083223
B000012574,평택여자고등학교,고등학교,운영,37.01260333,127.0897392
B000012575,이충고등학교,고등학교,운영,37.0574423,127.0648687
B000012577,한광고등학교,고등학교,운영,36.99789035,127.0960037
B000012578,한광여자고등학교,고등학교,운영,36.99789035,127.0960037
B000012579,신한고등학교,고등학교,운영,36.99355003,127.1044177
B000012581,효명고등학교,고등학교,운영,37.0501393,127.0550807
B000012582,은혜고등학교,고등학교,운영,37.06654128,127.0816468
B000012583,태광고등학교,고등학교,운영,37.07380166,127.0534992
B000012584,현화고등학교,고등학교,운영,36.97877848,126.9170752
B000012585,안중고등학교,고등학교,운영,36.98699168,126.9232225
B000012586,진위고등학교,고등학교,운영,37.10991471,127.0694297
B000012587,향일고등학교,고등학교,운영,37.12928624,126.9178966
B000012588,남양고등학교,고등학교,운영,37.2073193799,126.8238543383
B000012589,동탄고등학교,고등학교,운영,37.203915795,127.0603836
B000012590,나루고등학교,고등학교,운영,37.1864482623,127.0721891809
B000012591,반송고등학교,고등학교,운영,37.192605074,127.0776030537
B000012592,예당고등학교,고등학교,운영,37.2082688442,127.0802397
B000012593,능동고등학교,고등학교,운영,37.2137241778,127.0575058
B000012594,병점고등학교,고등학교,운영,37.2056964872,127.0435719389
B000012595,안화고등학교,고등학교,운영,37.2119228,127.0484625
B000012597,봉담고등학교,고등학교,운영,37.2174069037,126.9539273851
B000012598,향남고등학교,고등학교,운영,37.12888636,126.9262361
B000012599,화성고등학교,고등학교,운영,37.13902926,126.9066229429
B000012600,비봉고등학교,고등학교,운영,37.2376134381,126.8735325594
B000012601,송산고등학교,고등학교,운영,37.2156393041,126.7381258503
B000012602,세교고등학교,고등학교,운영,37.17800671,127.0533473
B000012603,운천고등학교,고등학교,운영,37.15598785,127.0803516
B000012604,운암고등학교,고등학교,운영,37.14383484,127.0750332
B000012605,성호고등학교,고등학교,운영,37.13914256,127.0816273
B000012606,오산고등학교,고등학교,운영,37.15430591,127.0626056
B000012607,운산고등학교,고등학교,운영,37.45431392,126.8833501
B000012608,명문고등학교,고등학교,운영,37.47057166,126.8498885
B000012609,광문고등학교,고등학교,운영,37.46462137,126.8495912
B000012610,소하고등학교,고등학교,운영,37.44724606,126.8875821
B000012611,광명북고등학교,고등학교,운영,37.48790635,126.8679386
B000012612,광명고등학교,고등학교,운영,37.47857117,126.8659896
B000012613,진성고등학교,고등학교,운영,37.46950279,126.8767614
B000012614,광주고등학교,고등학교,운영,37.41766644,127.265711
B000012615,광남고등학교,고등학교,운영,37.38464209,127.2378011
B000012616,광주중앙고등학교,고등학교,운영,37.40347289,127.2579445
B000012617,경화여자고등학교,고등학교,운영,37.41824307,127.2639914
B000012618,곤지암고등학교,고등학교,운영,37.34856308,127.3376091
B000012619,풍산고등학교,고등학교,운영,37.55113292,127.1996871
B000012620,남한고등학교,고등학교,운영,37.5360184,127.2030129
B000012621,신장고등학교,고등학교,운영,37.54382753,127.2096778
B000012622,하남고등학교,고등학교,운영,37.5603837,127.1856182
B000012623,김포과학기술고등학교,고등학교,운영,37.62073309,126.7107549
B000012624,장기고등학교,고등학교,운영,37.64014174,126.6682283
B000012625,풍무고등학교,고등학교,운영,37.60345824,126.7192247
B000012626,김포고등학교,고등학교,운영,37.61839978,126.713009
B000012627,사우고등학교,고등학교,운영,37.61923764,126.723470
B000012628,마송고등학교,고등학교,운영,37.68722438,126.5936896
B000012629,통진고등학교,고등학교,운영,37.68585311,126.6021476
B000012630,양곡고등학교,고등학교,운영,37.65963944,126.6251468
B000012631,하성고등학교,고등학교,운영,37.71800637,126.6284121
B000012632,이천고등학교,고등학교,운영,37.28795195,127.4476087
B000012633,이천제일고등학교,고등학교,운영,37.27825888,127.4613951
B000012634,이현고등학교,고등학교,운영,37.28562125,127.4577555
B000012635,이천양정여자고등학교,고등학교,운영,37.2846442,127.436821
B000012636,다산고등학교,고등학교,운영,37.29104059,127.4288967
B000012637,효양고등학교,고등학교,운영,37.26529772,127.4796168
B000012638,장호원고등학교,고등학교,운영,37.12706988,127.6176304
B000012639,부원고등학교,고등학교,운영,37.11673313,127.619479
B000012640,마장고등학교,고등학교,운영,37.25812644,127.3512887
B000012641,이천세무고등학교,고등학교,운영,37.13607492,127.5188855
B000012642,율면고등학교,고등학교,운영,37.08769127,127.5425144
B000012643,안성고등학교,고등학교,운영,37.01403178,127.2713539
B000012644,안성여자고등학교,고등학교,운영,37.01814312,127.257949
B000012645,안법고등학교,고등학교,운영,37.01333556,127.273268
B000012646,가온고등학교,고등학교,운영,36.98842094,127.2760218
B000012647,경기창조고등학교,고등학교,운영,37.00193973,127.1723586
B000012648,죽산고등학교,고등학교,운영,37.08212863,127.4239467
B000012650,여주고등학교,고등학교,운영,37.27191005,127.6326848
B000012651,이포고등학교,고등학교,운영,37.376319,127.5168304
B000012652,점동고등학교,고등학교,운영,37.20577103,127.6639193
B000012653,대신고등학교,고등학교,운영,37.36353482,127.6081153
B000012655,여강고등학교,고등학교,운영,37.32944528,127.6834973
B000012656,여주제일고등학교,고등학교,운영,37.20517928,127.5555129
B000012657,양평고등학교,고등학교,운영,37.48542599,127.496038
B000012658,양일고등학교,고등학교,운영,37.49437051,127.4934909
B000012659,청운고등학교,고등학교,운영,37.55334405,127.7114712
B000012660,지평고등학교,고등학교,운영,37.47447401,127.6345589
B000012661,양서고등학교,고등학교,운영,37.54806766,127.3279564
B000012662,용문고등학교,고등학교,운영,37.49187337,127.5988154
B000012663,양동고등학교,고등학교,운영,37.42168348,127.755652
B000012664,덕이고등학교,고등학교,운영,37.69575632,126.7548512
B000012665,대화고등학교,고등학교,운영,37.66846943,126.732143
B000012666,서정고등학교,고등학교,운영,37.62124515,126.8493849
B000012667,중산고등학교,고등학교,운영,37.69694847,126.7825931
B000012668,안곡고등학교,고등학교,운영,37.68200197,126.7872084
B000012669,풍동고등학교,고등학교,운영,37.6718435,126.7950813
B000012670,정발고등학교,고등학교,운영,37.66365025,126.7861372
B000012671,백석고등학교,고등학교,운영,37.6529063,126.7869189
B000012672,백마고등학교,고등학교,운영,37.65198233,126.7940121
B000012673,백신고등학교,고등학교,운영,37.64248837,126.7819557
B000012674,일산동고등학교,고등학교,운영,37.7006519,126.7686598
B000012675,가좌고등학교,고등학교,운영,37.68802952,126.7201873
B000012676,주엽고등학교,고등학교,운영,37.67610348,126.754359
B000012677,저동고등학교,고등학교,운영,37.67086575,126.7790577
B000012678,행신고등학교,고등학교,운영,37.61640532,126.8426241
B000012679,백양고등학교,고등학교,운영,37.62949459,126.8384269
B000012680,무원고등학교,고등학교,운영,37.61907994,126.8381619
B000012681,화정고등학교,고등학교,운영,37.63621861,126.8275231
B000012682,고양일고등학교,고등학교,운영,37.6997244,126.9013355
B000012683,성사고등학교,고등학교,운영,37.66300526,126.8421078
B000012684,능곡고등학교,고등학교,운영,37.62396116,126.8255017
B000012685,화수고등학교,고등학교,운영,37.64506907,126.8361544
B000012686,세원고등학교,고등학교,운영,37.67146934,126.8033476
B000012687,일산대진고등학교,고등학교,운영,37.68047139,126.7515967
B000012688,백송고등학교,고등학교,운영,37.69741041,126.742303
B000012689,판곡고등학교,고등학교,운영,37.66291081,127.2428606
B000012690,가운고등학교,고등학교,운영,37.59944721,127.160699
B000012691,도농고등학교,고등학교,운영,37.61138869,127.150911
B000012692,호평고등학교,고등학교,운영,37.65719386,127.2527555
B000012693,평내고등학교,고등학교,운영,37.64205451,127.2340944
B000012694,금곡고등학교,고등학교,운영,37.63309159,127.2129487
B000012695,동화고등학교,고등학교,운영,37.60793099,127.1619037
B000012696,진건고등학교,고등학교,운영,37.67452754,127.1977814
B000012697,마석고등학교,고등학교,운영,37.64380715,127.2993146
B000012698,진접고등학교,고등학교,운영,37.71585327,127.1904483
B000012699,오남고등학교,고등학교,운영,37.69821404,127.2065483
B000012700,심석고등학교,고등학교,운영,37.65603445,127.3068854
B000012701,광동고등학교,고등학교,운영,37.71675577,127.1751688
B000012702,덕소고등학교,고등학교,운영,37.57938377,127.2165957
B000012703,퇴계원고등학교,고등학교,운영,37.6603944,127.1450751
B000012704,구리고등학교,고등학교,운영,37.58857093,127.1400939
B000012705,구리여자고등학교,고등학교,운영,37.59175747,127.1514056
B000012706,수택고등학교,고등학교,운영,37.59487583,127.1542326
B000012707,인창고등학교,고등학교,운영,37.60540901,127.1464712
B000012708,토평고등학교,고등학교,운영,37.58935383,127.1431849
B000012709,서울삼육고등학교,고등학교,운영,37.5952268,127.1245233
B000012710,의정부고등학교,고등학교,운영,37.75491575,127.0312746
B000012711,의정부여자고등학교,고등학교,운영,37.75003605,127.0411502
B000012712,발곡고등학교,고등학교,운영,37.72846023,127.0678813
B000012713,효자고등학교,고등학교,운영,37.75315107,127.0766329
B000012714,부용고등학교,고등학교,운영,37.73630575,127.0929481
B000012715,호원고등학교,고등학교,운영,37.70560206,127.0443246
B000012716,송현고등학교,고등학교,운영,37.74392075,127.0908316
B000012717,동국대학교사범대학부속영석고등학교,고등학교,운영,37.73587133,127.0749104
B000012718,의정부광동고등학교,고등학교,운영,37.75554366,127.036201
B000012719,경민고등학교,고등학교,운영,37.74612458,127.0251316
B000012720,상우고등학교,고등학교,운영,37.73131924,127.0372967
B000012721,운정고등학교,고등학교,운영,37.72204425,126.7363199
B000012722,금촌고등학교,고등학교,운영,37.75019671,126.7787647
B000012723,문산제일고등학교,고등학교,운영,37.77260399,126.7628873
B000012724,문산고등학교,고등학교,운영,37.86299886,126.7757779
B000012725,봉일천고등학교,고등학교,운영,37.74699036,126.8162726
B000012726,교하고등학교,고등학교,운영,37.7226655,126.7217207
B000012728,문산수억고등학교,고등학교,운영,37.85202703,126.8025828
B000012729,율곡고등학교,고등학교,운영,37.8493834,126.8811345
B000012730,파주고등학교,고등학교,운영,37.85922282,126.7806655
B000012731,파주여자고등학교,고등학교,운영,37.77510483,126.7860208
B000012732,광탄고등학교,고등학교,운영,37.78343723,126.848919
B000012733,적성융합고등학교,고등학교,운영,37.95431778,126.9145345
B000012734,삼광고등학교,고등학교,운영,37.94557773,126.8855095
B000012735,동두천중앙고등학교,고등학교,운영,37.89165104,127.0581024
B000012736,신흥고등학교,고등학교,운영,37.93106706,127.0478141
B000012737,한빛누리고등학교,고등학교,운영,37.91198659,127.0610716
B000012738,동두천고등학교,고등학교,운영,37.90471471,127.0592539
B000012739,덕정고등학교,고등학교,운영,37.83754226,127.071727
B000012740,덕계고등학교,고등학교,운영,37.82428609,127.047949
B000012741,덕현고등학교,고등학교,운영,37.79823967,127.0846203
B000012742,양주백석고등학교,고등학교,운영,37.79179274,126.9867415
B000012743,포천고등학교,고등학교,운영,37.89142616,127.1923465
B000012744,송우고등학교,고등학교,운영,37.82940922,127.1384377
B000012745,동남고등학교,고등학교,운영,37.82695298,127.1356234
B000012746,일동고등학교,고등학교,운영,37.96063289,127.3144197
B000012747,포천일고등학교,고등학교,운영,37.89474961,127.2052309
B000012748,영북고등학교,고등학교,운영,38.08606458,127.2762709
B000012749,관인고등학교,고등학교,운영,38.15804881,127.2505866
B000012750,가평고등학교,고등학교,운영,37.81828429,127.5130855
B000012751,청평고등학교,고등학교,운영,37.73148416,127.4150054
B000012752,조종고등학교,고등학교,운영,37.81435909,127.3466138
B000012753,설악고등학교,고등학교,운영,37.6819367,127.4939382
B000012754,전곡고등학교,고등학교,운영,38.03521317,127.0692835
B000012755,연천고등학교,고등학교,운영,38.10822391,127.0766731
B000012756,강원대학교사범대학부설고등학교,고등학교,운영,37.87343185,127.7475973
B000012757,춘천고등학교,고등학교,운영,37.88197381,127.7229922
B000012759,봉의고등학교,고등학교,운영,37.87368493,127.7543888
B000012760,성수고등학교,고등학교,운영,37.87982056,127.7249886
B000012761,유봉여자고등학교,고등학교,운영,37.88475579,127.7345838
B000012762,성수여자고등학교,고등학교,운영,37.88014296,127.7238682
B000012763,강원고등학교,고등학교,운영,37.89496596,127.7564189
B000012764,원주고등학교,고등학교,운영,37.34007833,127.955818
B000012765,북원여자고등학교,고등학교,운영,37.35495273,127.9324254
B000012767,치악고등학교,고등학교,운영,37.31576468,127.9585892
B000012768,대성고등학교,고등학교,운영,37.32730971,127.9208654
B000012769,진광고등학교,고등학교,운영,37.37291539,127.9358278
B000012770,상지여자고등학교,고등학교,운영,37.34004341,127.9616048
B000012771,원주삼육고등학교,고등학교,운영,37.3260422,127.9227366
B000012772,문막고등학교,고등학교,운영,37.30521572,127.8147585
B000012773,원주금융회계고등학교,고등학교,운영,37.20782695,127.7516585
B000012774,육민관고등학교,고등학교,운영,37.30936357,127.9184855
B000012775,강릉고등학교,고등학교,운영,37.78891804,128.9159872
B000012776,강릉여자고등학교,고등학교,운영,37.75965121,128.9034321
B000012777,강릉제일고등학교,고등학교,운영,37.76013262,128.8897642
B000012778,경포고등학교,고등학교,운영,37.78170517,128.9160576
B000012779,강릉명륜고등학교,고등학교,운영,37.76314126,128.8938677
B000012780,강일여자고등학교,고등학교,운영,37.764332,128.8870353
B000012781,강릉문성고등학교,고등학교,운영,37.77563062,128.8700327
B000012782,주문진고등학교,고등학교,운영,37.88135669,128.8301949
B000012783,북평고등학교,고등학교,운영,37.49008122,129.1065015
B000012784,북평여자고등학교,고등학교,운영,37.51771407,129.1090491
B000012785,묵호고등학교,고등학교,운영,37.53776167,129.0957467
B000012786,동해광희고등학교,고등학교,운영,37.48988277,129.1026542
B000012787,동해삼육고등학교,고등학교,운영,37.52207648,129.0997495
B000012788,황지고등학교,고등학교,운영,37.16112037,128.9855688
B000012789,장성여자고등학교,고등학교,운영,37.1262972,129.0057064
B000012790,철암고등학교,고등학교,운영,37.1218814,129.0442778
B000012791,속초고등학교,고등학교,운영,38.22494068,128.5842853
B000012792,속초여자고등학교,고등학교,운영,38.19910408,128.5679325
B000012793,설악고등학교,고등학교,운영,38.18521306,128.5733338
B000012794,삼척고등학교,고등학교,운영,37.44582388,129.1640652
B000012795,삼척여자고등학교,고등학교,운영,37.43769515,129.1652714
B000012796,삼일고등학교,고등학교,운영,37.432476,129.1652028
B000012797,원덕고등학교,고등학교,운영,37.17859678,129.3315382
B000012798,가곡고등학교,고등학교,운영,37.14634584,129.2048268
B000012799,도계고등학교,고등학교,운영,37.2295502,129.0534881
B000012801,홍천고등학교,고등학교,운영,37.69793823,127.8907053
B000012802,홍천여자고등학교,고등학교,운영,37.69181238,127.8812367
B000012803,서석고등학교,고등학교,운영,37.70937582,128.1897158
B000012804,내면고등학교,고등학교,운영,37.766466,128.3877386
B000012805,횡성고등학교,고등학교,운영,37.48622028,127.9789132
B000012806,횡성여자고등학교,고등학교,운영,37.47628279,127.9817813
B000012807,안흥고등학교,고등학교,운영,37.41259236,128.1527598
B000012808,둔내고등학교,고등학교,운영,37.51082915,128.2127223
B000012809,갑천고등학교,고등학교,운영,37.56069062,128.1143746
B000012810,영월고등학교,고등학교,운영,37.19059443,128.4711874
B000012811,석정여자고등학교,고등학교,운영,37.18016344,128.4599183
B000012812,주천고등학교,고등학교,운영,37.27355179,128.2650794
B000012813,마차고등학교,고등학교,운영,37.25532941,128.4513289
B000012814,상동고등학교,고등학교,운영,37.12525841,128.8224544
B000012815,평창고등학교,고등학교,운영,37.37198838,128.404689
B000012816,대화고등학교,고등학교,운영,37.49329552,128.4599834
B000012817,봉평고등학교,고등학교,운영,37.61770857,128.3813671
B000012818,진부고등학교,고등학교,운영,37.63615526,128.552629
B000012819,상지대관령고등학교,고등학교,운영,37.67215604,128.7047008
B000012820,함백고등학교,고등학교,운영,37.21571556,128.6737459
B000012822,정선고등학교,고등학교,운영,37.37821677,128.6609171
B000012823,고한고등학교,고등학교,운영,37.20615372,128.8529158
B000012824,여량고등학교,고등학교,운영,37.46878049,128.7263062
B000012825,임계고등학교,고등학교,운영,37.49285585,128.8460294
B000012826,사북고등학교,고등학교,운영,37.22816463,128.8288674
B000012827,신철원고등학교,고등학교,운영,38.14706658,127.3038496
B000012828,철원고등학교,고등학교,운영,38.20962891,127.2112801
B000012829,철원여자고등학교,고등학교,운영,38.20530981,127.210088
B000012830,김화고등학교,고등학교,운영,38.24404542,127.4333719
B000012832,간동고등학교,고등학교,운영,38.0563712,127.7915913
B000012833,사내고등학교,고등학교,운영,38.06471424,127.5191095
B000012834,양구고등학교,고등학교,운영,38.10101742,127.9908281
B000012835,양구여자고등학교,고등학교,운영,38.1009114,127.9808197
B000012836,인제고등학교,고등학교,운영,38.07422766,128.1773375
B000012837,신남고등학교,고등학교,운영,37.96985666,128.0794889
B000012838,원통고등학교,고등학교,운영,38.12747115,128.2129813
B000012839,기린고등학교,고등학교,운영,37.94620605,128.311690
B000012840,고성고등학교,고등학교,운영,38.3782834,128.4610029
B000012841,거진고등학교,고등학교,운영,38.43968179,128.4501481
B000012842,대진고등학교,고등학교,운영,38.48548499,128.4334014
B000012843,양양고등학교,고등학교,운영,38.07266653,128.6165084
B000012845,충북대학교사범대학부설고등학교,고등학교,운영,36.6239268,127.4385184
B000012846,충북고등학교,고등학교,운영,36.60854214,127.4817144
B000012847,청주여자고등학교,고등학교,운영,36.66774008,127.489702
B000012848,산남고등학교,고등학교,운영,36.60858732,127.4697341
B000012849,청주중앙여자고등학교,고등학교,운영,36.63776915,127.4645545
B000012850,주성고등학교,고등학교,운영,36.63483259,127.5106512
B000012851,금천고등학교,고등학교,운영,36.62779716,127.5119428
B000012852,상당고등학교,고등학교,운영,36.60641965,127.5086186
B000012853,서원고등학교,고등학교,운영,36.62008178,127.4410388
B000012854,흥덕고등학교,고등학교,운영,36.63686278,127.4239538
B000012855,봉명고등학교,고등학교,운영,36.65492565,127.4552839
B000012856,청석고등학교,고등학교,운영,36.61443915,127.5066419
B000012857,청주신흥고등학교,고등학교,운영,36.66965116,127.4965194
B000012858,세광고등학교,고등학교,운영,36.6032833,127.4529213
B000012859,운호고등학교,고등학교,운영,36.62505317,127.4851868
B000012860,일신여자고등학교,고등학교,운영,36.62692783,127.4968969
B000012861,충북여자고등학교,고등학교,운영,36.62538218,127.4841669
B000012862,청주대성고등학교,고등학교,운영,36.65378546,127.4906593
B000012863,충주고등학교,고등학교,운영,36.96165252,127.9302837
B000012864,충주여자고등학교,고등학교,운영,36.96093611,127.9381598
B000012865,충주대원고등학교,고등학교,운영,36.97133328,127.951823
B000012866,충원고등학교,고등학교,운영,37.08806988,127.910885
B000012867,충주중산고등학교,고등학교,운영,36.94672186,127.937922
B000012869,제천고등학교,고등학교,운영,37.14308749,128.2179452
B000012870,제천여자고등학교,고등학교,운영,37.13638054,128.2046903
B000012871,제천제일고등학교,고등학교,운영,37.13525776,128.2208687
B000012872,세명고등학교,고등학교,운영,37.18313024,128.1977907
B000012873,오송고등학교,고등학교,운영,36.62962002,127.3259846
B000012874,양청고등학교,고등학교,운영,36.72699018,127.4335201
B000012875,한국교원대학교부설고등학교,고등학교,운영,36.6056652,127.3573247
B000012876,오창고등학교,고등학교,운영,36.7341991,127.4616514
B000012877,보은여자고등학교,고등학교,운영,36.49472013,127.7161033
B000012878,보은고등학교,고등학교,운영,36.47530948,127.7205512
B000012879,옥천고등학교,고등학교,운영,36.30838922,127.5700421
B000012880,청산고등학교,고등학교,운영,36.34923084,127.7951813
B000012881,영동고등학교,고등학교,운영,36.16949301,127.7884058
B000012882,황간고등학교,고등학교,운영,36.23494649,127.910531
B000012883,진천고등학교,고등학교,운영,36.8539549,127.4499542
B000012885,괴산고등학교,고등학교,운영,36.79657848,127.7796338
B000012887,음성고등학교,고등학교,운영,36.93377561,127.6862476
B000012888,매괴고등학교,고등학교,운영,37.12067594,127.6406222
B000012889,단양고등학교,고등학교,운영,36.97605452,128.3665156
B000012891,형석고등학교,고등학교,운영,36.79378517,127.5925775
B000012892,천안중앙고등학교,고등학교,운영,36.81106206,127.1598874
B000012893,천안여자고등학교,고등학교,운영,36.77872802,127.1692327
B000012894,천안청수고등학교,고등학교,운영,36.79141382,127.1591804
B000012895,천안제일고등학교,고등학교,운영,36.80863404,127.1532984
B000012896,천안쌍용고등학교,고등학교,운영,36.78875649,127.114008
B000012897,천안신당고등학교,고등학교,운영,36.85148352,127.1597115
B000012898,천안오성고등학교,고등학교,운영,36.8415273,127.142135
B000012899,천안두정고등학교,고등학교,운영,36.83515306,127.130402
B000012900,천안월봉고등학교,고등학교,운영,36.80456188,127.1119636
B000012901,천안고등학교,고등학교,운영,36.80941687,127.1343416
B000012902,복자여자고등학교,고등학교,운영,36.81554363,127.1523399
B000012903,북일여자고등학교,고등학교,운영,36.83197659,127.1591924
B000012904,목천고등학교,고등학교,운영,36.78283528,127.2318896
B000012905,성환고등학교,고등학교,운영,36.92382051,127.1155928
B000012906,공주대학교사범대학부설고등학교,고등학교,운영,36.45276665,127.1197907
B000012907,공주고등학교,고등학교,운영,36.44805858,127.1233573
B000012908,공주여자고등학교,고등학교,운영,36.44004369,127.1202748
B000012909,공주금성여자고등학교,고등학교,운영,36.45792388,127.1126169
B000012910,공주영명고등학교,고등학교,운영,36.4519602,127.1278725
B000012911,한일고등학교,고등학교,운영,36.60454634,127.1288217
B000012912,대천고등학교,고등학교,운영,36.36580643,126.6049566
B000012913,대천여자고등학교,고등학교,운영,36.35975001,126.5849396
B000012914,웅천고등학교,고등학교,운영,36.23446791,126.6041447
B000012915,온양고등학교,고등학교,운영,36.78370153,126.9951754
B000012916,온양여자고등학교,고등학교,운영,36.77844834,127.0135701
B000012917,온양용화고등학교,고등학교,운영,36.77371849,127.0028101
B000012918,아산고등학교,고등학교,운영,36.78906056,127.0046035
B000012919,온양한올고등학교,고등학교,운영,36.78855105,127.0105357
B000012920,설화고등학교,고등학교,운영,36.78803293,127.0922409
B000012921,아산스마트팩토리마이스터고등학교,고등학교,운영,36.92907586,127.0436616
B000012922,서산여자고등학교,고등학교,운영,36.77032528,126.4676572
B000012923,서산중앙고등학교,고등학교,운영,36.77887182,126.471964
B000012924,서령고등학교,고등학교,운영,36.79480039,126.4581655
B000012925,서산고등학교,고등학교,운영,36.71554973,126.5460725
B000012926,부석고등학교,고등학교,운영,36.71916922,126.4011757
B000012927,서일고등학교,고등학교,운영,36.85930055,126.4324993
B000012936,금산고등학교,고등학교,운영,36.10630313,127.4943581
B000012937,금산여자고등학교,고등학교,운영,36.10475789,127.4834553
B000012939,세종여자고등학교,고등학교,운영,36.60790871,127.2879076
B000012940,한솔고등학교,고등학교,운영,36.47842598,127.2528695
B000012941,세종대성고등학교,고등학교,운영,36.49713137,127.2546814
B000012942,부여고등학교,고등학교,운영,36.27386362,126.9230728
B000012943,부여여자고등학교,고등학교,운영,36.28531993,126.9152923
B000012944,서천고등학교,고등학교,운영,36.08673881,126.6902854
B000012945,서천여자고등학교,고등학교,운영,36.08139458,126.693820
B000012946,장항고등학교,고등학교,운영,36.01638039,126.7066945
B000012947,청양고등학교,고등학교,운영,36.45358604,126.7979573
B000012948,정산고등학교,고등학교,운영,36.41385157,126.9502066
B000012949,홍성여자고등학교,고등학교,운영,36.60770606,126.6685113
B000012951,충남드론항공고등학교,고등학교,운영,36.50507898,126.6277951
B000012952,홍주고등학교,고등학교,운영,36.5927793,126.6625916
B000012953,서해삼육고등학교,고등학교,운영,36.50662283,126.6269267
B000012954,한국K-POP고등학교,고등학교,운영,36.50793192,126.6219135
B000012955,갈산고등학교,고등학교,운영,36.60486517,126.5478105
B000012956,예산여자고등학교,고등학교,운영,36.68476749,126.8336459
B000012957,예산고등학교,고등학교,운영,36.67989903,126.8374837
B000012958,예산예화여자고등학교,고등학교,운영,36.68005465,126.8390082
B000012959,삽교고등학교,고등학교,운영,36.68803138,126.747264
B000012960,대흥고등학교,고등학교,운영,36.60548656,126.7916056
B000012961,태안고등학교,고등학교,운영,36.75429893,126.3178128
B000012962,안면고등학교,고등학교,운영,36.50942768,126.3560096
B000012963,태안여자고등학교,고등학교,운영,36.7592675,126.2892542
B000012964,만리포고등학교,고등학교,운영,36.76035844,126.1908228
B000012965,합덕고등학교,고등학교,운영,36.81339746,126.7602994
B000012966,당진고등학교,고등학교,운영,36.89181424,126.6242637
B000012967,호서고등학교,고등학교,운영,36.89972495,126.639123
B000012968,송악고등학교,고등학교,운영,36.91658244,126.7047622
B000012969,서야고등학교,고등학교,운영,36.79274595,126.7877866
B000012970,신평고등학교,고등학교,운영,36.88305267,126.7615205
B000012971,전북대학교사범대학부설고등학교,고등학교,운영,35.84591737,127.1359576
B000012972,전주고등학교,고등학교,운영,35.82470798,127.1525515
B000012973,전라고등학교,고등학교,운영,35.8607435,127.1251438
B000012974,전주솔내고등학교,고등학교,운영,35.86301323,127.1225064
B000012975,전주여자고등학교,고등학교,운영,35.83662729,127.145885
B000012976,전주제일고등학교,고등학교,운영,35.82095883,127.1580639
B000012977,전일고등학교,고등학교,운영,35.81567593,127.0997119
B000012978,전주해성고등학교,고등학교,운영,35.78676451,127.1008413
B000012979,완산고등학교,고등학교,운영,35.80125625,127.0850932
B000012980,전주신흥고등학교,고등학교,운영,35.81541013,127.1362767
B000012981,동암고등학교,고등학교,운영,35.80652136,127.1012295
B000012982,전주영생고등학교,고등학교,운영,35.81609983,127.0919874
B000012983,우석고등학교,고등학교,운영,35.87414679,127.0780105
B000012984,전주성심여자고등학교,고등학교,운영,35.81195132,127.150661
B000012985,전주근영여자고등학교,고등학교,운영,35.82030227,127.1246416
B000012986,호남제일고등학교,고등학교,운영,35.81390641,127.0992322
B000012987,전주대학교사범대학부설고등학교,고등학교,운영,35.81531188,127.0938165
B000012988,전주기전여자고등학교,고등학교,운영,35.82623909,127.100655
B000012989,전주중앙여자고등학교,고등학교,운영,35.82828292,127.1678274
B000012990,전북여자고등학교,고등학교,운영,35.87301072,127.0840677
B000012991,유일여자고등학교,고등학교,운영,35.83901369,127.1599927
B000012992,전주한일고등학교,고등학교,운영,35.83124557,127.1236324
B000012993,군산동고등학교,고등학교,운영,35.97056499,126.767976
B000012994,군산여자고등학교,고등학교,운영,35.98514231,126.7033183
B000012995,군산상일고등학교,고등학교,운영,35.97468767,126.7000666
B000012996,군산제일고등학교,고등학교,운영,35.97273147,126.7490296
B000012997,군산영광여자고등학교,고등학교,운영,35.98265862,126.7142607
B000012998,군산중앙여자고등학교,고등학교,운영,35.96817267,126.7114926
B000012999,한들고등학교,고등학교,운영,35.94316674,126.8050803
B000013000,이리고등학교,고등학교,운영,35.94925081,126.9557741
B000013001,이리여자고등학교,고등학교,운영,35.94486815,126.9513174
B000013002,원광고등학교,고등학교,운영,35.97322975,127.0022827
B000013003,원광여자고등학교,고등학교,운영,35.95432998,126.9434322
B000013004,이리남성여자고등학교,고등학교,운영,35.95635944,126.9659967
B000013005,이일여자고등학교,고등학교,운영,35.93458743,126.9489825
B000013006,전북제일고등학교,고등학교,운영,35.93424298,126.9418576
B000013007,원광보건고등학교,고등학교,운영,35.95432998,126.9434322
B000013008,함열고등학교,고등학교,운영,36.08260778,126.9589768
B000013009,함열여자고등학교,고등학교,운영,36.08295724,126.9690849
B000013010,여산고등학교,고등학교,운영,36.06692491,127.0828426
B000013011,성일고등학교,고등학교,운영,36.00845511,126.9466218
B000013012,익산고등학교,고등학교,운영,35.99491837,127.0554797
B000013013,정읍여자고등학교,고등학교,운영,35.55916029,126.8711038
B000013014,호남고등학교,고등학교,운영,35.55709637,126.8511513
B000013015,배영고등학교,고등학교,운영,35.60126026,126.8116536
B000013016,서영여자고등학교,고등학교,운영,35.57916708,126.8520797
B000013017,정주고등학교,고등학교,운영,35.54287125,126.8902183
B000013018,신태인고등학교,고등학교,운영,35.69198097,126.8937261
B000013019,왕신여자고등학교,고등학교,운영,35.68287964,126.8894006
B000013020,인상고등학교,고등학교,운영,35.71787771,126.8392028
B000013021,태인고등학교,고등학교,운영,35.65264756,126.9389432
B000013022,남원고등학교,고등학교,운영,35.42102496,127.3802691
B000013023,남원여자고등학교,고등학교,운영,35.41117242,127.3704283
B000013024,성원고등학교,고등학교,운영,35.41521176,127.3701251
B000013025,남원서진여자고등학교,고등학교,운영,35.42573431,127.4065766
B000013026,남원국악예술고등학교,고등학교,운영,35.42595135,127.4055555
B000013027,인월고등학교,고등학교,운영,35.46495634,127.6027247
B000013028,김제여자고등학교,고등학교,운영,35.80038584,126.8958241
B000013029,김제고등학교,고등학교,운영,35.79107768,126.8970893
B000013030,덕암고등학교,고등학교,운영,35.81309241,126.8870829
B000013031,만경고등학교,고등학교,운영,35.84855174,126.8172884
B000013032,만경여자고등학교,고등학교,운영,35.85368915,126.8147776
B000013033,김제서고등학교,고등학교,운영,35.77104473,126.8148592
B000013034,동국대학교사범대학부속금산고등학교,고등학교,운영,35.7177326,126.9994481
B000013035,한별고등학교,고등학교,운영,35.90780171,127.0723723
B000013036,완주고등학교,고등학교,운영,35.94076736,127.1662965
B000013037,고산고등학교,고등학교,운영,35.97989881,127.201660
B000013038,진안제일고등학교,고등학교,운영,35.7869701,127.4208007
B000013039,안천고등학교,고등학교,운영,35.90029728,127.5601694
B000013040,마령고등학교,고등학교,운영,35.7322463,127.3721322
B000013041,무주고등학교,고등학교,운영,36.01371751,127.6633474
B000013042,설천고등학교,고등학교,운영,36.01252702,127.7881231
B000013043,무풍고등학교,고등학교,운영,35.96676372,127.8464687
B000013044,안성고등학교,고등학교,운영,35.87032408,127.6537838
B000013045,장수고등학교,고등학교,운영,35.65594323,127.5223725
B000013046,산서고등학교,고등학교,운영,35.58388638,127.3990162
B000013047,백화고등학교,고등학교,운영,35.72778418,127.5861808
B000013048,한국마사고등학교,고등학교,운영,35.72425456,127.6344655
B000013049,임실고등학교,고등학교,운영,35.62192952,127.2867026
B000013050,순창제일고등학교,고등학교,운영,35.37893092,127.1514256
B000013051,순창고등학교,고등학교,운영,35.37990162,127.1405508
B000013052,동계고등학교,고등학교,운영,35.45004832,127.240649
B000013053,고창고등학교,고등학교,운영,35.43744052,126.7012704
B000013054,자유고등학교,고등학교,운영,35.4393866,126.6990768
B000013055,해리고등학교,고등학교,운영,35.46582411,126.5381075
B000013056,고창북고등학교,고등학교,운영,35.51504641,126.6979364
B000013057,전북인공지능고등학교,고등학교,운영,35.41422378,126.5580061
B000013058,부안고등학교,고등학교,운영,35.71604257,126.7289178
B000013059,부안여자고등학교,고등학교,운영,35.71495545,126.7359295
B000013060,백산고등학교,고등학교,운영,35.70808449,126.7910026
B000013061,위도고등학교,고등학교,운영,35.60490699,126.2961849
B000013062,목포여자고등학교,고등학교,운영,34.79788027,126.3852423
B000013063,목포제일여자고등학교,고등학교,운영,34.80762176,126.430872
B000013064,목상고등학교,고등학교,운영,34.80571314,126.3949956
B000013065,목포홍일고등학교,고등학교,운영,34.80223621,126.3755128
B000013066,목포덕인고등학교,고등학교,운영,34.79998068,126.372628
B000013067,목포마리아회고등학교,고등학교,운영,34.81310262,126.3945838
B000013068,목포정명여자고등학교,고등학교,운영,34.79640482,126.3831138
B000013069,목포혜인여자고등학교,고등학교,운영,34.79998068,126.372628
B000013070,문태고등학교,고등학교,운영,34.80057558,126.4030507
B000013071,영흥고등학교,고등학교,운영,34.80525243,126.416556
B000013072,여천고등학교,고등학교,운영,34.77142321,127.6624054
B000013073,여수여자고등학교,고등학교,운영,34.74145865,127.7458079
B000013074,부영여자고등학교,고등학교,운영,34.75860431,127.6507122
B000013075,여수충무고등학교,고등학교,운영,34.77142832,127.7110233
B000013076,한영고등학교,고등학교,운영,34.75371344,127.714897
B000013077,여수중앙여자고등학교,고등학교,운영,34.75308935,127.7329193
B000013078,여수정보과학고등학교,고등학교,운영,34.75249359,127.6983989
B000013079,여수화양고등학교,고등학교,운영,34.6891898,127.5986936
B000013080,여양고등학교,고등학교,운영,34.78900295,127.6314339
B000013081,여남고등학교,고등학교,운영,34.51226252,127.7679765
B000013082,순천여자고등학교,고등학교,운영,34.94777692,127.4831409
B000013083,순천제일고등학교,고등학교,운영,34.98863327,127.4885276
B000013085,순천매산고등학교,고등학교,운영,34.95746444,127.4804446
B000013086,순천금당고등학교,고등학교,운영,34.95086788,127.5233515
B000013087,순천매산여자고등학교,고등학교,운영,34.95868582,127.4813152
B000013088,순천강남여자고등학교,고등학교,운영,34.96313964,127.5242459
B000013089,순천효천고등학교,고등학교,운영,34.90505459,127.4844121
B000013090,한국바둑고등학교,고등학교,운영,35.0748151,127.2403264
B000013091,순천복성고등학교,고등학교,운영,34.94660642,127.5441558
B000013092,금성고등학교,고등학교,운영,35.0380384,126.712291
B000013093,영산고등학교,고등학교,운영,35.00894093,126.7139419
B000013094,광남고등학교,고등학교,운영,35.03858698,126.8442532
B000013097,중마고등학교,고등학교,운영,34.95321145,127.6976714
B000013098,광양백운고등학교,고등학교,운영,34.94677513,127.6911143
B000013099,광영고등학교,고등학교,운영,34.96187544,127.7146684
B000013100,광양여자고등학교,고등학교,운영,34.97649691,127.5804126
B000013101,광양고등학교,고등학교,운영,34.98365268,127.5726584
B000013102,담양고등학교,고등학교,운영,35.31418401,126.9808879
B000013103,창평고등학교,고등학교,운영,35.23847859,127.0123953
B000013104,곡성고등학교,고등학교,운영,35.28511237,127.2923427
B000013105,옥과고등학교,고등학교,운영,35.27425387,127.1299726
B000013106,구례고등학교,고등학교,운영,35.20383015,127.4627329
B000013107,고흥고등학교,고등학교,운영,34.60657361,127.2942935
B000013108,녹동고등학교,고등학교,운영,34.53882429,127.1421118
B000013110,고흥도화고등학교,고등학교,운영,34.51405905,127.3204303
B000013113,보성고등학교,고등학교,운영,34.77571293,127.0942137
B000013114,벌교여자고등학교,고등학교,운영,34.83509041,127.3411374
B000013115,벌교고등학교,고등학교,운영,34.8333152,127.3422901
B000013117,예당고등학교,고등학교,운영,34.78058113,127.1993808
B000013118,능주고등학교,고등학교,운영,34.98516412,126.9590427
B000013119,화순고등학교,고등학교,운영,35.05376082,126.9835194
B000013121,장흥고등학교,고등학교,운영,34.67993932,126.9161181
B000013122,장흥관산고등학교,고등학교,운영,34.55898249,126.9364334
B000013123,강진고등학교,고등학교,운영,34.63782109,126.7585876
B000013125,성전고등학교,고등학교,운영,34.69371745,126.7064011
B000013126,해남고등학교,고등학교,운영,34.57669909,126.5950833
B000013127,송지고등학교,고등학교,운영,34.38449027,126.5157373
B000013128,화원고등학교,고등학교,운영,34.67092845,126.3229609
B000013129,영암고등학교,고등학교,운영,34.79909753,126.686741
B000013130,삼호고등학교,고등학교,운영,34.7511684,126.4695883
B000013131,영암여자고등학교,고등학교,운영,34.80443156,126.7034113
B000013132,영암낭주고등학교,고등학교,운영,34.72974846,126.5634162
B000013133,백제고등학교,고등학교,운영,34.98248636,126.4734979
B000013137,함평고등학교,고등학교,운영,35.10453207,126.4922955
B000013140,영광고등학교,고등학교,운영,35.26694504,126.5065896
B000013141,해룡고등학교,고등학교,운영,35.26843387,126.513448
B000013142,문향고등학교,고등학교,운영,35.30341746,126.7680095
B000013143,장성고등학교,고등학교,운영,35.30934389,126.7981925
B000013144,완도고등학교,고등학교,운영,34.32349501,126.7402188
B000013146,노화고등학교,고등학교,운영,34.18136143,126.5776943
B000013147,고금고등학교,고등학교,운영,34.40087252,126.8046164
B000013148,약산고등학교,고등학교,운영,34.39213844,126.8996588
B000013149,완도금일고등학교,고등학교,운영,34.34940103,127.0324393
B000013150,진도고등학교,고등학교,운영,34.4882597,126.2767812
B000013151,조도고등학교,고등학교,운영,34.31155214,126.0432459
B000013152,지명고등학교,고등학교,운영,35.06337372,126.2033743
B000013153,신안해양과학고등학교,고등학교,운영,34.86192398,126.3145296
B000013154,임자고등학교,고등학교,운영,35.09049483,126.0997368
B000013155,안좌고등학교,고등학교,운영,34.75002635,126.1291567
B000013157,도초고등학교,고등학교,운영,34.7044768,125.951752
B000013158,하의고등학교,고등학교,운영,34.60603857,126.0371142
B000013159,포항고등학교,고등학교,운영,36.05582158,129.3725721
B000013160,포항여자고등학교,고등학교,운영,36.05064084,129.3643118
B000013161,포항이동고등학교,고등학교,운영,36.02968696,129.3335059
B000013162,두호고등학교,고등학교,운영,36.06278961,129.3732049
B000013163,포항장성고등학교,고등학교,운영,36.08583211,129.384586
B000013164,동지고등학교,고등학교,운영,36.03860468,129.3467246
B000013165,포항영신고등학교,고등학교,운영,36.05945253,129.351381
B000013166,포항중앙고등학교,고등학교,운영,36.06507791,129.3496382
B000013167,대동고등학교,고등학교,운영,36.05831145,129.3571484
B000013168,동지여자고등학교,고등학교,운영,36.03865306,129.3467246
B000013169,유성여자고등학교,고등학교,운영,36.05777105,129.3610143
B000013170,포항중앙여자고등학교,고등학교,운영,36.06373375,129.3486118
B000013171,세명고등학교,고등학교,운영,36.01659564,129.3495112
B000013172,세화고등학교,고등학교,운영,36.05282731,129.3521047
B000013173,영일고등학교,고등학교,운영,35.99550078,129.3534252
B000013174,오천고등학교,고등학교,운영,35.96902488,129.4127932
B000013175,경북세무고등학교,고등학교,운영,36.07733326,129.1960916
B000013176,포항동성고등학교,고등학교,운영,35.98983978,129.4398422
B000013177,포항보건고등학교,고등학교,운영,36.16391663,129.0932289
B000013178,계림고등학교,고등학교,운영,35.8663446,129.2087245
B000013179,경주여자고등학교,고등학교,운영,35.85752337,129.2051264
B000013180,신라고등학교,고등학교,운영,35.83985237,129.1875967
B000013181,경주고등학교,고등학교,운영,35.84315899,129.2266104
B000013182,문화고등학교,고등학교,운영,35.85337311,129.1690639
B000013183,근화여자고등학교,고등학교,운영,35.87058466,129.2273172
B000013184,선덕여자고등학교,고등학교,운영,35.83862147,129.2242275
B000013185,한국국제통상마이스터고등학교,고등학교,운영,35.81078851,129.5061535
B000013186,경주예일고등학교,고등학교,운영,35.9933896,129.2108268
B000013187,효청보건고등학교,고등학교,운영,35.67205616,129.3408545
B000013188,무산고등학교,고등학교,운영,35.84478145,129.0961167
B000013190,김천여자고등학교,고등학교,운영,36.12743631,128.1216469
B000013191,성의고등학교,고등학교,운영,36.11395555,128.1389811
B000013192,한일여자고등학교,고등학교,운영,36.1377533,128.0958438
B000013193,성의여자고등학교,고등학교,운영,36.11961289,128.1133186
B000013194,안동여자고등학교,고등학교,운영,36.57303974,128.7256251
B000013195,경일고등학교,고등학교,운영,36.57496217,128.7392949
B000013196,경안고등학교,고등학교,운영,36.56850446,128.7204749
B000013197,예일메디텍고등학교,고등학교,운영,36.54739565,128.7208676
B000013198,안동중앙고등학교,고등학교,운영,36.56002748,128.708754
B000013199,성창여자고등학교,고등학교,운영,36.5787438,128.7126189
B000013200,경안여자고등학교,고등학교,운영,36.57650803,128.6833866
B000013201,길원여자고등학교,고등학교,운영,36.57936511,128.7351218
B000013202,성희여자고등학교,고등학교,운영,36.55153109,128.7291442
B000013203,풍산고등학교,고등학교,운영,36.58414665,128.5665358
B000013204,구미고등학교,고등학교,운영,36.13777736,128.3327162
B000013205,구미여자고등학교,고등학교,운영,36.14446461,128.3316915
B000013206,금오고등학교,고등학교,운영,36.10894994,128.3556319
B000013207,사곡고등학교,고등학교,운영,36.09685605,128.352797
B000013208,상모고등학교,고등학교,운영,36.08449575,128.351716
B000013209,선주고등학교,고등학교,운영,36.14176382,128.3122513
B000013210,형곡고등학교,고등학교,운영,36.10150009,128.3384215
B000013211,경구고등학교,고등학교,운영,36.14854107,128.307609
B000013212,구미제일고등학교,고등학교,운영,36.14245673,128.3459186
B000013213,선산고등학교,고등학교,운영,36.24820115,128.2950623
B000013215,현일고등학교,고등학교,운영,36.18720149,128.349288
B000013216,오상고등학교,고등학교,운영,36.12502535,128.4961942
B000013217,도개고등학교,고등학교,운영,36.30151219,128.3301698
B000013218,영주여자고등학교,고등학교,운영,36.83029873,128.6287893
B000013219,영광고등학교,고등학교,운영,36.84190407,128.6432161
B000013220,한국철도고등학교,고등학교,운영,36.82270182,128.6412982
B000013221,대영고등학교,고등학교,운영,36.80897596,128.6322184
B000013222,영광여자고등학교,고등학교,운영,36.83198724,128.6211922
B000013223,한국국제조리고등학교,고등학교,운영,36.81660939,128.6422124
B000013224,영천고등학교,고등학교,운영,35.97350714,128.944752
B000013225,영천여자고등학교,고등학교,운영,35.96231029,128.9201491
B000013226,영동고등학교,고등학교,운영,35.97778874,128.9465541
B000013227,선화여자고등학교,고등학교,운영,35.96797781,128.9226812
B000013228,영천성남여자고등학교,고등학교,운영,35.9492794,128.9317962
B000013229,포은고등학교,고등학교,운영,35.93987039,128.878280
B000013230,상주고등학교,고등학교,운영,36.40249516,128.1596458
B000013231,우석여자고등학교,고등학교,운영,36.42809793,128.1635092
B000013232,함창고등학교,고등학교,운영,36.56784154,128.1739661
B000013233,상지미래경영고등학교,고등학교,운영,36.5693225,128.1851504
B000013234,화령고등학교,고등학교,운영,36.44245211,127.9458942
B000013235,한국미래농업고등학교,고등학교,운영,36.3254066,127.9608589
B000013236,점촌고등학교,고등학교,운영,36.59628448,128.1820532
B000013237,문창고등학교,고등학교,운영,36.60352544,128.2003063
B000013238,문경여자고등학교,고등학교,운영,36.59406498,128.1944829
B000013239,가은고등학교,고등학교,운영,36.64547535,128.0711654
B000013240,문명고등학교,고등학교,운영,35.80503215,128.7451394
B000013241,경산여자고등학교,고등학교,운영,35.8177642,128.7299454
B000013243,하양여자고등학교,고등학교,운영,35.92967651,128.826076
B000013244,진량고등학교,고등학교,운영,35.87727334,128.8110155
B000013245,영남삼육고등학교,고등학교,운영,35.78747508,128.8286797
B000013246,군위고등학교,고등학교,운영,36.24547463,128.5697899
B000013248,의성여자고등학교,고등학교,운영,36.36119866,128.6969518
B000013249,의성고등학교,고등학교,운영,36.35335896,128.7002102
B000013250,금성고등학교,고등학교,운영,36.25441645,128.690147
B000013251,안계고등학교,고등학교,운영,36.38339339,128.4339089
B000013252,청송고등학교,고등학교,운영,36.43000334,129.0576987
B000013254,진보고등학교,고등학교,운영,36.53283897,129.0414201
B000013256,현서고등학교,고등학교,운영,36.28145041,128.8986233
B000013257,영양고등학교,고등학교,운영,36.66077434,129.1108216
B000013258,영양여자고등학교,고등학교,운영,36.66188808,129.1297626
B000013259,수비고등학교,고등학교,운영,36.76502287,129.2037522
B000013260,영덕고등학교,고등학교,운영,36.41488843,129.3679427
B000013261,영덕여자고등학교,고등학교,운영,36.41316714,129.3745519
B000013262,영해고등학교,고등학교,운영,36.54233749,129.4132252
B000013263,청도고등학교,고등학교,운영,35.64073632,128.7479311
B000013264,모계고등학교,고등학교,운영,35.6494626,128.7359915
B000013265,금천고등학교,고등학교,운영,35.68807595,128.8947261
B000013266,이서고등학교,고등학교,운영,35.66249467,128.6684614
B000013267,대가야고등학교,고등학교,운영,35.7441136,128.2714279
B000013268,성주고등학교,고등학교,운영,35.93803345,128.2746978
B000013269,성주여자고등학교,고등학교,운영,35.91621487,128.2820744
B000013271,순심고등학교,고등학교,운영,35.9864732,128.4032262
B000013272,순심여자고등학교,고등학교,운영,35.98647718,128.3958253
B000013273,약목고등학교,고등학교,운영,36.02715812,128.3720695
B000013274,경북기계명장고등학교,고등학교,운영,35.95847599,128.483912
B000013275,동명고등학교,고등학교,운영,35.98517727,128.549309
B000013276,예천여자고등학교,고등학교,운영,36.66512706,128.4604323
B000013277,대창고등학교,고등학교,운영,36.6600499,128.4552453
B000013281,봉화고등학교,고등학교,운영,36.89603742,128.7399693
B000013283,죽변고등학교,고등학교,운영,37.0652152,129.4213289
B000013284,후포고등학교,고등학교,운영,36.68031187,129.4459375
B000013285,마산용마고등학교,고등학교,운영,35.21228385,128.5821184
B000013286,창원중앙고등학교,고등학교,운영,35.23126093,128.6776682
B000013287,진해고등학교,고등학교,운영,35.16081162,128.6651789
B000013288,마산여자고등학교,고등학교,운영,35.19593834,128.5614097
B000013289,창원명지여자고등학교,고등학교,운영,35.2518467,128.6489261
B000013290,창원중앙여자고등학교,고등학교,운영,35.21429866,128.6924259
B000013291,창원여자고등학교,고등학교,운영,35.22788956,128.6612262
B000013292,진해여자고등학교,고등학교,운영,35.1563023,128.6575727
B000013293,마산구암고등학교,고등학교,운영,35.24705748,128.5968168
B000013294,마산가포고등학교,고등학교,운영,35.16749022,128.5711686
B000013295,합포고등학교,고등학교,운영,35.20941219,128.5643386
B000013296,창원명곡고등학교,고등학교,운영,35.25456647,128.6488225
B000013297,창원남산고등학교,고등학교,운영,35.20347689,128.7002997
B000013298,창원봉림고등학교,고등학교,운영,35.24835895,128.6764645
B000013299,창원신월고등학교,고등학교,운영,35.22636486,128.6937473
B000013300,창원용호고등학교,고등학교,운영,35.23322478,128.6767571
B000013301,창원토월고등학교,고등학교,운영,35.22574658,128.7036398
B000013302,창원대암고등학교,고등학교,운영,35.20753671,128.7114831
B000013303,창원사파고등학교,고등학교,운영,35.22158696,128.7045404
B000013304,진해용원고등학교,고등학교,운영,35.10145141,128.8190397
B000013305,창신고등학교,고등학교,운영,35.2259412,128.5975545
B000013306,마산중앙고등학교,고등학교,운영,35.19192849,128.5584266
B000013307,창원고등학교,고등학교,운영,35.25528577,128.6427051
B000013308,경상고등학교,고등학교,운영,35.26096745,128.6005154
B000013309,창원남고등학교,고등학교,운영,35.21397156,128.6797496
B000013310,창원경일고등학교,고등학교,운영,35.22658657,128.6612134
B000013311,진해중앙고등학교,고등학교,운영,35.16163171,128.6893971
B000013312,마산무학여자고등학교,고등학교,운영,35.22302589,128.5748764
B000013313,마산제일여자고등학교,고등학교,운영,35.18864312,128.5564144
B000013314,성지여자고등학교,고등학교,운영,35.19793925,128.5598321
B000013315,창원성민여자고등학교,고등학교,운영,35.25884432,128.6151137
B000013316,창원경일여자고등학교,고등학교,운영,35.22732278,128.662447
B000013317,창원문성고등학교,고등학교,운영,35.23490377,128.6617147
B000013318,마산내서여자고등학교,고등학교,운영,35.23729062,128.5028667
B000013319,마산제일고등학교,고등학교,운영,35.26178427,128.5054568
B000013320,마산삼진고등학교,고등학교,운영,35.11862898,128.4887806
B000013321,창원대산고등학교,고등학교,운영,35.33334459,128.7103474
B000013322,경상국립대학교사범대학부설고등학교,고등학교,운영,35.1589968,128.0965348
B000013323,명신고등학교,고등학교,운영,35.21571985,128.1143969
B000013324,진주여자고등학교,고등학교,운영,35.20114847,128.0767716
B000013325,진주중앙고등학교,고등학교,운영,35.19400986,128.1190142
B000013326,대아고등학교,고등학교,운영,35.18992819,128.0583889
B000013327,진주동명고등학교,고등학교,운영,35.20257652,128.1186979
B000013328,삼현여자고등학교,고등학교,운영,35.17740441,128.1120405
B000013329,경해여자고등학교,고등학교,운영,35.16517107,128.0417097
B000013330,진주제일여자고등학교,고등학교,운영,35.19065525,128.1143105
B000013332,진서고등학교,고등학교,운영,35.19813125,127.9275029
B000013333,진주외국어고등학교,고등학교,운영,35.16965618,128.281668
B000013334,통영고등학교,고등학교,운영,34.82954734,128.416198
B000013335,통영여자고등학교,고등학교,운영,34.84034605,128.4102637
B000013336,충무고등학교,고등학교,운영,34.85372483,128.4242294
B000013337,동원고등학교,고등학교,운영,34.87046484,128.4130674
B000013338,충렬여자고등학교,고등학교,운영,34.88688775,128.4650492
B000013339,삼천포중앙고등학교,고등학교,운영,34.93974186,128.0898621
B000013340,삼천포고등학교,고등학교,운영,34.94270825,128.0848239
B000013341,삼천포여자고등학교,고등학교,운영,34.9347486,128.0779665
B000013342,사천여자고등학교,고등학교,운영,35.08045251,128.0883888
B000013343,사천고등학교,고등학교,운영,35.08702707,128.0959837
B000013344,곤양고등학교,고등학교,운영,35.06357858,127.9613145
B000013345,용남고등학교,고등학교,운영,35.04419447,128.0643803
B000013346,김해임호고등학교,고등학교,운영,35.23826864,128.8527201
B000013347,김해분성고등학교,고등학교,운영,35.26547784,128.8745534
B000013348,김해여자고등학교,고등학교,운영,35.24055291,128.8810336
B000013349,김해분성여자고등학교,고등학교,운영,35.26662385,128.8738687
B000013350,김해가야고등학교,고등학교,운영,35.23622926,128.8710793
B000013351,김해삼방고등학교,고등학교,운영,35.25534178,128.9030254
B000013352,김해영운고등학교,고등학교,운영,35.25467462,128.9057183
B000013353,김해경원고등학교,고등학교,운영,35.23185637,128.8618172
B000013354,김해중앙여자고등학교,고등학교,운영,35.23260078,128.8886173
B000013355,진영고등학교,고등학교,운영,35.30476772,128.7300047
B000013356,김해대청고등학교,고등학교,운영,35.18792102,128.8005179
B000013357,김해삼문고등학교,고등학교,운영,35.19861147,128.7967846
B000013358,장유고등학교,고등학교,운영,35.20208744,128.8039204
B000013359,김해율하고등학교,고등학교,운영,35.17410353,128.8069805
B000013360,밀양고등학교,고등학교,운영,35.49378586,128.7467834
B000013361,밀양여자고등학교,고등학교,운영,35.49521193,128.7559345
B000013362,세종고등학교,고등학교,운영,35.47378054,128.7637125
B000013363,밀성고등학교,고등학교,운영,35.50154853,128.7509238
B000013364,밀양동명고등학교,고등학교,운영,35.37270065,128.7134587
B000013365,삼랑진고등학교,고등학교,운영,35.40106868,128.8428599
B000013366,거제중앙고등학교,고등학교,운영,34.89285581,128.6372352
B000013367,거제고등학교,고등학교,운영,34.86108759,128.6884261
B000013368,해성고등학교,고등학교,운영,34.87068087,128.7236928
B000013369,연초고등학교,고등학교,운영,34.91365209,128.6470793
B000013370,거제옥포고등학교,고등학교,운영,34.90540807,128.6859882
B000013371,양산남부고등학교,고등학교,운영,35.33258201,129.0247489
B000013372,서창고등학교,고등학교,운영,35.41400251,129.1741433
B000013373,웅상고등학교,고등학교,운영,35.37814867,129.1450388
B000013374,양산여자고등학교,고등학교,운영,35.34455592,129.0250861
B000013375,양산제일고등학교,고등학교,운영,35.34459992,129.023799
B000013376,효암고등학교,고등학교,운영,35.41239092,129.1699843
B000013377,범어고등학교,고등학교,운영,35.32971211,129.0184462
B000013378,물금고등학교,고등학교,운영,35.33561326,129.0163375
B000013379,보광고등학교,고등학교,운영,35.4918218,129.0873838
B000013380,의령고등학교,고등학교,운영,35.32282215,128.2654601
B000013381,의령여자고등학교,고등학교,운영,35.32416174,128.2453647
B000013382,함안고등학교,고등학교,운영,35.28213268,128.4033051
B000013383,명덕고등학교,고등학교,운영,35.27250669,128.4024888
B000013384,군북고등학교,고등학교,운영,35.25959757,128.3435335
B000013385,경남로봇고등학교,고등학교,운영,35.34795693,128.4392206
B000013386,칠원고등학교,고등학교,운영,35.31816613,128.5073574
B000013387,창녕고등학교,고등학교,운영,35.54412474,128.4823584
B000013388,창녕여자고등학교,고등학교,운영,35.54030458,128.5053412
B000013389,남지고등학교,고등학교,운영,35.38646985,128.472249
B000013390,영산고등학교,고등학교,운영,35.4596521,128.5281631
B000013391,창녕옥야고등학교,고등학교,운영,35.60057032,128.3801199
B000013392,창녕대성고등학교,고등학교,운영,35.60134951,128.4615163
B000013393,고성중앙고등학교,고등학교,운영,34.96643696,128.3200109
B000013395,고성고등학교,고등학교,운영,35.05568388,128.3625718
B000013396,남해제일고등학교,고등학교,운영,34.83926386,127.9024399
B000013397,남해고등학교,고등학교,운영,34.80280046,127.951543
B000013398,창선고등학교,고등학교,운영,34.85749552,128.0122318
B000013399,남해해성고등학교,고등학교,운영,34.77357644,127.8602782
B000013400,하동고등학교,고등학교,운영,35.06391527,127.7461685
B000013401,하동여자고등학교,고등학교,운영,35.06279872,127.7472305
B000013402,옥종고등학교,고등학교,운영,35.17816307,127.8845972
B000013403,진교고등학교,고등학교,운영,35.03579647,127.8977639
B000013404,금남고등학교,고등학교,운영,34.98602065,127.8398053
B000013405,산청고등학교,고등학교,운영,35.40996061,127.8713538
B000013408,덕산고등학교,고등학교,운영,35.27592431,127.8346458
B000013409,단성고등학교,고등학교,운영,35.30632289,127.9643023
B000013410,신등고등학교,고등학교,운영,35.38846187,128.0130664
B000013411,함양고등학교,고등학교,운영,35.51445963,127.7226856
B000013412,안의고등학교,고등학교,운영,35.63108414,127.8198627
B000013413,서상고등학교,고등학교,운영,35.67710456,127.6896788
B000013414,거창여자고등학교,고등학교,운영,35.69274942,127.9088876
B000013415,아림고등학교,고등학교,운영,35.6776769,127.9132196
B000013416,거창대성고등학교,고등학교,운영,35.69032647,127.9040224
B000013417,대성일고등학교,고등학교,운영,35.69108338,127.9003606
B000013418,거창중앙고등학교,고등학교,운영,35.69308263,127.9029092
B000013419,거창고등학교,고등학교,운영,35.69290331,127.9106934
B000013420,거창승강기고등학교,고등학교,운영,35.71373734,128.0157437
B000013421,합천고등학교,고등학교,운영,35.56336757,128.1678996
B000013422,합천여자고등학교,고등학교,운영,35.56353322,128.1545726
B000013423,초계고등학교,고등학교,운영,35.55830281,128.2709516
B000013424,야로고등학교,고등학교,운영,35.70324314,128.1697232
B000013425,삼가고등학교,고등학교,운영,35.41313677,128.1313774
B000013426,제주대학교사범대학부설고등학교,고등학교,운영,33.51378535,126.5102401
B000013427,제주제일고등학교,고등학교,운영,33.48002958,126.4807053
B000013428,제주중앙여자고등학교,고등학교,운영,33.49130755,126.539486
B000013429,오현고등학교,고등학교,운영,33.51780188,126.5564487
B000013430,대기고등학교,고등학교,운영,33.49250981,126.5932794
B000013431,제주여자고등학교,고등학교,운영,33.4833337,126.5397621
B000013432,신성여자고등학교,고등학교,운영,33.47698922,126.5640675
B000013433,제주중앙고등학교,고등학교,운영,33.47416984,126.5733732
B000013434,영주고등학교,고등학교,운영,33.45478672,126.5797642
B000013435,남녕고등학교,고등학교,운영,33.49005684,126.4819807
B000013436,애월고등학교,고등학교,운영,33.4602189,126.3333962
B000013437,한림고등학교,고등학교,운영,33.39775136,126.2583198
B000013438,세화고등학교,고등학교,운영,33.51619733,126.862739
B000013439,서귀포고등학교,고등학교,운영,33.25701725,126.563108
B000013440,남주고등학교,고등학교,운영,33.27652166,126.5649677
B000013441,삼성여자고등학교,고등학교,운영,33.25435707,126.5835744
B000013442,대정고등학교,고등학교,운영,33.23192559,126.2595004
B000013443,대정여자고등학교,고등학교,운영,33.22918877,126.2533142
B000013444,성산고등학교,고등학교,운영,33.47020324,126.9151667
B000013445,표선고등학교,고등학교,운영,33.33115727,126.826996
B000013446,동성고등학교,고등학교,운영,37.58496996,127.0030619
B000013447,중앙고등학교,고등학교,운영,37.58378822,126.9874726
B000013448,성동고등학교,고등학교,운영,37.56411643,127.0223892
B000013449,이화여자고등학교,고등학교,운영,37.56617664,126.9713244
B000013450,중경고등학교,고등학교,운영,37.5176804,126.9756383
B000013451,경일고등학교,고등학교,운영,37.54382982,127.0478683
B000013452,한양대학교사범대학부속고등학교,고등학교,운영,37.56191884,127.042324
B000013453,광양고등학교,고등학교,운영,37.52937892,127.0851823
B000013454,청량고등학교,고등학교,운영,37.588886,127.051311
B000013455,경희고등학교,고등학교,운영,37.59394914,127.054891
B000013456,대광고등학교,고등학교,운영,37.57795467,127.0253235
B000013457,면목고등학교,고등학교,운영,37.58466341,127.0972706
B000013458,원묵고등학교,고등학교,운영,37.61523231,127.0855078
B000013459,경동고등학교,고등학교,운영,37.58669797,127.0163213
B000013460,용문고등학교,고등학교,운영,37.58869033,127.0246608
B000013461,솔샘고등학교,고등학교,운영,37.62366717,127.0121354
B000013462,신일고등학교,고등학교,운영,37.62796722,127.0284031
B000013464,선덕고등학교,고등학교,운영,37.65634868,127.0268766
B000013465,수락고등학교,고등학교,운영,37.68293167,127.053571
B000013466,대성고등학교,고등학교,운영,37.62316122,126.9097907
B000013467,하나고등학교,고등학교,운영,37.64163759,126.9369302
B000013468,이화여자대학교사범대학부속이화금란고등학교,고등학교,운영,37.56638886,126.9473028
B000013469,서울여자고등학교,고등학교,운영,37.5477805,126.949070
B000013470,상암고등학교,고등학교,운영,37.58138322,126.8833945
B000013471,숭문고등학교,고등학교,운영,37.55087275,126.9457596
B000013472,양정고등학교,고등학교,운영,37.53539226,126.8877343
B000013473,한가람고등학교,고등학교,운영,37.53746204,126.8840075
B000013474,등촌고등학교,고등학교,운영,37.56294522,126.8450461
B000013475,구현고등학교,고등학교,운영,37.50220279,126.8744458
B000013476,고척고등학교,고등학교,운영,37.50804938,126.8498691
B000013477,우신고등학교,고등학교,운영,37.49490231,126.8263536
B000013478,금천고등학교,고등학교,운영,37.44480673,126.9049018
B000013479,대영고등학교,고등학교,운영,37.50366109,126.9058657
B000013480,장훈고등학교,고등학교,운영,37.51334559,126.9162285
B000013481,경문고등학교,고등학교,운영,37.49341886,126.9822734
B000013482,당곡고등학교,고등학교,운영,37.49176034,126.9342464
B000013483,미림여자고등학교,고등학교,운영,37.4661018,126.9319279
B000013484,세화고등학교,고등학교,운영,37.50199646,126.994230
B000013485,세화여자고등학교,고등학교,운영,37.50199646,126.994230
B000013486,휘문고등학교,고등학교,운영,37.50528945,127.0619939
B000013487,중동고등학교,고등학교,운영,37.49371459,127.0809122
B000013488,현대고등학교,고등학교,운영,37.5254805,127.0223773
B000013489,보인고등학교,고등학교,운영,37.4975692,127.1395178
B000013490,배재고등학교,고등학교,운영,37.55505939,127.1502473
B000013491,경남여자고등학교,고등학교,운영,35.13292384,129.0439489
B000013493,영도여자고등학교,고등학교,운영,35.07352806,129.0659942
B000013494,부산진고등학교,고등학교,운영,35.17978878,129.0552176
B000013495,개성고등학교,고등학교,운영,35.1676735,129.0299526
B000013496,금정고등학교,고등학교,운영,35.20771342,129.1070798
B000013497,부산중앙고등학교,고등학교,운영,35.139866,129.0786353
B000013498,낙동고등학교,고등학교,운영,35.21706432,129.0096023
B000013499,해운대고등학교,고등학교,운영,35.1714876,129.1624738
B000013500,부산여자고등학교,고등학교,운영,35.11150068,128.9674864
B000013501,동래여자고등학교,고등학교,운영,35.24704234,129.0981972
B000013502,연제고등학교,고등학교,운영,35.17761715,129.0918363
B000013503,사상고등학교,고등학교,운영,35.16888033,128.9855372
B000013504,주례여자고등학교,고등학교,운영,35.14536511,129.0135597
B000013505,경북여자고등학교,고등학교,운영,35.85842716,128.5922004
B000013506,계성고등학교,고등학교,운영,35.87117298,128.5283449
B000013507,강동고등학교,고등학교,운영,35.86598296,128.7296127
B000013508,달성고등학교,고등학교,운영,35.85893186,128.5553428
B000013509,대구서부고등학교,고등학교,운영,35.87365309,128.5602007
B000013510,대구고등학교,고등학교,운영,35.84910923,128.5887953
B000013511,경일여자고등학교,고등학교,운영,35.83640873,128.5968171
B000013512,칠성고등학교,고등학교,운영,35.88060728,128.5912615
B000013513,구암고등학교,고등학교,운영,35.92623822,128.553221
B000013514,학남고등학교,고등학교,운영,35.94627087,128.5691977
B000013515,수성고등학교,고등학교,운영,35.82127653,128.625466
B000013516,경신고등학교,고등학교,운영,35.85548176,128.6375875
B000013517,상인고등학교,고등학교,운영,35.81045198,128.5512978
B000013518,대진고등학교,고등학교,운영,35.80569844,128.5183763
B000013519,호산고등학교,고등학교,운영,35.8490573,128.4818071
B000013520,대건고등학교,고등학교,운영,35.83395193,128.5281133
B000013521,인천공항고등학교,고등학교,운영,37.49763102,126.485927
B000013522,인천하늘고등학교,고등학교,운영,37.49546571,126.5070803
B000013523,동인천고등학교,고등학교,운영,37.46583064,126.7352326
B000013524,인천예일고등학교,고등학교,운영,37.55422032,126.7418712
B000013525,인천신현고등학교,고등학교,운영,37.52034052,126.6678412
B000013526,광주고등학교,고등학교,운영,35.15944246,126.9210072
B000013527,상일여자고등학교,고등학교,운영,35.15878307,126.8644416
B000013528,송원고등학교,고등학교,운영,35.10818451,126.8732664
B000013529,광주제일고등학교,고등학교,운영,35.15234606,126.9070477
B000013530,보문고등학교,고등학교,운영,35.15386307,126.7768705
B000013531,숭덕고등학교,고등학교,운영,35.21450644,126.8393251
B000013532,대전여자고등학교,고등학교,운영,36.33001268,127.4463707
B000013533,대전동신과학고등학교,고등학교,운영,36.33285837,127.4743002
B000013534,대전고등학교,고등학교,운영,36.32243054,127.423386
B000013535,대전대성고등학교,고등학교,운영,36.331971,127.4070779
B000013536,충남고등학교,고등학교,운영,36.34997951,127.3942722
B000013537,서대전여자고등학교,고등학교,운영,36.32773715,127.369556
B000013538,대전노은고등학교,고등학교,운영,36.36939669,127.3232157
B000013539,대전송촌고등학교,고등학교,운영,36.36346301,127.4459274
B000013540,성신고등학교,고등학교,운영,35.56270656,129.3278415
B000013541,문현고등학교,고등학교,운영,35.48239565,129.4091804
B000013542,현대청운고등학교,고등학교,운영,35.53655854,129.4280974
B000013543,고색고등학교,고등학교,운영,37.25383535,126.9823466
B000013544,안산동산고등학교,고등학교,운영,37.28686736,126.8585591
B000013545,용인한국외국어대학교부설고등학교,고등학교,운영,37.33045822,127.2567039
B000013546,의왕고등학교,고등학교,운영,37.32252849,126.9585076
B000013547,함현고등학교,고등학교,운영,37.36619361,126.7384563
B000013548,세마고등학교,고등학교,운영,37.18054088,127.040997
B000013549,충현고등학교,고등학교,운영,37.43295996,126.8845281
B000013550,저현고등학교,고등학교,운영,37.67779541,126.8159566
B000013551,와부고등학교,고등학교,운영,37.59481963,127.2231017
B000013552,청학고등학교,고등학교,운영,37.71183929,127.1195678
B000013553,양주고등학교,고등학교,운영,37.7949038,127.1074447
B000013554,민족사관고등학교,고등학교,운영,37.45819179,128.1457657
B000013555,청주고등학교,고등학교,운영,36.63602351,127.4552331
B000013556,충주예성여자고등학교,고등학교,운영,36.95460514,127.9306001
B000013557,청원고등학교,고등학교,운영,36.71412973,127.4150059
B000013558,천안업성고등학교,고등학교,운영,36.86166638,127.1379306
B000013559,북일고등학교,고등학교,운영,36.83200106,127.1585854
B000013560,대산고등학교,고등학교,운영,36.93639053,126.4383891
B000013564,상산고등학교,고등학교,운영,35.80508487,127.1197274
B000013565,군산고등학교,고등학교,운영,35.97394441,126.7195894
B000013566,군산중앙고등학교,고등학교,운영,36.00197655,126.7849803
B000013567,남성고등학교,고등학교,운영,35.95635944,126.9659967
B000013568,정읍고등학교,고등학교,운영,35.55532014,126.8654309
B000013569,목포고등학교,고등학교,운영,34.80861333,126.3918035
B000013570,여수고등학교,고등학교,운영,34.74635818,127.7453949
B000013571,순천고등학교,고등학교,운영,34.94628861,127.4871706
B000013572,나주고등학교,고등학교,운영,35.03080035,126.7108432
B000013573,광양제철고등학교,고등학교,운영,34.94658903,127.7271323
B000013574,남악고등학교,고등학교,운영,34.81042932,126.4685602
B000013575,포항제철고등학교,고등학교,운영,36.02845443,129.3281483
B000013576,김천고등학교,고등학교,운영,36.12343109,128.0939955
B000013577,안동고등학교,고등학교,운영,36.54382299,128.7600811
B000013578,인동고등학교,고등학교,운영,36.08996164,128.4322095
B000013579,영주제일고등학교,고등학교,운영,36.83292511,128.6091427
B000013580,상주여자고등학교,고등학교,운영,36.42050629,128.1787791
B000013581,경산고등학교,고등학교,운영,35.82428626,128.7484647
B000013582,북삼고등학교,고등학교,운영,36.07169715,128.3347281
B000013583,울진고등학교,고등학교,운영,36.99735629,129.4058736
B000013584,마산고등학교,고등학교,운영,35.20055288,128.5616541
B000013585,웅천고등학교,고등학교,운영,35.1124855,128.7497026
B000013586,진주고등학교,고등학교,운영,35.20009654,128.0802351
B000013588,김해고등학교,고등학교,운영,35.23139335,128.8960809
B000013589,김해제일고등학교,고등학교,운영,35.23962708,128.8538737
B000013590,거제제일고등학교,고등학교,운영,34.85197194,128.5867996
B000013591,양산고등학교,고등학교,운영,35.34866256,129.0445079
B000013592,서귀포여자고등학교,고등학교,운영,33.24349575,126.5307976
B000022448,동성고등공민학교,중학교,운영,37.51239143,127.1723389
B000022449,진북고등공민학교,중학교,운영,35.83181614,127.1310811
B000022490,충주중앙초등학교,초등학교,운영,36.98420403,127.9303592
B000022491,충주남산초등학교,초등학교,운영,36.96126707,127.9368349
B000022492,거제양정초등학교,초등학교,운영,34.87173985,128.6512308
B000022493,거제상동초등학교,초등학교,운영,34.86188618,128.6339045
B000022494,내곡초등학교,초등학교,운영,34.87081922,128.6785655
B000022498,충주용산초등학교,초등학교,운영,36.96227839,127.9445948
B000022499,충주대림초등학교,초등학교,운영,36.96913058,127.9180439
B000022500,충주삼원초등학교,초등학교,운영,36.97600427,127.9243149
B000022501,충주성남초등학교,초등학교,운영,36.96628376,127.9415148
B000022517,원주여자고등학교,고등학교,운영,37.33681027,127.9770553
B000022519,봉대초등학교,초등학교,운영,37.33400059,127.9880546
B000022527,사북초등학교,초등학교,운영,37.22856387,128.8342377
B000022531,흥도초등학교,초등학교,운영,37.62748273,126.8718082
B000022533,도래울고등학교,고등학교,운영,37.62858197,126.8705724
B000022534,도래울초등학교,초등학교,운영,37.63173858,126.8705791
B000022535,도래울중학교,중학교,운영,37.63190171,126.8686434
B000022536,고양동산고등학교,고등학교,운영,37.64465312,126.8876033
B000022539,고양동산초등학교,초등학교,운영,37.64638623,126.8865118
B000022540,고양중학교,중학교,운영,37.64960904,126.8845811
B000022543,신원중학교,중학교,운영,37.66750838,126.8877768
B000022547,고양오금초등학교,초등학교,운영,37.66269202,126.8952556
B000022551,원흥중학교,중학교,운영,37.64932815,126.8683708
B000022556,지축중학교,중학교,운영,37.65336369,126.9177423
B000022565,원흥초등학교,초등학교,운영,37.65103799,126.8687604
B000022566,삼송초등학교,초등학교,운영,37.6541995,126.8823957
B000022571,군포중앙고등학교,고등학교,운영,37.32397274,126.9372177
B000022573,군포신기초등학교,초등학교,운영,37.33864487,126.9327812
B000022583,안산대월초등학교,초등학교,운영,37.33582996,126.7873808
B000022584,신길고등학교,고등학교,운영,37.33443136,126.787526
B000022586,상록고등학교,고등학교,운영,37.29889406,126.8746848
B000022587,부곡고등학교,고등학교,운영,37.33158001,126.8574668
B000022600,내동초등학교,초등학교,운영,37.3895944,126.9797574
B000022601,모락고등학교,고등학교,운영,37.36997131,126.9670058
B000022607,운정초등학교,초등학교,운영,37.70790306,126.753863
B000022612,거제상문고등학교,고등학교,운영,34.86339304,128.6467154
B000022613,거제장평중학교,중학교,운영,34.88608569,128.6064665
B000022619,석산초등학교,초등학교,운영,35.32151022,129.0268326
B000022623,제석초등학교,초등학교,운영,34.87573861,128.4165397
B000022630,대구교육대학교안동부설초등학교,초등학교,운영,36.56982333,128.728641
B000022632,청송중학교부동분교장,중학교,운영,36.35805935,129.1574339
B000022633,청송여자고등학교,고등학교,운영,36.43586526,129.0587362
B000022642,광주송정초등학교,초등학교,운영,37.42282314,127.2550722
B000022643,경화여자English Business고등학교,고등학교,운영,37.41824307,127.2639914
B000022645,역동초등학교,초등학교,운영,37.39835953,127.2473611
B000022648,고산하늘초등학교,초등학교,운영,37.37404599,127.2293656
B000022649,고산별빛초등학교,초등학교,운영,37.37183381,127.2228583
B000022650,신현중학교,중학교,운영,37.35779656,127.1510943
B000022652,태전고등학교,고등학교,운영,37.3859976,127.2327654
B000022653,한아람초등학교,초등학교,운영,37.38013538,127.2300546
B000022654,태성초등학교,초등학교,운영,37.38496543,127.2288622
B000022657,송안초등학교,초등학교,운영,37.31798939,126.9211924
B000022675,광주교육대학교목포부설초등학교,초등학교,운영,34.80759207,126.4042897
B000022699,정관중학교,중학교,운영,35.32390251,129.1729489
B000022700,정관고등학교,고등학교,운영,35.3220883,129.170237
B000022704,정원초등학교,초등학교,운영,35.33196766,129.1672729
B000022707,방곡초등학교,초등학교,운영,35.32292968,129.1867088
B000022709,가동초등학교,초등학교,운영,35.32689908,129.1785529
B000022720,온샘초등학교,초등학교,운영,35.20949877,129.0686661
B000022742,달산초등학교,초등학교,운영,35.31928499,129.186736
B000022744,모전중학교,중학교,운영,35.33811873,129.1621538
B000022754,서울세명초등학교,초등학교,운영,37.4688571,127.0910759
B000022762,서울공진초등학교,초등학교,운영,37.55780477,126.8226104
B000022763,서울공항초등학교,초등학교,운영,37.56302167,126.8216459
B000022765,경복비즈니스고등학교,고등학교,운영,37.55802536,126.8526703
B000022766,마곡중학교,중학교,운영,37.56790712,126.8214009
B000022771,천왕중학교,중학교,운영,37.48265442,126.8373336
B000022774,서울상현초등학교,초등학교,운영,37.49487439,126.9526884
B000022777,가재울고등학교,고등학교,운영,37.57444587,126.9094148
B000022778,가재울중학교,중학교,운영,37.57517186,126.9099537
B000022787,영동중학교,중학교,운영,37.46598629,127.0251408
B000022793,금호고등학교,고등학교,운영,37.5536215,127.0234338
B000022796,도선고등학교,고등학교,운영,37.56684395,127.0269957
B000022815,환일고등학교,고등학교,운영,37.55360652,126.9628021
B000022818,약사고등학교,고등학교,운영,35.57354536,129.3359984
B000022819,내손고등학교,고등학교,운영,37.38499321,126.9781249
B000022827,인천대중예술고등학교,고등학교,운영,37.47099649,126.6548626
B000022832,인천한빛초등학교,초등학교,운영,37.42419512,126.7441353
B000022834,인천청람초등학교,초등학교,운영,37.53869636,126.6453133
B000022835,인천해원고등학교,고등학교,운영,37.52816764,126.6275858
B000022837,인천체육고등학교,고등학교,운영,37.54592504,126.6094512
B000022839,인천청일초등학교,초등학교,운영,37.52925923,126.6373634
B000022846,백령고등학교,고등학교,운영,37.96441431,124.6760478
B000022847,청람중학교,중학교,운영,34.6492052,126.8203216
B000022849,녹동초등학교소록도분교장,초등학교,운영,34.51639284,127.1318765
B000022860,매성고등학교,고등학교,운영,35.02860687,126.7917708
B000022861,매성중학교,중학교,운영,35.02863389,126.7917708
B000022875,목포청호중학교,중학교,운영,34.81736572,126.3899932
B000022876,목포백련초등학교,초등학교,운영,34.81844829,126.3898659
B000022879,목포부주초등학교,초등학교,운영,34.80875304,126.4569739
B000022885,보성복내중학교,중학교,운영,34.89875852,127.140216
B000022891,봉동초등학교양화분교장,초등학교,운영,35.94573358,127.2053948
B000022898,번암초등학교동화분교장,초등학교,운영,35.56820249,127.5570913
B000022899,마사고등학교실습지,고등학교,운영,35.70108474,127.5112784
B000022912,초월고등학교,고등학교,운영,37.38768343,127.2898183
B000022914,춘천여자고등학교,고등학교,운영,37.88848989,127.7635403
B000022917,춘천한샘고등학교,고등학교,운영,37.92643653,127.7514341
B000022922,계룡고등학교,고등학교,운영,36.26810412,127.258139
B000022923,두마초등학교,초등학교,운영,36.2696785,127.2695559
B000022924,계룡중학교,중학교,운영,36.26755868,127.2551156
B000022925,용남고등학교,고등학교,운영,36.29430921,127.2447646
B000022926,용남초등학교,초등학교,운영,36.29915948,127.2444573
B000022928,용남중학교,중학교,운영,36.30064433,127.2441239
B000022931,엄사중학교,중학교,운영,36.28815009,127.2299894
B000022932,신도초등학교,초등학교,운영,36.28215807,127.2362853
B000022933,엄사초등학교,초등학교,운영,36.28670185,127.2373852
B000022935,금암초등학교,초등학교,운영,36.27086541,127.2458223
B000022936,가야곡중학교,중학교,운영,36.14401067,127.1683998
B000022937,가야곡초등학교,초등학교,운영,36.14401067,127.1683998
B000022938,강경여자중학교,중학교,운영,36.16054218,127.0212997
B000022939,강경고등학교,고등학교,운영,36.1596285,127.0198871
B000022940,강경상업고등학교,고등학교,운영,36.16142445,127.023298
B000022941,강경중학교,중학교,운영,36.1484243,127.0083211
B000022942,강경황산초등학교,초등학교,운영,36.15776647,127.0127505
B000022943,강경산양초등학교,초등학교,운영,36.14707753,127.0214206
B000022944,강경중앙초등학교,초등학교,운영,36.15978291,127.0191412
B000022946,논산동성초등학교,초등학교,운영,36.20350225,127.0924082
B000022947,기민중학교,중학교,운영,36.19634099,127.1085413
B000022948,광석중학교,중학교,운영,36.23858258,127.0813186
B000022949,광석초등학교,초등학교,운영,36.24358508,127.0805771
B000022950,왕전초등학교,초등학교,운영,36.23980395,127.1084997
B000022953,노성초등학교,초등학교,운영,36.27794807,127.1209918
B000022954,노성중학교,중학교,운영,36.27748391,127.1338082
B000022955,논산대건고등학교,고등학교,운영,36.18480394,127.0784383
B000022956,논산대건중학교,중학교,운영,36.18480394,127.0784383
B000022957,논산중앙초등학교,초등학교,운영,36.19098204,127.0916705
B000022960,벌곡초등학교,초등학교,운영,36.20813241,127.2661165
B000022961,감곡초등학교,초등학교,운영,36.21028799,127.160577
B000022962,부적초등학교,초등학교,운영,36.2120138,127.1365395
B000022965,상월초등학교,초등학교,운영,36.29382786,127.139977
B000022966,성동초등학교,초등학교,운영,36.19961753,127.0334077
B000022967,원봉초등학교,초등학교,운영,36.21176979,127.0601794
B000022968,도산초등학교,초등학교,운영,36.16170232,127.3156484
B000022969,논산공업고등학교,고등학교,운영,36.19821471,127.0876105
B000022970,논산고등학교,고등학교,운영,36.18162006,127.0980207
B000022971,논산여자상업고등학교,고등학교,운영,36.18482148,127.095938
B000022972,논산부창초등학교,초등학교,운영,36.20007522,127.0848934
B000022973,논산중학교,중학교,운영,36.19832511,127.0859957
B000022974,쌘뽈여자고등학교,고등학교,운영,36.20047383,127.0854946
B000022975,쌘뽈여자중학교,중학교,운영,36.20041527,127.0854466
B000022976,양촌초등학교,초등학교,운영,36.13848714,127.2334095
B000022977,반곡초등학교,초등학교,운영,36.18283686,127.2055143
B000022979,건양대학교병설건양고등학교,고등학교,운영,36.14155764,127.2343403
B000022980,건양대학교병설건양중학교,중학교,운영,36.14155764,127.2343403
B000022981,구자곡초등학교,초등학교,운영,36.12210382,127.1172147
B000022982,연무고등학교,고등학교,운영,36.13536466,127.1046328
B000022983,연무여자중학교,중학교,운영,36.13536466,127.1046328
B000022984,연무초등학교,초등학교,운영,36.1173059,127.0968694
B000022986,연무중학교,중학교,운영,36.1312664,127.0937495
B000022987,연무중앙초등학교,초등학교,운영,36.13082665,127.1029925
B000022988,연무마이스터고등학교,고등학교,운영,36.12582063,127.1068829
B000022990,청동초등학교,초등학교,운영,36.21213492,127.1972225
B000022991,백석초등학교,초등학교,운영,36.2473222,127.1795713
B000022992,연산초등학교,초등학교,운영,36.21704789,127.2181056
B000022993,연산중학교,중학교,운영,36.21373406,127.2074785
B000022994,은진초등학교,초등학교,운영,36.16833554,127.1066773
B000022995,성덕초등학교,초등학교,운영,36.17664313,127.1293598
B000022997,논산내동초등학교,초등학교,운영,36.18600923,127.1040798
B000022998,논산여자중학교,중학교,운영,36.1951859,127.0916519
B000022999,채운초등학교,초등학교,운영,36.16989595,127.0682095
B000023000,이화초등학교,초등학교,운영,36.15098525,127.0719047
B000023001,충남체육고등학교,고등학교,운영,36.19256093,127.1040311
B000023002,논산여자고등학교,고등학교,운영,36.19559346,127.092422
B000023028,환서중학교,중학교,운영,36.82864316,127.1241785
B000023037,괴산오성중학교,중학교,운영,36.84234624,127.8681398
B000023040,동성고등학교,고등학교,운영,36.91468315,127.5459919
B000023042,동성중학교,중학교,운영,36.91228989,127.5428781
B000023043,동성초등학교,초등학교,운영,36.9130216,127.5441132
B000023047,청원초등학교,초등학교,운영,36.7096008,127.430556
B000023053,충주교현초등학교,초등학교,운영,36.9741152,127.9374972
B000023057,충주중앙중학교,중학교,운영,36.98217528,127.9311786
B000023058,충주미덕중학교,중학교,운영,36.94672186,127.937922
B000023060,충주예성초등학교,초등학교,운영,36.97927557,127.9328708
B000023061,감일중학교,중학교,운영,37.50118776,127.1623407
B000023062,감일초등학교,초등학교,운영,37.50023416,127.1620609
B000023063,단샘초등학교,초등학교,운영,37.50704058,127.1587193
B000023064,감일고등학교,고등학교,운영,37.50941102,127.1600938
B000023065,감일백제중학교,중학교,운영,37.50986274,127.1509199
B000023066,신우초등학교,초등학교,운영,37.5108164,127.1611646
B000023067,미사중학교,중학교,운영,37.55852287,127.1996957
B000023069,미사고등학교,고등학교,운영,37.57050336,127.1933009
B000023070,미사초등학교,초등학교,운영,37.571288,127.1928073
B000023072,미사중앙초등학교,초등학교,운영,37.5592925,127.1988697
B000023073,망월초등학교,초등학교,운영,37.57083433,127.1806492
B000023076,윤슬초등학교,초등학교,운영,37.56367073,127.1825138
B000023077,윤슬중학교,중학교,운영,37.56342548,127.1815823
B000023079,미사강변초등학교,초등학교,운영,37.57582425,127.1860041
B000023080,미사강변중학교,중학교,운영,37.57788767,127.1856213
B000023081,미사강변고등학교,고등학교,운영,37.5777571,127.1837309
B000023082,은가람중학교,중학교,운영,37.57599104,127.1770332
B000023083,한홀초등학교,초등학교,운영,37.55637026,127.1853152
B000023084,청아초등학교,초등학교,운영,37.55870172,127.1941911
B000023086,위례고등학교,고등학교,운영,37.47687541,127.1508832
B000023087,위례초등학교,초등학교,운영,37.47713024,127.1494139
B000023088,위례중학교,중학교,운영,37.47721139,127.1483118
B000023089,위례숲초등학교,초등학교,운영,37.48537694,127.1583387
B000023096,배방고등학교,고등학교,운영,36.76914725,127.0664537
B000023098,사동고등학교,고등학교,운영,35.80901399,128.7514077
B000023101,비전고등학교,고등학교,운영,37.0009278,127.1057671
B000023102,덕산고등학교,고등학교,운영,36.66632026,126.682976
B000023104,율곡고등학교,고등학교,운영,36.123512,128.1918031
B000023105,김천중앙고등학교,고등학교,운영,36.12348636,128.1744379
B000023106,김포제일고등학교,고등학교,운영,37.65315497,126.6777312
B000023107,충남삼성고등학교,고등학교,운영,36.80653054,127.0572398
B000023109,청북고등학교,고등학교,운영,37.02256084,126.9198247
B000023114,지산고등학교,고등학교,운영,37.73542762,126.749871
B000023115,동패고등학교,고등학교,운영,37.71123986,126.7344265
B000023119,역곡고등학교,고등학교,운영,37.49172578,126.8096089
B000023121,옥길새길중학교,중학교,운영,37.4676236,126.8186476
B000023122,심인고등학교,고등학교,운영,35.85311035,128.465259
B000023123,비슬고등학교,고등학교,운영,35.69550494,128.4545987
B000023134,경북대학교사범대학부설고등학교,고등학교,운영,35.8625154,128.6006135
B000023136,고운고등학교,고등학교,운영,36.51022904,127.2330779
B000023137,세종국제고등학교,고등학교,운영,36.52175116,127.2468867
B000023138,세종과학예술영재학교,고등학교,운영,36.52289844,127.2491308
B000023139,아름고등학교,고등학교,운영,36.51303923,127.2452501
B000023140,종촌고등학교,고등학교,운영,36.50463068,127.2458378
B000023141,도담고등학교,고등학교,운영,36.51420716,127.2634446
B000023142,다정고등학교,고등학교,운영,36.49334119,127.2421135
B000023143,새롬고등학교,고등학교,운영,36.4863377,127.2490337
B000023144,보람고등학교,고등학교,운영,36.47744952,127.2842037
B000023145,소담고등학교,고등학교,운영,36.48211952,127.3029393
B000023146,반곡고등학교,고등학교,운영,36.4965666,127.316872
B000023154,해밀고등학교,고등학교,운영,36.52623718,127.270897
B000023155,세종예술고등학교,고등학교,운영,36.49034261,127.2692595
B000023156,창원북면고등학교,고등학교,운영,35.29968223,128.5967814
B000023157,양산인공지능고등학교,고등학교,운영,35.3102386,129.0253166
B000023164,금오중학교,중학교,운영,35.32204222,129.027763
B000023177,구산고등학교,고등학교,운영,35.25044359,128.8756694
B000023181,김해수남고등학교,고등학교,운영,35.16822931,128.8167315
B000023187,증산고등학교,고등학교,운영,35.31163245,128.9993369
B000023195,광휘고등학교,고등학교,운영,37.4290157,126.8818263
B000023196,곡정고등학교,고등학교,운영,37.24384332,127.0201503
B000023197,수원칠보고등학교,고등학교,운영,37.27513582,126.944923
B000023202,대전도안고등학교,고등학교,운영,36.33692213,127.3373195
B000023212,대구가톨릭대학교사범대학부속무학고등학교,고등학교,운영,35.92002869,128.8159912
B000023213,송양고등학교,고등학교,운영,37.75310988,127.1065649
B000023219,세종미래고등학교,고등학교,운영,36.52678816,127.3818926
B000023220,분당경영고등학교,고등학교,운영,37.35502581,127.1096108
B000023226,석적고등학교,고등학교,운영,36.08165963,128.4184575
B000023227,분당아람고등학교,고등학교,운영,37.41377813,127.1386738
B000023229,솔터고등학교,고등학교,운영,37.64179455,126.6362439
B000023230,라온고등학교,고등학교,운영,37.06940562,127.0669522
B000023232,울산스포츠과학고등학교,고등학교,운영,35.62375059,129.4313014
B000023234,배곧라온초등학교,초등학교,운영,37.37227235,126.7350516
B000023236,신일비즈니스고등학교,고등학교,운영,37.68305784,126.7621788
B000023239,김포호수고등학교,고등학교,운영,37.64942431,126.6321257
B000023241,세종고등학교,고등학교,운영,37.29549345,127.6462791
B000023247,운양고등학교,고등학교,운영,37.64514407,126.6896798
B000023248,운유고등학교,고등학교,운영,37.64595367,126.6616575
B000023253,위례한빛고등학교,고등학교,운영,37.46721061,127.1500063
B000023257,이의고등학교,고등학교,운영,37.29235868,127.0711898
B000023258,인천전자마이스터고등학교,고등학교,운영,37.47099649,126.6548626
B000023259,계성고등학교,고등학교,운영,37.6074936,127.0201836
B000023263,세종고등학교,고등학교,운영,36.6113263,127.298987
B000023265,서전고등학교,고등학교,운영,36.89948149,127.5259529
B000023266,경기관광고등학교,고등학교,운영,37.37542536,127.5893974
B000023267,천상고등학교,고등학교,운영,35.56562789,129.2221121
B000023269,충북체육고등학교,고등학교,운영,36.76308637,127.4347297
B000023270,철성고등학교,고등학교,운영,34.98406642,128.3201646
B000023275,순천팔마고등학교,고등학교,운영,34.9747943,127.4979343
B000023276,경기물류고등학교,고등학교,운영,36.9869058,126.9296362
B000023278,진양고등학교,고등학교,운영,35.1757894,128.1525045
B000023279,대곡중학교,중학교,운영,35.17067837,128.1363065
B000023286,화순이양고등학교,고등학교,운영,34.88670179,126.9920316
B000023736,섬강중학교,중학교,운영,37.37687867,127.8807396
B000023743,가수중학교,중학교,운영,37.14522236,127.0536825
B000023744,마루초등학교,초등학교,운영,37.13742847,127.0460022
B000023745,가내초등학교,초등학교,운영,37.00669873,127.1143615
B000023746,평택이화초등학교,초등학교,운영,37.00356166,127.1082237
B000023748,덕산중학교,중학교,운영,36.66586128,126.6819128
B000023749,서산서남초등학교,초등학교,운영,36.77034719,126.4449211
B000023750,용이중학교,중학교,운영,36.99799756,127.1350883
B000023751,율곡중학교,중학교,운영,36.12191192,128.1859834
B000023752,운남중학교,중학교,운영,36.12200032,128.1791173
B000023758,버들중학교,중학교,운영,37.33091186,127.989128
B000023760,산내중학교,중학교,운영,37.72307111,126.7408401
B000023761,산들중학교,중학교,운영,37.7308405,126.7321615
B000023762,운정중학교,중학교,운영,37.707956,126.7556316
B000023764,해마루중학교,중학교,운영,36.13959681,128.4328884
B000023765,범박중학교,중학교,운영,37.46901052,126.814668
B000023766,경서중학교,중학교,운영,35.78280765,128.4451379
B000023768,서동중학교,중학교,운영,35.86763317,128.4968732
B000023769,대구팔공중학교,중학교,운영,35.9471327,128.6252872
B000023770,옥길중학교,중학교,운영,37.4638274,126.8269434
B000023773,수원다산중학교,중학교,운영,37.2839613,127.0512367
B000023774,심인중학교,중학교,운영,35.85310337,128.4667003
B000023776,유가중학교,중학교,운영,35.69112229,128.4676564
B000023777,조암중학교,중학교,운영,35.8232027,128.5240795
B000023778,능실중학교,중학교,운영,37.26094165,126.9562586
B000023783,사수중학교,중학교,운영,35.89976958,128.5158207
B000023785,평택중학교,중학교,운영,36.99529134,127.1258496
B000023787,감계중학교,중학교,운영,35.30023915,128.5873017
B000023791,경북대학교사범대학부설중학교,중학교,운영,35.8625154,128.6006135
B000023793,과천갈현초등학교,초등학교,운영,37.4118713,126.987648
B000023799,광양용강중학교,중학교,운영,34.97528047,127.6108295
B000023803,의정부송산초등학교,초등학교,운영,37.74655622,127.1008814
B000023805,진해냉천중학교,중학교,운영,35.15614925,128.7197791
B000023806,노형중학교,중학교,운영,33.47966933,126.4758285
B000023807,대원중학교,중학교,운영,37.44763955,127.1725632
B000023808,대전새미래중학교,중학교,운영,36.37926605,127.3051004
B000023814,나래중학교,중학교,운영,37.63888658,126.6258995
B000023816,산현중학교,중학교,운영,37.37505981,126.8462127
B000023820,창북중학교,중학교,운영,35.31697458,128.5807219
B000023821,대구가톨릭대학교사범대학부속무학중학교,중학교,운영,35.92002869,128.8159912
B000023826,울산중학교,중학교,운영,35.5657499,129.3235692
B000023827,부강중학교,중학교,운영,36.52631715,127.3648142
B000023828,부산체육중학교,중학교,운영,35.07205496,129.064034
B000023830,강동고등학교,고등학교,운영,35.63246982,129.4351503
B000023838,대전원신흥중학교,중학교,운영,36.33301958,127.3453452
B000023845,울산스포츠과학중학교,중학교,운영,35.62375059,129.4313014
B000023846,오룡중학교,중학교,운영,34.80782842,126.4752255
B000023847,배곧중학교,중학교,운영,37.37485445,126.7308421
B000023848,배곧해솔초등학교,초등학교,운영,37.36028995,126.7181156
B000023849,진해신항중학교,중학교,운영,35.08819661,128.810678
B000023850,양덕중학교,중학교,운영,36.08420566,129.4071746
B000023856,금빛초등학교,초등학교,운영,35.15508694,128.1148955
B000023859,연현중학교,중학교,운영,37.42938399,126.899507
B000023863,오션중학교,중학교,운영,35.08044246,128.9095993
B000023864,신호중학교,중학교,운영,35.08241426,128.8770924
B000023866,지사중학교,중학교,운영,35.15217997,128.8351469
B000023868,솔강중학교,중학교,운영,36.61783455,127.3095735
B000023874,운양중학교,중학교,운영,37.64497586,126.6764461
B000023875,웅천중학교,중학교,운영,35.10245311,128.7546083
B000023876,위례중앙중학교,중학교,운영,37.47188409,127.1382118
B000023877,위례한빛중학교,중학교,운영,37.46797483,127.1486362
B000023878,주성중학교,중학교,운영,36.66950234,127.4983628
B000023881,은여울중학교,중학교,운영,37.63794171,126.6390605
B000023884,이천사동중학교,중학교,운영,37.24806811,127.496564
B000023887,장기중학교,중학교,운영,36.4938836,127.2017261
B000023890,시흥가온중학교,중학교,운영,37.3734214,126.7954268
B000023894,두루중학교,중학교,운영,36.51807167,127.2386496
B000023895,고운중학교,중학교,운영,36.50533931,127.2377219
B000023896,아름중학교,중학교,운영,36.51429197,127.245223
B000023897,종촌중학교,중학교,운영,36.50277265,127.2456842
B000023898,도담중학교,중학교,운영,36.51556773,127.2634362
B000023899,어진중학교,중학교,운영,36.49820157,127.2548143
B000023900,다정중학교,중학교,운영,36.49418914,127.2458268
B000023901,새뜸중학교,중학교,운영,36.48681854,127.2524576
B000023902,나성중학교,중학교,운영,36.4909223,127.2637399
B000023903,새롬중학교,중학교,운영,36.48132368,127.2496339
B000023904,금호중학교,중학교,운영,36.47034476,127.2803741
B000023905,소담중학교,중학교,운영,36.48201818,127.3016005
B000023906,반곡중학교,중학교,운영,36.50043435,127.3117506
B000023907,집현중학교,중학교,운영,36.49102686,127.3218875
B000023913,산울중학교,중학교,운영,36.53307776,127.2636831
B000023914,해밀중학교,중학교,운영,36.52831935,127.2677184
B000023916,물금중학교,중학교,운영,35.31417406,128.9949047
B000023921,증산중학교,중학교,운영,35.31517138,129.006724
B000023923,북면중학교,중학교,운영,35.30537723,128.5985455252
B000023938,수남중학교,중학교,운영,35.17175906,128.8190488
B000023940,김해서중학교,중학교,운영,35.23335181,128.8460221
B000023942,황남초등학교,초등학교,운영,35.88484216,129.2297185
B000023943,광양마동중학교,중학교,운영,34.95426716,127.6878322
B000023945,서전중학교,중학교,운영,36.90416004,127.5299979
B000023949,하늘빛중학교,중학교,운영,37.65495148,126.6878279
B000023952,철성중학교,중학교,운영,34.98419221,128.3198032
B000023957,김포한가람중학교,중학교,운영,37.6493725,126.6234637
B000023959,문산중학교,중학교,운영,35.176983,128.152480
B000023961,새론중학교,중학교,운영,35.87917295,128.7250938
B000023964,화순도곡중학교,중학교,운영,35.01329938,126.9098398
B000023965,화순도암중학교,중학교,운영,34.93808898,126.8947652
B000023966,환일중학교,중학교,운영,37.55360775,126.9628071
B000023972,달전초등학교,초등학교,운영,36.06968162,129.3351658
B000023973,초곡초등학교,초등학교,운영,36.09748954,129.3332758
B000023974,초서초등학교,초등학교,운영,36.09412747,129.3333431
B000023976,가재초등학교,초등학교,운영,37.04342996,127.077527
B000023977,탕정미래초등학교,초등학교,운영,36.79737911,127.0638087
B000023978,김포금빛초등학교,초등학교,운영,37.63541531,126.6793522
B000023980,섬강초등학교,초등학교,운영,37.37891073,127.8740436
B000023981,샘마루초등학교,초등학교,운영,37.3792055,127.8710762
B000023982,운곡초등학교,초등학교,운영,36.12351853,128.1928397
B000023989,솔샘초등학교,초등학교,운영,37.32997035,127.9295665
B000023990,삼성현초등학교,초등학교,운영,35.79990067,128.7395072
B000023997,세담초등학교,초등학교,운영,37.16466234,127.0490836
B000023999,자란초등학교,초등학교,운영,37.00341476,127.0998653
B000024001,소사벌중학교,중학교,운영,37.00665942,127.1083622
B000024002,배다리초등학교,초등학교,운영,37.00488896,127.1216053
B000024004,대덕초등학교,초등학교,운영,36.88280457,126.6397174
B000024005,경산압량초등학교,초등학교,운영,35.84050027,128.7665172
B000024007,보성초등학교,초등학교,운영,36.66717761,126.6810228
B000024008,양청초등학교,초등학교,운영,36.72013887,127.4254096
B000024009,율곡초등학교,초등학교,운영,36.12224391,128.1870968
B000024011,농소초등학교,초등학교,운영,36.12263602,128.1749298
B000024013,아산용연초등학교,초등학교,운영,36.79236065,127.0925025
B000024015,평택청아초등학교,초등학교,운영,37.02330019,126.9157083
B000024022,버들초등학교,초등학교,운영,37.32025989,127.9862701
B000024028,해마루초등학교,초등학교,운영,36.14046299,128.4332787
B000024031,서울가재울초등학교,초등학교,운영,37.57376442,126.9183891
B000024033,대구강림초등학교,초등학교,운영,35.78124474,128.4367988
B000024035,대구대실초등학교,초등학교,운영,35.85308854,128.4678979
B000024036,대구세천초등학교,초등학교,운영,35.87439381,128.4814697
B000024037,대구세현초등학교,초등학교,운영,35.65978473,128.4198073
B000024039,대구서동초등학교,초등학교,운영,35.8718048,128.4884318
B000024040,대구팔공초등학교,초등학교,운영,35.9471327,128.6252872
B000024041,옥길산들초등학교,초등학교,운영,37.46254007,126.8164547
B000024042,옥길버들초등학교,초등학교,운영,37.46427185,126.8260095
B000024043,대구용천초등학교,초등학교,운영,35.81972464,128.5125985
B000024044,대구한솔초등학교,초등학교,운영,35.81654474,128.5156958
B000024045,신풍초등학교,초등학교,운영,37.28639813,127.0531872
B000024046,대구포산초등학교,초등학교,운영,35.69481994,128.452641
B000024047,대구비슬초등학교,초등학교,운영,35.69605801,128.4587333
B000024048,대구테크노초등학교,초등학교,운영,35.70006861,128.4634402
B000024049,대구유가초등학교,초등학교,운영,35.6922735,128.4677385
B000024050,다솔초등학교,초등학교,운영,37.30869676,126.987669
B000024051,대구한실초등학교,초등학교,운영,35.79831931,128.5285639
B000024052,수원가온초등학교,초등학교,운영,37.27549141,126.9364215
B000024053,수원금호초등학교,초등학교,운영,37.26487765,126.9536054
B000024054,대구삼영초등학교,초등학교,운영,35.90168904,128.5096899
B000024055,대구사수초등학교,초등학교,운영,35.90014837,128.5152482
B000024056,대구연경초등학교,초등학교,운영,35.94573483,128.6160323
B000024061,평택모산초등학교,초등학교,운영,37.02063576,127.092978
B000024063,세아초등학교,초등학교,운영,37.00836879,127.0883054
B000024064,평택영신초등학교,초등학교,운영,37.01744671,127.0852241
B000024065,용죽초등학교,초등학교,운영,36.99506328,127.1240137
B000024066,현촌초등학교,초등학교,운영,37.00056185,127.1319038
B000024068,감계초등학교,초등학교,운영,35.30037832,128.5884803
B000024069,서울개포초등학교,초등학교,운영,37.48662512,127.070767
B000024072,경북대학교사범대학부설초등학교,초등학교,운영,35.86358373,128.5980664
B000024075,과천율목초등학교,초등학교,운영,37.40785863,126.9822609
B000024076,관동초등학교,초등학교,운영,35.177645,128.8169596
B000024077,대전선유초등학교,초등학교,운영,36.29494904,127.3409504
B000024088,전주교육대학교군산부설초등학교,초등학교,운영,35.97396352,126.7226169
B000024092,기성초등학교길헌분교장,초등학교,운영,36.24171224,127.3163418
B000024093,김포호수초등학교,초등학교,운영,37.64996167,126.6334464
B000024099,삼현초등학교,초등학교,운영,37.75138311,127.1158063
B000024100,남명초등학교,초등학교,운영,35.08403561,128.9105908
B000024101,진해냉천초등학교,초등학교,운영,35.1564539,128.7183283
B000024102,서울어울초등학교,초등학교,운영,37.60656331,126.9350984
B000024106,대구봉무초등학교,초등학교,운영,35.92580017,128.6374377
B000024108,대구한샘초등학교,초등학교,운영,35.81698367,128.5188133
B000024109,대덕초등학교도룡분교장,초등학교,운영,36.37875664,127.3914507
B000024110,회야초등학교,초등학교,운영,35.37390833,129.1604283
B000024114,대전새미래초등학교,초등학교,운영,36.37929645,127.3031688
B000024118,은여울초등학교,초등학교,운영,37.63834911,126.6406443
B000024126,광양와우초등학교,초등학교,운영,34.94598125,127.7120732
B000024127,김포구래초등학교,초등학교,운영,37.64001648,126.6284079
B000024128,나비초등학교,초등학교,운영,37.64021544,126.6259953
B000024134,산현초등학교,초등학교,운영,37.37477092,126.8449948
B000024135,운흥초등학교,초등학교,운영,37.37274739,126.8526799
B000024138,무동초등학교,초등학교,운영,35.32087091,128.581699
B000024140,구미문성초등학교,초등학교,운영,36.16185268,128.3452678
B000024144,서사초등학교,초등학교,운영,35.59249641,129.2718855
B000024147,복산초등학교,초등학교,운영,35.56032899,129.3257139
B000024148,부강초등학교,초등학교,운영,36.5278428,127.3665765
B000024150,마산고운초등학교,초등학교,운영,35.17272252,128.5613815
B000024151,창원한들초등학교,초등학교,운영,35.25375052,128.6685605
B000024152,강동초등학교,초등학교,운영,35.63135064,129.4351062
B000024161,대전새여울초등학교,초등학교,운영,36.45171872,127.4224336
B000024163,대전도솔초등학교,초등학교,운영,36.31121399,127.3474788
B000024167,성남화랑초등학교,초등학교,운영,37.39022385,127.1158892
B000024172,평택대동초등학교,초등학교,운영,36.98936457,127.1317904
B000024177,송우초등학교,초등학교,운영,35.15923398,126.8105935
B000024182,배곧누리초등학교,초등학교,운영,37.38260925,126.7319087
B000024183,배곧초등학교,초등학교,운영,37.3758676,126.7291946
B000024184,배곧고등학교,고등학교,운영,37.3735612,126.7324732
B000024185,배곧해솔중학교,중학교,운영,37.36006848,126.7172337
B000024189,진해신항초등학교,초등학교,운영,35.08961489,128.8107118
B000024194,양서초등학교,초등학교,운영,36.08473304,129.3965196
B000024195,성남여수초등학교,초등학교,운영,37.41945097,127.1330812
B000024196,빛가온초등학교,초등학교,운영,37.41261642,126.8814812
B000024197,은하수초등학교,초등학교,운영,35.15111789,128.1109364
B000024200,연현초등학교,초등학교,운영,37.4252211,126.9025062
B000024205,서울강솔초등학교,초등학교,운영,37.56186962,127.1802671
B000024206,서울고현초등학교,초등학교,운영,37.55405326,127.1658598
B000024208,용소초등학교,초등학교,운영,35.14284782,129.0995041
B000024215,송정초등학교,초등학교,운영,35.08536457,128.8735012
B000024219,연포초등학교,초등학교,운영,35.13724304,129.0840862
B000024222,녹산초등학교,초등학교,운영,35.15147548,128.8371146
B000024225,오송솔미초등학교,초등학교,운영,36.6235406,127.3156456
B000024226,솔강초등학교,초등학교,운영,36.61757861,127.3107205
B000024227,새만금초등학교,초등학교,운영,35.96731265,126.5614534
B000024229,포항용산초등학교,초등학교,운영,35.948180,129.4085662
B000024231,신동초등학교,초등학교,운영,37.91211452,127.7330778
B000024232,포항중앙초등학교,초등학교,운영,36.05904723,129.3656524
B000024238,위례한빛초등학교,초등학교,운영,37.46576542,127.1470188
B000024239,위례푸른초등학교,초등학교,운영,37.47073159,127.1509587
B000024240,위례고운초등학교,초등학교,운영,37.47148964,127.1457743
B000024241,위례중앙초등학교,초등학교,운영,37.47189037,127.1358729
B000024242,중앙초등학교,초등학교,운영,36.66732799,127.500970
B000024246,은빛초등학교,초등학교,운영,37.43426275,126.8051824
B000024247,의랑초등학교,초등학교,운영,36.5498977,127.1903009
B000024251,일로초등학교청망분교장,초등학교,운영,34.79300901,126.5030062
B000024254,장검중학교,중학교,운영,35.55437653,129.2539648
B000024255,장기초등학교,초등학교,운영,36.49629463,127.2059035
B000024259,장학초등학교,초등학교,운영,37.89520864,127.7522365
B000024261,시흥가온초등학교,초등학교,운영,37.37363021,126.7943755
B000024264,예하초등학교,초등학교,운영,35.12483283,128.0989431
B000024270,생금초등학교,초등학교,운영,37.35038333,126.757624
B000024277,진천상신초등학교,초등학교,운영,36.90316345,127.5397686
B000024278,옥동초등학교,초등학교,운영,36.90351811,127.5289119
B000024281,청수초등학교,초등학교,운영,37.65389615,126.6786971
B000024282,청주교육대학교부설초등학교,초등학교,운영,36.61740098,127.4852917
B000024283,두루초등학교,초등학교,운영,36.51962533,127.2384646
B000024284,도담초등학교,초등학교,운영,36.51173208,127.262451
B000024285,연세초등학교,초등학교,운영,36.50575533,127.2718776
B000024286,연양초등학교,초등학교,운영,36.50306344,127.2559287
B000024287,가락초등학교,초등학교,운영,36.51568465,127.2308396
B000024288,으뜸초등학교,초등학교,운영,36.50966067,127.231044
B000024289,고운초등학교,초등학교,운영,36.50414599,127.2365015
B000024290,온빛초등학교,초등학교,운영,36.51462797,127.2403134
B000024291,아름초등학교,초등학교,운영,36.51458919,127.251658
B000024292,나래초등학교,초등학교,운영,36.50900177,127.2463514
B000024293,종촌초등학교,초등학교,운영,36.50303584,127.2419004
B000024294,양지초등학교,초등학교,운영,36.51845083,127.2603104
B000024295,다정초등학교,초등학교,운영,36.49386437,127.244199
B000024296,새움초등학교,초등학교,운영,36.49400303,127.2513569
B000024297,새롬초등학교,초등학교,운영,36.48536217,127.2492663
B000024298,새뜸초등학교,초등학교,운영,36.48549801,127.2533766
B000024299,나성초등학교,초등학교,운영,36.48994821,127.2643553
B000024300,미르초등학교,초등학교,운영,36.47238238,127.2538532
B000024302,대평초등학교,초등학교,운영,36.46980433,127.2789398
B000024303,여울초등학교,초등학교,운영,36.47603336,127.2851401
B000024304,보람초등학교,초등학교,운영,36.47949311,127.2935183
B000024305,소담초등학교,초등학교,운영,36.4833221,127.3015606
B000024306,반곡초등학교,초등학교,운영,36.5002315,127.3104494
B000024307,나루초등학교,초등학교,운영,36.49539331,127.3236309
B000024308,집현초등학교,초등학교,운영,36.48897062,127.3202878
B000024319,산울초등학교,초등학교,운영,36.53307776,127.2636831
B000024320,바른초등학교,초등학교,운영,36.52911078,127.257277
B000024321,해밀초등학교,초등학교,운영,36.5255798,127.2683676
B000024323,북면초등학교,초등학교,운영,35.30529194,128.6000619
B000024358,진영중앙초등학교,초등학교,운영,35.3092383,128.726664
B000024365,군산월명초등학교,초등학교,운영,35.96198092,126.7202647
B000024367,주촌초등학교,초등학교,운영,35.23273802,128.8384588
B000024375,가촌초등학교,초등학교,운영,35.31667615,128.9958752
B000024377,가남초등학교,초등학교,운영,35.31212856,128.9981218
B000024378,신주초등학교,초등학교,운영,35.33723247,129.0197874
B000024383,가양초등학교,초등학교,운영,35.31068837,128.9915783
B000024384,증산초등학교,초등학교,운영,35.31607424,129.0074452
B000024392,어곡초등학교,초등학교,운영,35.38043195,129.0293734
B000024393,장재초등학교,초등학교,운영,35.21478631,128.1099306
B000024396,철성초등학교,초등학교,운영,34.95781352,128.3422377
B000024400,청주내곡초등학교,초등학교,운영,36.66686304,127.4568993
B000024401,서진초등학교,초등학교,운영,35.16901963,128.056655
B000024402,수정초등학교,초등학교,운영,35.16567045,128.0484619
B000024403,하늘빛초등학교,초등학교,운영,37.65402774,126.6898224
B000024409,한솔초등학교,초등학교,운영,36.47757948,127.2525246
B000024412,갈전초등학교,초등학교,운영,35.18320304,128.1490625
B000024413,충무공초등학교,초등학교,운영,35.17347544,128.150002
B000024414,무지개초등학교,초등학교,운영,35.17144709,128.1372551
B000024415,대구새론초등학교,초등학교,운영,35.88439053,128.7170845
B000024417,현동초등학교,초등학교,운영,35.1469695,128.5565283
B000024421,화순오성초등학교,초등학교,운영,35.05203541,126.9648686
B000024422,화정초등학교,초등학교,운영,35.21820451,129.0099171
B000024439,강동중학교,중학교,운영,35.62956026,129.4351287
B000024470,홍북중학교,중학교,운영,36.64391573,126.6816686
B000024471,홍성고등학교,고등학교,운영,36.65004305,126.6726491
B000024477,홍북초등학교,초등학교,운영,36.65193382,126.6852386
B000024506,서울우솔초등학교,초등학교,운영,37.45709258,127.0192756
B000024510,세곡중학교,중학교,운영,37.47198073,127.0918862
B000024533,여수송현초등학교,초등학교,운영,34.74157575,127.6858029
B000024536,예울초등학교,초등학교,운영,34.7484683,127.6848638
B000024542,지축초등학교,초등학교,운영,37.65291086,126.9159516
B000024553,홍성고부설방송통신고등학교,고등학교,운영,36.65002468,126.6726491
B000024555,오션초등학교,초등학교,운영,35.08029669,128.9070666
B000024561,라온초등학교,초등학교,운영,35.01439619,126.7793825
B000024563,한아름초등학교,초등학교,운영,35.01271991,126.7973843
B000024567,신원고등학교,고등학교,운영,37.66840557,126.886943
B000024574,오름중학교,중학교,운영,33.51667441,126.5844702
B000024575,삼화초등학교,초등학교,운영,33.51522409,126.577005
B000024576,도련초등학교,초등학교,운영,33.51379157,126.5839871
B000024585,모전초등학교,초등학교,운영,35.33968491,129.162335
B000024586,부산중앙중학교,중학교,운영,35.32256309,129.1875912
B000024595,경북골프경영고등학교,고등학교,운영,36.34142109,129.0603993
B000024604,학성초등학교,초등학교,운영,37.36064068,127.9588289
B000024611,순천금당중학교,중학교,운영,34.94417403,127.5315382
B000024612,순천낙안중학교,중학교,운영,34.90128263,127.3461477
B000024614,순천승남중학교,중학교,운영,34.96430055,127.2608322
B000024615,순천승주중학교,중학교,운영,35.01802201,127.3782252
B000024618,순천주암중학교,중학교,운영,35.06307271,127.2732628
B000024619,순천인안초등학교,초등학교,운영,34.89047796,127.4806708
B000024620,순천월전중학교,중학교,운영,35.10003175,127.4253509
B000024638,대양초등학교,초등학교,운영,37.20031947,126.8217315
B000024643,치동고등학교,고등학교,운영,37.2076057,127.0916951
B000024645,다원중학교,중학교,운영,37.21050721,127.1048231
B000024646,늘봄초등학교,초등학교,운영,37.21736028,127.1098102
B000024648,한백고등학교,고등학교,운영,37.20763155,127.1133605
B000024650,치동중학교,중학교,운영,37.20853778,127.0916964
B000024651,다원초등학교,초등학교,운영,37.21241845,127.1109577
B000024652,동탄중앙고등학교,고등학교,운영,37.20125793,127.1104241
B000024654,한백중학교,중학교,운영,37.20656172,127.1141301
B000024655,치동초등학교,초등학교,운영,37.20655283,127.0915676
B000024656,이산고등학교,고등학교,운영,37.1909686,127.0872534
B000024657,청계중학교,중학교,운영,37.19945672,127.1031575
B000024658,영천초등학교,초등학교,운영,37.20570766,127.1045574
B000024659,창의고등학교,고등학교,운영,37.18003972,127.120726
B000024661,동탄중학교,중학교,운영,37.19901116,127.1090809
B000024662,한백초등학교,초등학교,운영,37.20836252,127.1147183
B000024665,이산중학교,중학교,운영,37.19116497,127.0891727
B000024666,무봉초등학교,초등학교,운영,37.20298743,127.1168058
B000024667,정현고등학교,고등학교,운영,37.17352234,127.1114038
B000024669,동탄목동중학교,중학교,운영,37.18861063,127.1264225
B000024670,아인초등학교,초등학교,운영,37.20083859,127.1052936
B000024671,신동고등학교,고등학교,운영,37.17559214,127.1366328
B000024674,화성청계초등학교,초등학교,운영,37.199192,127.1021055
B000024675,이솔고등학교,고등학교,운영,37.16650771,127.1111377
B000024677,화성신동중학교,중학교,운영,37.17463775,127.1315327
B000024678,동탄중앙초등학교,초등학교,운영,37.19928404,127.1112669
B000024681,방교중학교,중학교,운영,37.17474632,127.1014114
B000024682,여울초등학교,초등학교,운영,37.19510443,127.0889469
B000024683,서연고등학교,고등학교,운영,37.16081906,127.111616851
B000024685,청림중학교,중학교,운영,37.17164271,127.1113514
B000024686,청목초등학교,초등학교,운영,37.19577115,127.1174309
B000024688,화성세정중학교,중학교,운영,37.16716681,127.1247594
B000024689,예솔초등학교,초등학교,운영,37.19655044,127.1193973
B000024693,서연중학교,중학교,운영,37.16088657,127.1102152
B000024694,왕배초등학교,초등학교,운영,37.18017972,127.1135952
B000024696,한율초등학교,초등학교,운영,37.18641561,127.1226079
B000024697,동탄목동초등학교,초등학교,운영,37.18938961,127.1243164
B000024698,현민초등학교,초등학교,운영,37.18273595,127.1299753
B000024699,화성바른초등학교,초등학교,운영,37.18200072,127.1391223
B000024701,방교초등학교,초등학교,운영,37.17326405,127.1015231
B000024702,청림초등학교,초등학교,운영,37.17458716,127.1113568
B000024703,화성신동초등학교,초등학교,운영,37.17490244,127.1310568
B000024705,정현초등학교,초등학교,운영,37.17144705,127.1132706
B000024707,세정초등학교,초등학교,운영,37.16678823,127.1260411
B000024709,호연초등학교,초등학교,운영,37.16277708,127.1046985
B000024710,이솔초등학교,초등학교,운영,37.16322375,127.109722
B000024711,서연초등학교,초등학교,운영,37.15976339,127.1137726
B000024715,화성반월고등학교,고등학교,운영,37.22471178,127.0550943
B000024716,화성반월중학교,중학교,운영,37.22388567,127.0542861
B000024717,서경초등학교,초등학교,운영,37.21701887,127.0508398
B000024718,화성반월초등학교,초등학교,운영,37.22359053,127.0592312
B000024719,하길고등학교,고등학교,운영,37.1118639,126.9105458
B000024720,화담중학교,중학교,운영,37.23192765,126.9428604
B000024722,화담고등학교,고등학교,운영,37.22918909,126.9424088
B000024723,수현중학교,중학교,운영,37.22638096,126.9508227
B000024724,수현초등학교,초등학교,운영,37.22752589,126.950317
B000024727,상신초등학교,초등학교,운영,37.09909078,126.8983829
B000024728,화성상신중학교,중학교,운영,37.09792485,126.8992901
B000024730,신백중학교,중학교,운영,37.20343745,126.8302503
B000024732,효행초등학교,초등학교,운영,37.21596526,126.9682075
B000024738,화원초등학교,초등학교,운영,37.11170675,126.9190641
B000024739,하길초등학교,초등학교,운영,37.11560646,126.9040759
B000024740,하길중학교,중학교,운영,37.11225847,126.9088459
B000024747,예원초등학교,초등학교,운영,37.2108869558,127.0764005173
B000024749,홍익디자인고등학교,고등학교,운영,37.2167924,126.9796299
B000024755,매홀고등학교,고등학교,운영,37.16945751,127.068850
B000024758,세미초등학교,초등학교,운영,37.17448251,127.0643873
B000024772,영주가흥초등학교,초등학교,운영,36.81376095,128.6093145
B000024773,평은초등학교,초등학교,운영,36.76201856,128.694552
B000024775,서울금나래초등학교,초등학교,운영,37.458230,126.8962417
B000024813,신원초등학교,초등학교,운영,37.66780558,126.8858833
B000024855,문곡고등학교,고등학교,운영,37.58843573,126.669663
B000024882,한산초등학교,초등학교,운영,34.76829335,128.5076295
B000024921,초등학교,초등학교,운영,35.80403426,129.1376151
B000024924,인천하늘초등학교,초등학교,운영,37.49794594,126.5579456
B000024926,가정중학교,중학교,운영,37.73679302,127.5777363
B000024936,명일초등학교,초등학교,운영,35.10951726,128.922704
B000024937,명지초등학교,초등학교,운영,35.10226077,128.9241427
B000024938,신명초등학교,초등학교,운영,35.09523277,128.9207165
B000024939,명원초등학교,초등학교,운영,35.09412838,128.9149353
B000024940,명문초등학교,초등학교,운영,35.0997879,128.9139109
B000024941,명지중학교,중학교,운영,35.10198148,128.925769
B000024942,경일중학교,중학교,운영,35.09406962,128.9162897
B000024945,경일고등학교,고등학교,운영,35.11248236,128.9224148
B000024946,부산남고등학교,고등학교,운영,35.09953638,128.924148
B000024957,매안초등학교,초등학교,운영,34.93086598,127.552467
B000024963,순천삼산중학교,중학교,운영,34.93382868,127.5557272
B000024974,순천승평중학교,중학교,운영,34.93819484,127.5452925
B000024975,신대초등학교,초등학교,운영,34.93968984,127.5459811
B000024976,좌야초등학교,초등학교,운영,34.93048288,127.5448553
B000024979,부산삼육초등학교,초등학교,운영,35.27276329,129.0947495
B000024990,석적초등학교,초등학교,운영,36.06708115,128.4098435
B000024991,석적중학교,중학교,운영,36.06409306,128.4056548
B000024994,구산중학교,중학교,운영,35.14377035,128.5582419
B000025000,서울자곡초등학교,초등학교,운영,37.47219072,127.0996665
B000025001,서울율현초등학교,초등학교,운영,37.47451551,127.1082848
B000025033,현천고등학교,고등학교,운영,37.48595998,128.1705362
B000025123,외솔중학교,중학교,운영,35.58435465,129.3431813
B000025129,울산초등학교,초등학교,운영,35.562033,129.2993652
B000025143,외솔초등학교,초등학교,운영,35.58367236,129.3426444
B000025145,매곡고등학교,고등학교,운영,35.64481395,129.3595287
B000025146,별빛중학교,중학교,운영,36.00232912,129.0432455
B000025189,인천송명초등학교,초등학교,운영,37.37448648,126.6560771
B000025193,인천만월초등학교,초등학교,운영,37.44180662,126.7155208
B000025196,인천장서초등학교,초등학교,운영,37.42921635,126.7453281
B000025201,만월중학교,중학교,운영,37.42646913,126.7521837
B000025202,인천장아초등학교,초등학교,운영,37.42451149,126.7536905
B000025205,도림고등학교,고등학교,운영,37.42077753,126.752981
B000025206,인천새봄초등학교,초등학교,운영,37.40969162,126.6576225
B000025210,인천연송초등학교,초등학교,운영,37.39991028,126.6391413
B000025211,인천연송고등학교,고등학교,운영,37.40316747,126.6467361
B000025212,인천포스코고등학교,고등학교,운영,37.40146601,126.6483623
B000025222,인천현송초등학교,초등학교,운영,37.39385504,126.6203812
B000025223,인천현송중학교,중학교,운영,37.39296312,126.6197175
B000025225,인천송빛초등학교,초등학교,운영,37.38567542,126.6128027
B000025226,인천송일초등학교,초등학교,운영,37.38418802,126.635135
B000025228,인천예송초등학교,초등학교,운영,37.38745671,126.6303141
B000025229,박문여자고등학교,고등학교,운영,37.38275068,126.6662372
B000025230,박문중학교,중학교,운영,37.38565091,126.6723684
B000025231,인천예송중학교,중학교,운영,37.38341562,126.6275486
B000025234,인천과학예술영재학교,고등학교,운영,37.38199933,126.6301396
B000025236,인천첨단초등학교,초등학교,운영,37.37314562,126.6549766
B000025237,능허대중학교,중학교,운영,37.37353727,126.6578118
B000025245,인천미송중학교,중학교,운영,37.41595901,126.6131619
B000025246,인천미송초등학교,초등학교,운영,37.41477678,126.6133042
B000025248,인천은송초등학교,초등학교,운영,37.4139322,126.6297242
B000025256,인천송원초등학교,초등학교,운영,37.38595715,126.6692883
B000025276,서울새솔초등학교,초등학교,운영,37.61798909,127.1113284
B000025289,서울송례초등학교,초등학교,운영,37.4778913,127.1384402
B000025291,송례중학교,중학교,운영,37.47783301,127.1397415
B000025306,새별초등학교,초등학교,운영,35.18286121,126.8123108
B000025316,신용중학교,중학교,운영,35.2107845,126.8609609
B000025324,선운중학교,중학교,운영,35.14824229,126.7748261
B000025326,백성초등학교,초등학교,운영,37.00547351,127.2519747
B000025337,고실중학교,중학교,운영,35.19295174,126.8129875
B000025338,수완하나중학교,중학교,운영,35.19420808,126.8275242
B000025361,은빛초등학교,초등학교,운영,35.18772659,126.8276603
B000025372,서울해누리초등학교,초등학교,운영,37.49824966,127.1021917
B000025373,서울위례솔초등학교,초등학교,운영,37.48701307,127.1505867
B000025375,서울위례별초등학교,초등학교,운영,37.47908713,127.1450416
B000025376,위례솔중학교,중학교,운영,37.48701307,127.1505867
B000025377,덕수고등학교,고등학교,운영,37.48528924,127.1468965
B000025384,서울강빛초등학교,초등학교,운영,37.57432025,127.1707749
B000025385,강빛중학교,중학교,운영,37.57434332,127.1707749
B000025413,동명초등학교,초등학교,운영,37.1337027,128.1939021
B000025419,빛가람초등학교,초등학교,운영,35.0090399,126.7852202
B000025420,빛가람중학교,중학교,운영,35.00863779,126.7863682
B000025421,봉황고등학교,고등학교,운영,35.00741421,126.7861436
B000025423,소가야중학교,중학교,운영,34.95460248,128.2499254
B000025439,효천초등학교,초등학교,운영,35.10033669,126.8841101
B000025441,상당초등학교,초등학교,운영,36.60783787,127.5203216
B000025443,용아중학교,중학교,운영,36.61908143,127.5218293
B000025444,용아초등학교,초등학교,운영,36.61822602,127.522454
B000025451,구미인덕초등학교,초등학교,운영,36.16200909,128.4374713
B000025452,구미인덕중학교,중학교,운영,36.16201828,128.4387572
B000025453,구미산동고등학교,고등학교,운영,36.15865856,128.4361731
B000025454,구미신당초등학교,초등학교,운영,36.16055561,128.431244
B000025456,구미원당중학교,중학교,운영,36.14549514,128.424873
B000025457,구미원당초등학교,초등학교,운영,36.14425834,128.4248869
B000025512,인천용학초등학교,초등학교,운영,37.44676348,126.6434992
B000025525,광혜원고등학교,고등학교,운영,36.99429574,127.4280498
B000025533,서천고등학교,고등학교,운영,37.23410552,127.069476
B000025534,어정중학교,중학교,운영,37.28072654,127.1451478
B000025541,중일초등학교,초등학교,운영,37.28560757,127.1432335
B000025542,매봉초등학교,초등학교,운영,37.31003125,127.0733254
B000025562,미리벌중학교,중학교,운영,35.54366486,128.6385329
B000025583,청주소로초등학교,초등학교,운영,36.6726269,127.3902516
B000025594,전주온빛중학교,중학교,운영,35.84350884,127.058398
B000025605,일광초등학교,초등학교,운영,35.2681181,129.2229034
B000025609,해빛초등학교,초등학교,운영,35.26449792,129.2214621
B000025610,일광중학교,중학교,운영,35.26522711,129.2204614
B000025614,서울하늘숲초등학교,초등학교,운영,37.48418114,126.8416517
B000025620,전주만성초등학교,초등학교,운영,35.83673137,127.0654162
B000025623,신길중학교,중학교,운영,37.50201923,126.9154741
B000025631,빛여울초등학교,초등학교,운영,35.10326032,126.8691741
B000025638,도현초등학교,초등학교,운영,37.34606329,127.2568208
B000025639,용인삼계고등학교,고등학교,운영,37.29465951,127.2406099
B000025641,샘말초등학교,초등학교,운영,37.27733692,127.0781839
B000025644,고진초등학교,초등학교,운영,37.24732778,127.2184361
B000025646,고림고등학교,고등학교,운영,37.24717747,127.2195504
B000025647,고진중학교,중학교,운영,37.24776317,127.2174318
B000025649,함박초등학교,초등학교,운영,37.23373509,127.1841126
B000025650,한숲중학교,중학교,운영,37.15785188,127.1730187
B000025651,처인고등학교,고등학교,운영,37.15100139,127.170645
B000025677,인천주안초등학교,초등학교,운영,37.45465257,126.6738236
B000025678,인천영종고등학교,고등학교,운영,37.48531899,126.5016825
B000025679,인천운남고등학교,고등학교,운영,37.48314685,126.5419036
B000025680,인천중산고등학교,고등학교,운영,37.49775057,126.5699379
B000025682,인천운서중학교,중학교,운영,37.49069616,126.5051066
B000025683,인천하늘중학교,중학교,운영,37.4838328,126.543285
B000025685,인천윤슬초등학교,초등학교,운영,37.48426206,126.5020588
B000025686,아산초등학교,초등학교,운영,36.77012409,127.0109916
B000025690,인천별빛초등학교,초등학교,운영,37.49086001,126.5505513
B000025725,염작초등학교,초등학교,운영,36.92445676,127.0519593
B000025726,아산테크노중학교,중학교,운영,36.92648648,127.0518272
B000025727,월랑초등학교,초등학교,운영,36.84579633,127.0688545
B000025751,인천경연초등학교,초등학교,운영,37.5384535,126.6262122
B000025752,인천도담초등학교,초등학교,운영,37.52782132,126.6439914
B000025754,인천경연중학교,중학교,운영,37.53849651,126.6262363
B000025755,인천청람중학교,중학교,운영,37.5387195,126.6438114
B000025756,인천청호초등학교,초등학교,운영,37.53864489,126.6415165
B000025767,인천단봉중학교,중학교,운영,37.59537321,126.6353282
B000025768,인천마전고등학교,고등학교,운영,37.61071905,126.6644578
B000025783,천안한들초등학교,초등학교,운영,36.82532854,127.117794
B000025793,천안차암초등학교,초등학교,운영,36.84458893,127.105979
B000025796,천안호수초등학교,초등학교,운영,36.79610888,127.0981746
B000025797,천안아름초등학교,초등학교,운영,36.81319878,127.1023766
B000025798,대금고등학교,고등학교,운영,36.98184963,127.5279252
B000025803,천안불무초등학교,초등학교,운영,36.81967353,127.1049114
B000025804,천안불무중학교,중학교,운영,36.81794507,127.1041369
B000025805,천안불당고등학교,고등학교,운영,36.80949494,127.1029743
B000025808,안산국제비즈니스고등학교,고등학교,운영,37.36094704,126.8741442
B000025810,천안성성초등학교,초등학교,운영,36.84095925,127.1359299
B000025811,천안가람초등학교,초등학교,운영,36.84306642,127.1242974
B000025812,천안가람중학교,중학교,운영,36.84111806,127.1242696
B000025863,광양마로초등학교,초등학교,운영,34.96698215,127.6112872
B000025869,온산고등학교,고등학교,운영,35.43895778,129.3178419
B000025876,아산월천초등학교,초등학교,운영,36.77350516,127.0770319
B000025890,대일관광고등학교,고등학교,운영,37.51141377,126.8349067
B000025891,서울언남초등학교,초등학교,운영,37.45380928,127.0614475
B000025902,상동초등학교,초등학교,운영,35.55368293,128.7615622
B000025908,대전죽동초등학교,초등학교,운영,36.37040016,127.3356321
B000025912,창리초등학교,초등학교,운영,36.73657707,127.4492132
B000025916,충주남한강초등학교,초등학교,운영,36.95554435,127.9285806
B000025917,주덕화곡초등학교,초등학교,운영,37.00788034,127.8205321
B000025946,향동초등학교,초등학교,운영,37.60347891,126.8954667
B000025947,향동숲내초등학교,초등학교,운영,37.59520859,126.8908446
B000025948,향동중학교,중학교,운영,37.60301142,126.8953017
B000025949,향동고등학교,고등학교,운영,37.59643105,126.8934462
B000025961,신현초등학교,초등학교,운영,37.35681906,127.1473061
B000025963,광주푸른초등학교,초등학교,운영,37.39924577,127.2711876
B000025964,매양중학교,중학교,운영,37.36899691,127.2478043
B000025977,망포초등학교,초등학교,운영,37.24065005,127.0470226
B000025978,광교호수초등학교,초등학교,운영,37.2796927,127.0588273
B000025980,거창덕유중학교,중학교,운영,35.73637117,127.8481759
B000025994,한별초등학교,초등학교,운영,37.64648136,127.1159755
B000025996,별내고등학교,고등학교,운영,37.65158042,127.1170775
B000026000,양현고등학교,고등학교,운영,35.84218419,127.0587816
B000026001,전주온빛초등학교,초등학교,운영,35.84241844,127.0564499
B000026002,전주홍산초등학교,초등학교,운영,35.82067207,127.0989525
B000026003,전주하가초등학교,초등학교,운영,35.84380954,127.1069448
B000026004,전주새연초등학교,초등학교,운영,35.81149179,127.1002986
B000026015,언양초등학교,초등학교,운영,35.57233733,129.1259078
B000026016,상북초등학교,초등학교,운영,35.59214476,129.0931271
B000026019,세마초등학교,초등학교,운영,37.1696802,127.0275815
B000026021,한다사중학교,중학교,운영,35.06967621,127.8301279
B000026025,삼남초등학교,초등학교,운영,35.55551997,129.1269831
B000026034,어울초등학교,초등학교,운영,37.01660034,127.2238791
B000026089,대구국제고등학교,고등학교,운영,35.95549553,128.5815421
B000026095,대구체육중학교,중학교,운영,35.95879744,128.5577173
B000026103,이리남중학교,중학교,운영,35.94605802,126.936942
B000026106,동패초등학교,초등학교,운영,37.7124276,126.7344903
B000026107,산들초등학교,초등학교,운영,37.72937777,126.731250
B000026108,산내초등학교,초등학교,운영,37.7228508,126.7364788
B000026109,한민고등학교,고등학교,운영,37.75805679,126.8580362
B000026110,한빛고등학교,고등학교,운영,37.7134805,126.7548886
B000026117,보람중학교,중학교,운영,36.47772881,127.2932382
B000026118,글벗초등학교,초등학교,운영,36.48737111,127.2980401
B000026119,글벗중학교,중학교,운영,36.48845684,127.298754
B000026120,가득초등학교,초등학교,운영,36.48733788,127.2434548
B000026121,한결초등학교,초등학교,운영,36.49667621,127.2456937
B000026122,새움중학교,중학교,운영,36.49114144,127.2472378
B000026124,늘봄초등학교,초등학교,운영,36.51436121,127.2551313
B000026126,양지고등학교,고등학교,운영,36.50957686,127.2692915
B000026127,양지중학교,중학교,운영,36.50873217,127.2684692
B000026128,두루고등학교,고등학교,운영,36.51626999,127.2273942
B000026129,다빛초등학교,초등학교,운영,36.50008775,127.2440025
B000026138,고촌고등학교,고등학교,운영,37.60460551,126.7499614
B000026155,인천한들초등학교,초등학교,운영,37.57963661,126.6728081
B000026166,박달중학교,중학교,운영,37.39939795,126.8970462
B000026183,서울항동초등학교,초등학교,운영,37.47718813,126.8239832
B000026185,항동중학교,중학교,운영,37.48285456,126.820190
B000026193,여수웅천중학교,중학교,운영,34.75103353,127.6749912
B000026194,옥정고등학교,고등학교,운영,37.82768859,127.0887218
B000026195,옥정중학교,중학교,운영,37.82204162,127.0884206
B000026196,율정초등학교,초등학교,운영,37.8280661,127.0960906
B000026202,섬강고등학교,고등학교,운영,37.37757004,127.8813954
B000026209,한울중학교,중학교,운영,37.46240099,126.9071815
B000026210,유천초등학교,초등학교,운영,37.76001124,128.8711009
B000026214,조남초등학교,초등학교,운영,37.37902709,126.8592671
B000026215,목감고등학교,고등학교,운영,37.37222339,126.8571834
B000026220,충주대소원초등학교,초등학교,운영,36.987973,127.8274071
B000026222,조남중학교,중학교,운영,37.37749101,126.8585907
B000026224,충주중앙탑초등학교,초등학교,운영,37.0155281,127.8306967
B000026225,중앙탑중학교,중학교,운영,37.01585619,127.832571
B000026226,중앙탑고등학교,고등학교,운영,37.01256142,127.8280652
B000026228,익산가온초등학교,초등학교,운영,35.95632485,126.9382581
B000026237,풍문고등학교,고등학교,운영,37.47135959,127.0999634
B000026240,대관령중학교,중학교,운영,37.67337608,128.6990911
B000026249,송린초등학교,초등학교,운영,37.27823129,126.8241504
B000026250,새솔초등학교,초등학교,운영,37.2890807,126.8190155
B000026263,송린중학교,중학교,운영,37.27681304,126.822267
B000026271,새솔고등학교,고등학교,운영,37.27338862,126.8293429
B000026279,성연초등학교,초등학교,운영,36.82417048,126.4488247
B000026283,신창중학교,중학교,운영,36.78890108,126.9522512
B000026298,모산중학교,중학교,운영,36.76870534,127.0555616
B000026311,군산초등학교,초등학교,운영,35.9531339,126.7100482
B000026318,울릉중학교,중학교,운영,37.47868772,130.8865591
B000026319,중산초등학교,초등학교,운영,35.649480,129.352816
B000026332,인천백석초등학교,초등학교,운영,37.58980222,126.6717483
B000026333,인천가원초등학교,초등학교,운영,37.52921844,126.6641213
B000026347,단재초등학교,초등학교,운영,36.59930127,127.5000805
B000026351,고헌초등학교,초등학교,운영,35.60232961,129.3693047
B000026354,고헌중학교,중학교,운영,35.59777915,129.364027
B000026359,김해모산초등학교,초등학교,운영,35.16858275,128.8267849
B000026360,김해율산초등학교,초등학교,운영,35.16487507,128.828754
B000026361,진영장등중학교,중학교,운영,35.31261423,128.7307199
B000026362,김해모산중학교,중학교,운영,35.16598838,128.8300547
B000026363,건국초등학교,초등학교,운영,35.21068262,126.8658333
B000026365,생명초등학교,초등학교,운영,36.71214657,127.4385489
B000026370,웅천초등학교,초등학교,운영,35.10396535,128.7557112
B000026371,서울숭신초등학교,초등학교,운영,37.56781934,127.0278897
B000026378,함평골프고등학교,고등학교,운영,35.0259649,126.5364017
B000026379,한류초등학교,초등학교,운영,37.66226794,126.7569581
B000026396,강서초등학교,초등학교,운영,35.14898675,128.9187934
B000026400,대저중앙초등학교,초등학교,운영,35.1424244,128.916221
B000026406,가락중학교,중학교,운영,35.14230569,128.9180233
B000026416,지품천중학교,중학교,운영,35.91764637,127.9631045
B000026417,청완초등학교,초등학교,운영,35.96359933,127.1204786
B000026425,향산초등학교,초등학교,운영,37.61950876,126.749325
B000026426,향산중학교,중학교,운영,37.61958072,126.749388
B000026464,효천중학교,중학교,운영,35.10204636,126.8831279
B000026466,인천아라초등학교,초등학교,운영,37.58493755,126.7033388
B000026467,인천해든초등학교,초등학교,운영,37.58528544,126.7076761
B000026468,인천아람초등학교,초등학교,운영,37.58710386,126.7167189
B000026469,인천한별초등학교,초등학교,운영,37.59736864,126.7066138
B000026470,인천이음초등학교,초등학교,운영,37.5987693,126.7126821
B000026471,인천신검단초등학교,초등학교,운영,37.60908782,126.7005355
B000026473,인천검단호수초등학교,초등학교,운영,37.60885144,126.6834777
B000026475,인천아라중학교,중학교,운영,37.5859775,126.7037957
B000026476,인천이음고등학교,고등학교,운영,37.60058692,126.7108371
B000026479,인천아라고등학교,고등학교,운영,37.58715576,126.7039484
B000026480,인천이음중학교,중학교,운영,37.59966154,126.7117777
B000026488,전주자연초등학교,초등학교,운영,35.87767589,127.1359544
B000026489,전주화정초등학교,초등학교,운영,35.87304123,127.1315345
B000026490,전라중학교,중학교,운영,35.87992086,127.131387
B000026491,전주화정중학교,중학교,운영,35.87164049,127.1304615
B000026500,송양중학교,중학교,운영,37.75172729,127.1044225
B000026502,내포중학교,중학교,운영,36.65076345,126.6719692
B000026503,합천가야초등학교,초등학교,운영,35.7574382,128.1353491
B000026504,인천송담초등학교,초등학교,운영,37.41010104,126.614909
B000026513,인천루원중학교,중학교,운영,37.53130753,126.6685189
B000026521,전주양현초등학교,초등학교,운영,35.84678295,127.0743556
B000026522,전주양현중학교,중학교,운영,35.84776125,127.0749815
B000026523,전주효천초등학교,초등학교,운영,35.79968402,127.1051107
B000026538,군산금빛초등학교,초등학교,운영,35.97960611,126.7423004
B000026546,다온초등학교,초등학교,운영,37.15193283,127.0908935
B000026553,한울초등학교,초등학교,운영,36.64526724,126.6800434
B000026554,내포초등학교,초등학교,운영,36.64904763,126.6707364
B000026561,두왕초등학교,초등학교,운영,35.51391445,129.2937934
B000026562,백운호수중학교,중학교,운영,37.37071201,127.006375
B000026563,백운호수초등학교,초등학교,운영,37.37082314,127.0075011
B000026568,풍천풍서초등학교,초등학교,운영,36.57465924,128.4988935
B000026572,솔빛초등학교,초등학교,운영,36.49590842,127.3120142
B000026600,배곧한울초등학교,초등학교,운영,37.36012444,126.7126506
B000026603,시화나래중학교,중학교,운영,37.32465657,126.6785656
B000026604,시화나래초등학교,초등학교,운영,37.32465657,126.6785656
B000026610,한여울초등학교,초등학교,운영,37.36552967,126.8055267
B000026613,호명초등학교,초등학교,운영,36.57881983,128.4794774
B000026614,경북일고등학교,고등학교,운영,36.5789668,128.4852002
B000026619,빛누리초등학교,초등학교,운영,35.02997622,126.7858517
B000026626,신리초등학교,초등학교,운영,36.78662892,127.0238741
B000026648,창릉초등학교,초등학교,운영,37.64831721,126.8932376
B000026652,은월초등학교,초등학교,운영,35.63461073,129.3647526
B000026654,호계중학교,중학교,운영,35.63421792,129.358391
B000026680,면천초등학교,초등학교,운영,36.8178116,126.6626079
B000026683,남양주샛별초등학교,초등학교,운영,37.6660518,127.1293296
B000026684,천마중학교,중학교,운영,37.65616529,127.2767586
B000026689,별가람초등학교,초등학교,운영,37.6541801,127.1242259
B000026692,한별중학교,중학교,운영,37.64880857,127.1188629
B000026693,남양주월산초등학교,초등학교,운영,37.65400023,127.3404193
B000026696,새너울중학교,중학교,운영,36.23697638,127.9030491
B000026699,거제용산초등학교,초등학교,운영,34.86731865,128.6307071
B000026725,해밀초등학교,초등학교,운영,37.71881988,127.1961737
B000026728,용인한얼초등학교,초등학교,운영,37.27087893,127.1222004
B000026745,꽃내중학교,중학교,운영,34.80993573,128.0362864
B000026752,정산중학교,중학교,운영,36.41261092,126.9561688
B000026753,계룡대실초등학교,초등학교,운영,36.26093216,127.2561418
B000026771,한들물빛초등학교,초등학교,운영,36.78351742,127.0843741
B000026772,아산세교초등학교,초등학교,운영,36.77796558,127.0922356
B000026773,이순신초등학교,초등학교,운영,36.78164712,127.0994876
B000026774,한들물빛중학교,중학교,운영,36.78537042,127.0890755
B000026776,이순신고등학교,고등학교,운영,36.78273228,127.0987736
B000026779,산마루초등학교,초등학교,운영,37.63163747,127.1201526
B000026780,갈매중학교,중학교,운영,37.6307988,127.1199091
B000026781,별가람고등학교,고등학교,운영,37.66143761,127.1221742
B000026788,대구국우초등학교,초등학교,운영,35.95582279,128.5856952
B000026797,아산세교중학교,중학교,운영,36.77953145,127.0958804
B000026804,천안희망초등학교,초등학교,운영,36.82605057,127.1540762
B000026846,무안행복초등학교,초등학교,운영,34.80693373,126.4853077
B000026848,무안사랑초등학교,초등학교,운영,34.79705098,126.4784025
B000026849,무안행복중학교,중학교,운영,34.80608664,126.4822915
B000026855,인주중학교,중학교,운영,36.86728192,126.8933977
B000026862,한국바둑중학교,중학교,운영,35.0748151,127.2403264
B000026868,보름초등학교,초등학교,운영,37.59470228,126.7625643
B000026870,아산공수초등학교,초등학교,운영,36.77022413,127.0466466
B000026875,서봉초등학교,초등학교,운영,37.11088968,126.9071893
B000026878,새동초등학교,초등학교,운영,37.207619,126.8361184
B000026881,구미문성중학교,중학교,운영,36.15425052,128.3435526
B000026884,내곡중학교,중학교,운영,37.45200325,127.0544446
B000026906,판교대장초등학교,초등학교,운영,37.36825879,127.0697175
B000026907,판교대장중학교,중학교,운영,37.36827897,127.0697175
B000026910,화천고등학교,고등학교,운영,38.09694119,127.7082684
B000026913,선인국제중학교,중학교,운영,35.30854504,128.1648399
B000026927,나주금천중학교,중학교,운영,35.01469441,126.7975631
B000026936,충남인터넷고등학교,고등학교,운영,36.2066365,127.1893086
B000026945,한울안중학교,중학교,운영,35.66893799,128.4308448
B000026952,의창초등학교,초등학교,운영,35.25371006,128.6295968
B000026957,삼례중학교,중학교,운영,35.91106842,127.0787163
B000026964,무안고등학교,고등학교,운영,34.98164887,126.467027
B000026968,의왕푸른초등학교,초등학교,운영,37.34629393,126.9698404
B000027029,단양소백산중학교,중학교,운영,37.08503143,128.4237823
B000027051,동면초등학교,초등학교,운영,35.320545,129.0686632
B000027052,사송초등학교,초등학교,운영,35.31237391,129.0737155
B000027053,금송초등학교,초등학교,운영,35.30778572,129.0707359
B000027054,사송중학교,중학교,운영,35.31997636,129.0696455
B000027055,금송중학교,중학교,운영,35.30776986,129.0707687
B000027056,사송고등학교,고등학교,운영,35.31205251,129.0737543
B000027060,NLCS JeJu,고등학교,운영,33.29684267,126.2918094
B000027063,한국국제학교,중학교,운영,33.28864617,126.2872199
B000027064,KIS High School,고등학교,운영,33.28864617,126.2872199
B000027070,퇴계초등학교,초등학교,운영,37.85617539,127.731984
B000027076,아산천우물초등학교,초등학교,운영,36.78617651,126.9497775
B000027078,회암초등학교,초등학교,운영,37.83503515,127.0869549
B000027081,옥정초등학교,초등학교,운영,37.82335053,127.0884163
B000027083,옥빛초등학교,초등학교,운영,37.81458312,127.0932335
B000027088,Branksome Hall Asia,고등학교,운영,33.28997179,126.2872649
B000027092,옥정호수초등학교,초등학교,운영,37.82329418,127.0999516
B000027093,율빛초등학교,초등학교,운영,37.81426498,127.1023598
B000027095,율정중학교,중학교,운영,37.8282494,127.0974367
B000027097,옥빛중학교,중학교,운영,37.81457546,127.0957123
B000027099,옥빛고등학교,고등학교,운영,37.81455085,127.091777
B000027108,푸른샘초등학교,초등학교,운영,37.81466123,127.0509241
B000027139,지한초등학교,초등학교,운영,35.0940871,126.9402054
B000027170,마곡하늬중학교,중학교,운영,37.55812766,126.8209848
B000027171,공항고등학교,고등학교,운영,37.57046109,126.8185198
B000027179,광양골약중학교,중학교,운영,34.93469963,127.6722785
B000027183,갈매고등학교,고등학교,운영,37.627385,127.1176504
B000027197,은솔초등학교,초등학교,운영,37.65013079,127.2949886
B000027200,하랑초등학교,초등학교,운영,37.65003598,127.2552349
B000027201,화접중학교,중학교,운영,37.64569642,127.114929
B000027204,다산한강중학교,중학교,운영,37.5992058,127.1753983
B000027207,다산별빛초등학교,초등학교,운영,37.61703531,127.165458
B000027208,다산한강초등학교,초등학교,운영,37.59942956,127.1723793
B000027209,남양주다산고등학교,고등학교,운영,37.62557654,127.1586637
B000027214,남양주다산중학교,중학교,운영,37.62784624,127.1587109
B000027215,다산하늘초등학교,초등학교,운영,37.62791192,127.1465789
B000027216,남양주다산초등학교,초등학교,운영,37.6267008,127.1586798
B000027217,다산가람초등학교,초등학교,운영,37.61962828,127.1490891
B000027218,다산새봄초등학교,초등학교,운영,37.61991629,127.1592158
B000027244,한국창의예술고등학교,고등학교,운영,34.94880756,127.7019096
B000027252,청연초등학교,초등학교,운영,37.24643696,126.8673577
B000027254,신남초등학교,초등학교,운영,37.19138969,126.8177628
B000027255,청연중학교,중학교,운영,37.24217066,126.874230
B000027261,빛가온중학교,중학교,운영,37.41214809,126.8837092
B000027273,아산갈산초등학교,초등학교,운영,36.79387245,127.068606
B000027278,대중금속공업고등학교,고등학교,운영,35.95563216,128.5529842
B000027283,함평학다리고등학교,고등학교,운영,35.0603902,126.5147447
B000027287,나산실용예술중학교,중학교,운영,35.1160458,126.6027188
B000027295,세인트존스베리 아카데미 제주,초등학교,운영,33.28529333,126.2843128
B000027296,세인트존스베리 아카데미 제주,중학교,운영,33.28529333,126.2843128
B000027297,세인트존스베리 아카데미 제주,고등학교,운영,33.28529333,126.2843128
B000027299,수청초등학교,초등학교,운영,36.88903305,126.6520299
B000027300,수청중학교,중학교,운영,36.89028376,126.6520431
B000027317,세종캠퍼스고등학교,고등학교,운영,36.53488093,127.2654973
B000027347,상북중학교,중학교,운영,35.5820685,129.099067
B000027349,거제용소초등학교,초등학교,운영,34.87351135,128.6866837
B000027368,도당중학교,중학교,운영,37.51804734,126.787367
B000027389,동삭중학교,중학교,운영,37.01947742,127.1052777
B000027390,평택서재초등학교,초등학교,운영,37.0182477,127.1039672
B000027396,평택새빛초등학교,초등학교,운영,37.0250819,127.1051136
B000027405,평택화양중학교,중학교,운영,36.98509086,126.906661
B000027408,평택화양초등학교,초등학교,운영,36.98489032,126.9048336
B000027410,평택연화초등학교,초등학교,운영,36.98085727,126.8990058
B000027413,무안희망중학교,중학교,운영,34.7949775772,126.4829907554
B000027415,덕은한강초등학교,초등학교,운영,37.58145736,126.8636597
B000027416,덕은한강중학교,중학교,운영,37.5821167,126.8686089
B000027418,마장초등학교,초등학교,운영,37.25357602,127.3559125
B000027419,복대초등학교,초등학교,운영,36.61414785,127.4299867
B000027429,능평초등학교,초등학교,운영,37.34888072,127.1666655
B000027451,서울양원숲초등학교,초등학교,운영,37.60934379,127.1051943
B000027483,아산갈산중학교,중학교,운영,36.79541831,127.0597608
B000027484,광주예술고등학교,고등학교,운영,35.18631089,126.8878115
B000027488,경북과학고등학교,고등학교,운영,36.01867022,129.3271616
B000027495,태전중학교,중학교,운영,37.38001509,127.2276537
B000027502,삼례동초등학교,초등학교,운영,35.92248787,127.1177604
B000027505,인천중산초등학교,초등학교,운영,37.49471569,126.5653914
B000027506,인천중산중학교,중학교,운영,37.49835809,126.5709929
B000027509,해누리중학교,중학교,운영,37.49824464,127.1021919
B000027512,송탄고등학교,고등학교,운영,37.05266277,127.040013
B000027527,율포초등학교,초등학교,운영,37.04254108,127.0433697
B000027528,종덕초등학교,초등학교,운영,37.05294406,127.0462775
B000027530,민세초등학교,초등학교,운영,37.05536352,127.0400227
B000027537,해창초등학교,초등학교,운영,37.03550398,127.0238664
B000027539,고덕함박초등학교,초등학교,운영,37.03280302,127.0320831
B000027543,민세중학교,중학교,운영,37.05369948,127.0400319
B000027547,고덕초등학교,초등학교,운영,37.04111167,127.0288105
B000027548,해창중학교,중학교,운영,37.03655418,127.0226964
B000027560,김포나진초등학교,초등학교,운영,37.63567646,126.7024824
B000027583,글빛초등학교,초등학교,운영,37.23954453,127.0433337
B000027610,다산새봄중학교,중학교,운영,37.61880373,127.1590195
B000030299,안산해솔초등학교,초등학교,운영,37.2825303,126.8335717
B000030300,금오초등학교,초등학교,운영,35.32204222,129.027763
B000030302,충주대소원중학교,중학교,운영,36.98790015,127.8274338
B000030303,훈민초등학교,초등학교,운영,37.73885594,127.1146943
B000030305,물향기초등학교,초등학교,운영,37.71118163,126.7255462
B000030306,숲노을초등학교,초등학교,운영,37.71272985,126.7110615
B000030308,운정해오름초등학교,초등학교,운영,37.74177037,126.7306484
B000030309,다율초등학교,초등학교,운영,37.73798274,126.7269584
B000030310,다율중학교,중학교,운영,37.73858207,126.7280652
B000030313,별하람초등학교,초등학교,운영,37.7417798,126.7585117
B000030315,운정중앙초등학교,초등학교,운영,37.7227854054,126.7257475297
B000030318,초롱초등학교,초등학교,운영,37.7099875,126.7198866
B000030319,심학중학교,중학교,운영,37.70995457,126.7170875
B000030320,심학고등학교,고등학교,운영,37.71335038,126.7222713
B000030355,비아고등학교,고등학교,운영,35.22274246,126.8363851
B000030397,광교호수중학교,중학교,운영,37.27270031,127.0639887
B000030399,생명중학교,중학교,운영,36.71214657,127.4385489
B000030418,안산해솔중학교,중학교,운영,37.28132907,126.8339796
B000030420,약수초등학교,초등학교,운영,35.65475125,129.3532173
B000030422,복사초등학교,초등학교,운영,37.46731034,126.8079791
B000030423,매교초등학교,초등학교,운영,37.26906043,127.0184466
B000030424,쌍동초등학교,초등학교,운영,37.37728307,127.2896082
B000030425,지효초등학교,초등학교,운영,37.65032906,126.9220106
B000030426,배곧라라초등학교,초등학교,운영,37.3693389,126.7230306
B000030428,거문초등학교,초등학교,운영,34.05615605,127.2964269
B000030430,혜성초등학교,초등학교,운영,36.89584205,126.6518376
B000030433,퇴계중학교,중학교,운영,37.8561017,127.7319366
B000030434,인천청호중학교,중학교,운영,37.53864489,126.6415165
B000030435,조치원중학교,중학교,운영,36.59533156,127.2859004
B000030436,새봄초등학교,초등학교,운영,37.20146282,127.0297732
B000030437,하랑중학교,중학교,운영,37.65003598,127.2552349
B000030439,진영장등초등학교,초등학교,운영,35.31261423,128.7307199
B000030441,반송중학교,중학교,운영,35.23493637,129.1517617
B000030442,반여초등학교,초등학교,운영,35.20272895,129.1294702
B000030447,대광중학교,중학교,운영,38.1830174,127.1053519
B000030455,보개초등학교,초등학교,운영,37.06022412,127.2958052
B000030541,고양장항초등학교,초등학교,운영,37.64860182,126.7542941
B000030544,내덕초등학교,초등학교,운영,35.21199673,128.8223233
B000030549,천안능수초등학교,초등학교,운영,36.77681589,127.1604097
B000030554,대전호수초등학교,초등학교,운영,36.32039889,127.3502127
B000030557,고산초등학교,초등학교,운영,37.72628835,127.1070433
B000030558,훈민중학교,중학교,운영,37.73627429,127.1120174
B000030562,지제초등학교,초등학교,운영,37.0234962,127.0781525
B000030564,와우고등학교,고등학교,운영,37.21952636,126.9668641
B000030566,규장중학교,중학교,운영,37.2425677,127.0202229
B000030567,규장초등학교,초등학교,운영,37.2425677,127.0202121
B000030568,광주예술중학교,중학교,운영,35.18631089,126.8878115
B000030571,경호초등학교,초등학교,운영,34.71697135,127.7279316
B000030576,대전원신흥초등학교복용분교장,초등학교,운영,36.3471355,127.3261494
B000030579,포담초등학교,초등학교,운영,38.00680902,127.2454502
B000030580,전주만성중학교,중학교,운영,35.83673137,127.0654162
B000030582,개포중학교,중학교,운영,37.48078757,127.0616268
B000030583,서울개현초등학교,초등학교,운영,37.48078757,127.0616268
B000030666,배다리중학교,중학교,운영,37.00483365,127.1216313
B000030667,경양초등학교,초등학교,운영,35.18390762,126.8753149
B000030669,도계중학교,중학교,운영,37.23098701,129.0487332
B000030676,연푸른초등학교,초등학교,운영,37.81470052,127.087108
B000030715,내리숲초등학교,초등학교,운영,37.2261718,126.9237352
B000030719,대전복용초등학교,초등학교,운영,36.33513337,127.3275806
B000030720,배곧라라중학교,중학교,운영,37.3693389,126.7230306
B000030721,과천율목중학교,중학교,운영,37.40785863,126.9822609
B000030722,충북체육중학교,중학교,운영,36.76308637,127.4347297
B000030723,산동초등학교,초등학교,운영,36.84638359,127.1043985
B000030724,한국창의예술중학교,중학교,운영,34.94880756,127.7019096
B000030750,대전둔곡초등학교,초등학교,운영,36.45317499,127.3646394
B000030751,대전둔곡중학교,중학교,운영,36.45317499,127.3646394
B000030754,금사초등학교,초등학교,운영,35.21892241,129.1095532
B000030756,하서초등학교,초등학교,운영,35.7174742,126.6262485
B000030758,농소중학교,중학교,운영,35.63129757,129.3545553
B000030796,모종중학교,중학교,운영,36.77901822,127.0273111
B000030806,모담초등학교,초등학교,운영,37.65623241,126.6747061
B000030807,모담중학교,중학교,운영,37.65623241,126.6747635
B000030808,처인초등학교,초등학교,운영,37.1537633,127.1686577
B000030809,처인중학교,중학교,운영,37.1537633,127.1686808
B000030812,인천은송중학교,중학교,운영,37.41613329,126.6302627
B000030814,아산충무고등학교,고등학교,운영,36.92863418,127.053755
B000030815,단재고등학교,고등학교,운영,36.56288516,127.5611581
B000030816,도현중학교,중학교,운영,37.34606329,127.2568644
B000030818,청미르초등학교,초등학교,운영,37.73077313,126.7247089
B000030822,중앙기독고등학교,고등학교,운영,37.27530235,127.0576904
B000030827,울산효문초등학교,초등학교,운영,35.56051208,129.3797503
B000030828,군산영광중학교,중학교,운영,35.98268795,126.7142607
B000030862,내손중학교,중학교,운영,37.38499321,126.9781249
B000030865,대전탄방초등학교용문분교장,초등학교,운영,36.34089244,127.3975004
B000030895,포항해오름중학교,중학교,운영,35.97310434,129.4073954
B000030899,포항펜타초등학교,초등학교,운영,36.05723195,129.309113
B000030900,홍주초등학교,초등학교,운영,36.65195297,126.6765242
B000030906,거제상문중학교,중학교,운영,34.86279386,128.6347465
B000030907,인천달빛초등학교,초등학교,운영,37.48397038,126.5020622
B000030908,군산내흥초등학교,초등학교,운영,35.99467147,126.755846
B000030910,진월초등학교,초등학교,운영,34.99135403,127.7423272
B000030911,진해중학교,중학교,운영,35.15899894,128.6647347
B000030913,용인솔빛초등학교,초등학교,운영,37.2446393,127.1946829
B000030918,금곡중학교,중학교,운영,35.15505629,128.1148092
B000030923,이천중리초등학교,초등학교,운영,37.27153565,127.439614
B000030925,흑석고등학교,고등학교,운영,37.50450342,126.9645287
B000030926,운수초등학교,초등학교,운영,35.14854528,126.7828467
B000030927,지품천초등학교,초등학교,운영,35.98634964,128.0275035
B000030928,인천신검단중학교,초등학교,운영,37.60926532,126.6992891
